config_id,K,c_stratum,tau_hat,c,theta,rho_s,rho_pi,alpha,mu,epsilon,outcome,statistic,interval,span_iterations,n_seeds,mean_signed_change,mean_abs_change,sd_change,se_change,ci95_lo,ci95_hi,t_stat,p_value,q_value,ci_excludes_zero,significant_bh,mean_signed_change_per_iteration,mean_abs_change_per_iteration
K6-high-r00002,6,high,0.503662,2.09631,1.50894,102.495,113.64,0.759814,0.241699,0.314331,delta_cenp,endpoint,T25_T100,75,8,-6.98161e-05,0.000121932,0.000186636,6.59859e-05,-0.000225848,8.62157e-05,-1.05805,0.325174,0.71249,False,False,-9.30881e-07,1.62576e-06
K6-high-r02072,6,high,0.70874,2.53674,1.60386,161.128,102.214,0.193799,0.60498,0.414526,delta_cenp,endpoint,T25_T100,75,8,0.000575484,0.00543424,0.00707221,0.0025004,-0.00533703,0.006488,0.230156,0.824552,0.947837,False,False,7.67312e-06,7.24565e-05
K6-high-r04090,6,high,2.1687,2.68713,1.94663,79.8584,192.478,0.248291,0.770996,0.209741,delta_cenp,endpoint,T25_T100,75,8,0.000723964,0.00287453,0.00433926,0.00153416,-0.00290375,0.00435168,0.471896,0.651357,0.896969,False,False,9.65285e-06,3.83271e-05
K6-high-r06159,6,high,0.974854,2.17957,0.617725,170.405,29.4702,0.0821777,0.443848,0.370142,delta_cenp,endpoint,T25_T100,75,8,0.00562537,0.0158247,0.0210789,0.00745251,-0.011997,0.0232478,0.75483,0.474975,0.827377,False,False,7.5005e-05,0.000210996
K6-high-r08178,6,high,1.9563,2.69519,1.39028,92.29,163.723,0.700928,0.223145,0.381567,delta_cenp,endpoint,T25_T100,75,8,0.00134809,0.00255059,0.00359668,0.00127162,-0.00165881,0.00435499,1.06014,0.324286,0.71249,False,False,1.79745e-05,3.40079e-05
K6-high-r10229,6,high,1.53638,2.85095,2.99604,83.1982,21.4722,0.439014,0.98877,0.1302,delta_cenp,endpoint,T25_T100,75,8,0.000424042,0.00129781,0.00205075,0.000725051,-0.00129043,0.00213851,0.584844,0.577009,0.859973,False,False,5.65389e-06,1.73041e-05
K6-low-r00012,6,low,1.75366,0.721313,2.85894,197.495,16.1401,0.309814,0.741699,0.0893311,delta_cenp,endpoint,T25_T100,75,8,0.000107742,0.000107742,0.00020996,7.42321e-05,-6.77889e-05,0.000283273,1.45142,0.189958,0.650428,False,False,1.43656e-06,1.43656e-06
K6-low-r02027,6,low,2.89624,0.973755,1.26636,137.378,126.589,0.531299,0.972168,0.358276,delta_cenp,endpoint,T25_T100,75,8,0,0,0,0,0,0,0,1,1,False,False,0,0
K6-low-r04112,6,low,1.5437,0.7052,2.62163,32.3584,46.228,0.473291,0.520996,0.322241,delta_cenp,endpoint,T25_T100,75,8,0.000677098,0.00163061,0.00187721,0.000663695,-0.000892291,0.00224649,1.0202,0.341593,0.71249,False,False,9.02798e-06,2.17414e-05
K6-low-r06143,6,low,2.16626,0.616577,1.96772,101.567,170.959,0.19292,0.900879,0.39563,delta_cenp,endpoint,T25_T100,75,8,4.34186e-06,2.47324e-05,5.34877e-05,1.89107e-05,-4.0375e-05,4.90587e-05,0.229597,0.824969,0.947837,False,False,5.78914e-08,3.29765e-07
K6-low-r08201,6,low,2.99146,0.28894,1.05278,21.04,41.8481,0.363428,0.848145,0.361353,delta_cenp,endpoint,T25_T100,75,8,0,0,0,0,0,0,0,1,1,False,False,0,0
K6-low-r10228,6,low,1.75122,0.600464,1.46411,171.704,30.4224,0.141943,0.617676,0.1302,delta_cenp,endpoint,T25_T100,75,8,1.71036e-05,1.71036e-05,4.83761e-05,1.71036e-05,-2.33399e-05,5.7547e-05,1,0.350617,0.71249,False,False,2.28047e-07,2.28047e-07
K6-medium-r00000,6,medium,0.503662,1.28528,1.50894,102.495,113.64,0.759814,0.241699,0.314331,delta_cenp,endpoint,T25_T100,75,8,0.000191804,0.000191804,0.000309679,0.000109488,-6.70934e-05,0.000450702,1.75183,0.123263,0.650428,False,False,2.55739e-06,2.55739e-06
K6-medium-r02040,6,medium,1.33374,1.3175,2.27886,18.6279,53.4644,0.418799,0.35498,0.302026,delta_cenp,endpoint,T25_T100,75,8,0.00285959,0.00940985,0.0140465,0.00496619,-0.0088836,0.0146028,0.57581,0.582773,0.859973,False,False,3.81278e-05,0.000125465
K6-medium-r04088,6,medium,0.918701,1.31213,0.596631,174.858,94.978,0.698291,0.270996,0.389038,delta_cenp,endpoint,T25_T100,75,8,0.00179016,0.00343936,0.00466664,0.00164991,-0.00211125,0.00569157,1.08501,0.313866,0.71249,False,False,2.38688e-05,4.58581e-05
K6-medium-r06128,6,medium,1.54126,1.30408,0.984229,54.0674,24.7095,0.86792,0.650879,0.257642,delta_cenp,endpoint,T25_T100,75,8,-0.00081916,0.00128075,0.00139095,0.000491776,-0.00198202,0.000343704,-1.66572,0.139711,0.650428,False,False,-1.09221e-05,1.70767e-05
K6-medium-r08179,6,medium,2.05396,1.76599,1.99409,168.55,195.906,0.491748,0.766113,0.381567,delta_cenp,endpoint,T25_T100,75,8,-0.00059954,0.00059954,0.000465063,0.000164425,-0.000988342,-0.000210737,-3.64629,0.00821827,0.443786,True,False,-7.99386e-06,7.99386e-06
K6-medium-r10239,6,medium,2.78638,1.47595,1.64604,178.198,118.972,0.889014,0.48877,0.3552,delta_cenp,endpoint,T25_T100,75,8,-9.93612e-05,9.93612e-05,0.000189802,6.71051e-05,-0.000258039,5.93171e-05,-1.48068,0.182239,0.650428,False,False,-1.32482e-06,1.32482e-06
K8-high-r00002,8,high,0.503662,2.09631,1.50894,102.495,113.64,0.759814,0.241699,0.314331,delta_cenp,endpoint,T25_T100,75,8,-1.0274e-05,0.000228121,0.000318411,0.000112575,-0.000276472,0.000255925,-0.0912631,0.92984,1,False,False,-1.36986e-07,3.04161e-06
K8-high-r02072,8,high,0.70874,2.53674,1.60386,161.128,102.214,0.193799,0.60498,0.414526,delta_cenp,endpoint,T25_T100,75,8,-0.00098367,0.00354314,0.00471019,0.00166531,-0.00492149,0.00295415,-0.590684,0.5733,0.859973,False,False,-1.31156e-05,4.72419e-05
K8-high-r04090,8,high,2.1687,2.68713,1.94663,79.8584,192.478,0.248291,0.770996,0.209741,delta_cenp,endpoint,T25_T100,75,8,0.00113562,0.00169807,0.00196159,0.000693527,-0.000504314,0.00277555,1.63745,0.145548,0.650428,False,False,1.51416e-05,2.26409e-05
K8-high-r06159,8,high,0.974854,2.17957,0.617725,170.405,29.4702,0.0821777,0.443848,0.370142,delta_cenp,endpoint,T25_T100,75,8,0.00276584,0.00635112,0.00818005,0.00289208,-0.00407285,0.00960454,0.956349,0.37075,0.715017,False,False,3.68779e-05,8.46816e-05
K8-high-r08178,8,high,1.9563,2.69519,1.39028,92.29,163.723,0.700928,0.223145,0.381567,delta_cenp,endpoint,T25_T100,75,8,-0.000211439,0.00105136,0.00142134,0.00050252,-0.00139971,0.000976832,-0.420758,0.686549,0.896969,False,False,-2.81919e-06,1.40181e-05
K8-high-r10229,8,high,1.53638,2.85095,2.99604,83.1982,21.4722,0.439014,0.98877,0.1302,delta_cenp,endpoint,T25_T100,75,8,-0.000915633,0.00143756,0.0014349,0.000507313,-0.00211524,0.000283971,-1.80487,0.114069,0.650428,False,False,-1.22084e-05,1.91675e-05
K8-low-r00012,8,low,1.75366,0.721313,2.85894,197.495,16.1401,0.309814,0.741699,0.0893311,delta_cenp,endpoint,T25_T100,75,8,-2.26106e-06,3.97862e-06,7.11371e-06,2.51508e-06,-8.20827e-06,3.68616e-06,-0.899001,0.39852,0.742072,False,False,-3.01474e-08,5.30483e-08
K8-low-r02027,8,low,2.89624,0.973755,1.26636,137.378,126.589,0.531299,0.972168,0.358276,delta_cenp,endpoint,T25_T100,75,8,0,0,0,0,0,0,0,1,1,False,False,0,0
K8-low-r04112,8,low,1.5437,0.7052,2.62163,32.3584,46.228,0.473291,0.520996,0.322241,delta_cenp,endpoint,T25_T100,75,8,0.000861383,0.00189471,0.00246693,0.000872193,-0.00120103,0.00292379,0.987606,0.356245,0.71249,False,False,1.14851e-05,2.52628e-05
K8-low-r06143,8,low,2.16626,0.616577,1.96772,101.567,170.959,0.19292,0.900879,0.39563,delta_cenp,endpoint,T25_T100,75,8,5.00915e-05,5.91181e-05,6.85101e-05,2.4222e-05,-7.18432e-06,0.000107367,2.06802,0.0774427,0.650428,False,False,6.67887e-07,7.88242e-07
K8-low-r08201,8,low,2.99146,0.28894,1.05278,21.04,41.8481,0.363428,0.848145,0.361353,delta_cenp,endpoint,T25_T100,75,8,0,0,0,0,0,0,0,1,1,False,False,0,0
K8-low-r10228,8,low,1.75122,0.600464,1.46411,171.704,30.4224,0.141943,0.617676,0.1302,delta_cenp,endpoint,T25_T100,75,8,-2.24236e-06,3.16729e-06,4.71347e-06,1.66646e-06,-6.18291e-06,1.6982e-06,-1.34558,0.220391,0.661172,False,False,-2.98981e-08,4.22306e-08
K8-medium-r00000,8,medium,0.503662,1.28528,1.50894,102.495,113.64,0.759814,0.241699,0.314331,delta_cenp,endpoint,T25_T100,75,8,-0.000158108,0.000158108,0.000247369,8.74582e-05,-0.000364914,4.86974e-05,-1.80782,0.113577,0.650428,False,False,-2.10811e-06,2.10811e-06
K8-medium-r02040,8,medium,1.33374,1.3175,2.27886,18.6279,53.4644,0.418799,0.35498,0.302026,delta_cenp,endpoint,T25_T100,75,8,0.00836692,0.00898165,0.0103023,0.00364241,-0.000246003,0.0169799,2.29709,0.0552278,0.650428,False,False,0.000111559,0.000119755
K8-medium-r04088,8,medium,0.918701,1.31213,0.596631,174.858,94.978,0.698291,0.270996,0.389038,delta_cenp,endpoint,T25_T100,75,8,-0.00109637,0.00202359,0.00256724,0.000907656,-0.00324264,0.00104989,-1.20792,0.2663,0.71249,False,False,-1.46183e-05,2.69813e-05
K8-medium-r06128,8,medium,1.54126,1.30408,0.984229,54.0674,24.7095,0.86792,0.650879,0.257642,delta_cenp,endpoint,T25_T100,75,8,4.80112e-05,0.000920728,0.00121418,0.000429276,-0.000967065,0.00106309,0.111842,0.914088,1,False,False,6.4015e-07,1.22764e-05
K8-medium-r08179,8,medium,2.05396,1.76599,1.99409,168.55,195.906,0.491748,0.766113,0.381567,delta_cenp,endpoint,T25_T100,75,8,0.000366364,0.000564242,0.000653437,0.000231025,-0.000179923,0.000912651,1.58582,0.1568,0.650428,False,False,4.88485e-06,7.52323e-06
K8-medium-r10239,8,medium,2.78638,1.47595,1.64604,178.198,118.972,0.889014,0.48877,0.3552,delta_cenp,endpoint,T25_T100,75,8,-6.56561e-05,6.56561e-05,0.00010196,3.60483e-05,-0.000150897,1.95846e-05,-1.82134,0.11135,0.650428,False,False,-8.75415e-07,8.75415e-07
K9-high-r00002,9,high,0.503662,2.09631,1.50894,102.495,113.64,0.759814,0.241699,0.314331,delta_cenp,endpoint,T25_T100,75,8,-0.000250251,0.000335442,0.000360066,0.000127302,-0.000551274,5.07712e-05,-1.9658,0.0900467,0.650428,False,False,-3.33668e-06,4.47256e-06
K9-high-r02072,9,high,0.70874,2.53674,1.60386,161.128,102.214,0.193799,0.60498,0.414526,delta_cenp,endpoint,T25_T100,75,8,0.0028654,0.00690753,0.0136084,0.0048113,-0.00851151,0.0142423,0.595556,0.570217,0.859973,False,False,3.82053e-05,9.21004e-05
K9-high-r04090,9,high,2.1687,2.68713,1.94663,79.8584,192.478,0.248291,0.770996,0.209741,delta_cenp,endpoint,T25_T100,75,8,-0.000266862,0.00158694,0.00196016,0.000693021,-0.0019056,0.00137187,-0.385071,0.711618,0.896969,False,False,-3.55816e-06,2.11592e-05
K9-high-r06159,9,high,0.974854,2.17957,0.617725,170.405,29.4702,0.0821777,0.443848,0.370142,delta_cenp,endpoint,T25_T100,75,8,-0.00486844,0.0177542,0.0220259,0.00778732,-0.0232825,0.0135456,-0.625175,0.551684,0.859973,False,False,-6.49125e-05,0.000236722
K9-high-r08178,9,high,1.9563,2.69519,1.39028,92.29,163.723,0.700928,0.223145,0.381567,delta_cenp,endpoint,T25_T100,75,8,0.000381177,0.00158128,0.0019411,0.000686281,-0.00124162,0.00200397,0.555423,0.595901,0.859973,False,False,5.08235e-06,2.10837e-05
K9-high-r10229,9,high,1.53638,2.85095,2.99604,83.1982,21.4722,0.439014,0.98877,0.1302,delta_cenp,endpoint,T25_T100,75,8,-8.01175e-05,0.00157255,0.00209809,0.000741787,-0.00183417,0.00167393,-0.108006,0.917022,1,False,False,-1.06823e-06,2.09673e-05
K9-low-r00012,9,low,1.75366,0.721313,2.85894,197.495,16.1401,0.309814,0.741699,0.0893311,delta_cenp,endpoint,T25_T100,75,8,-6.68735e-06,1.21525e-05,1.31241e-05,4.64007e-06,-1.76594e-05,4.28468e-06,-1.44122,0.192719,0.650428,False,False,-8.91647e-08,1.62033e-07
K9-low-r02027,9,low,2.89624,0.973755,1.26636,137.378,126.589,0.531299,0.972168,0.358276,delta_cenp,endpoint,T25_T100,75,8,6.36183e-06,6.36183e-06,1.33485e-05,4.7194e-06,-4.79778e-06,1.75215e-05,1.34802,0.219644,0.661172,False,False,8.48245e-08,8.48245e-08
K9-low-r04112,9,low,1.5437,0.7052,2.62163,32.3584,46.228,0.473291,0.520996,0.322241,delta_cenp,endpoint,T25_T100,75,8,0.000653867,0.00133502,0.00165972,0.000586801,-0.000733697,0.00204143,1.11429,0.301946,0.71249,False,False,8.71823e-06,1.78003e-05
K9-low-r06143,9,low,2.16626,0.616577,1.96772,101.567,170.959,0.19292,0.900879,0.39563,delta_cenp,endpoint,T25_T100,75,8,2.74046e-05,7.9045e-05,9.58653e-05,3.38935e-05,-5.27408e-05,0.00010755,0.80855,0.44538,0.801684,False,False,3.65394e-07,1.05393e-06
K9-low-r08201,9,low,2.99146,0.28894,1.05278,21.04,41.8481,0.363428,0.848145,0.361353,delta_cenp,endpoint,T25_T100,75,8,2.52784e-07,1.5549e-06,2.54786e-06,9.00805e-07,-1.87728e-06,2.38285e-06,0.28062,0.787115,0.944538,False,False,3.37045e-09,2.0732e-08
K9-low-r10228,9,low,1.75122,0.600464,1.46411,171.704,30.4224,0.141943,0.617676,0.1302,delta_cenp,endpoint,T25_T100,75,8,8.19096e-07,5.69954e-06,7.19648e-06,2.54434e-06,-5.19731e-06,6.8355e-06,0.321929,0.756907,0.928932,False,False,1.09213e-08,7.59938e-08
K9-medium-r00000,9,medium,0.503662,1.28528,1.50894,102.495,113.64,0.759814,0.241699,0.314331,delta_cenp,endpoint,T25_T100,75,8,4.70462e-05,0.00015256,0.00024588,8.69315e-05,-0.000158514,0.000252607,0.541186,0.605166,0.859973,False,False,6.27282e-07,2.03414e-06
K9-medium-r02040,9,medium,1.33374,1.3175,2.27886,18.6279,53.4644,0.418799,0.35498,0.302026,delta_cenp,endpoint,T25_T100,75,8,0.00875236,0.0177259,0.0204219,0.00722024,-0.00832079,0.0258255,1.2122,0.264758,0.71249,False,False,0.000116698,0.000236345
K9-medium-r04088,9,medium,0.918701,1.31213,0.596631,174.858,94.978,0.698291,0.270996,0.389038,delta_cenp,endpoint,T25_T100,75,8,-0.00123509,0.00179916,0.00235325,0.000831999,-0.00320246,0.000732274,-1.48449,0.181256,0.650428,False,False,-1.64679e-05,2.39887e-05
K9-medium-r06128,9,medium,1.54126,1.30408,0.984229,54.0674,24.7095,0.86792,0.650879,0.257642,delta_cenp,endpoint,T25_T100,75,8,-0.000123295,0.000759497,0.000910327,0.000321849,-0.000884347,0.000637758,-0.383082,0.713027,0.896969,False,False,-1.64393e-06,1.01266e-05
K9-medium-r08179,9,medium,2.05396,1.76599,1.99409,168.55,195.906,0.491748,0.766113,0.381567,delta_cenp,endpoint,T25_T100,75,8,0.000625467,0.000828105,0.00111069,0.000392688,-0.000303092,0.00155403,1.59278,0.155236,0.650428,False,False,8.33956e-06,1.10414e-05
K9-medium-r10239,9,medium,2.78638,1.47595,1.64604,178.198,118.972,0.889014,0.48877,0.3552,delta_cenp,endpoint,T25_T100,75,8,1.52427e-05,7.2813e-05,0.000113052,3.99701e-05,-7.92715e-05,0.000109757,0.381352,0.714253,0.896969,False,False,2.03236e-07,9.7084e-07
K6-high-r00002,6,high,0.503662,2.09631,1.50894,102.495,113.64,0.759814,0.241699,0.314331,delta_cenp,endpoint,T25_T50,25,8,-8.7765e-05,8.7765e-05,0.00014979,5.29589e-05,-0.000212993,3.74628e-05,-1.65723,0.141441,0.996489,False,False,-3.5106e-06,3.5106e-06
K6-high-r02072,6,high,0.70874,2.53674,1.60386,161.128,102.214,0.193799,0.60498,0.414526,delta_cenp,endpoint,T25_T50,25,8,0.00092774,0.00627064,0.00844146,0.00298451,-0.0061295,0.00798498,0.310852,0.764965,1,False,False,3.71096e-05,0.000250826
K6-high-r04090,6,high,2.1687,2.68713,1.94663,79.8584,192.478,0.248291,0.770996,0.209741,delta_cenp,endpoint,T25_T50,25,8,-0.0014483,0.00431522,0.00531409,0.00187881,-0.00589099,0.00299439,-0.770859,0.466008,1,False,False,-5.79321e-05,0.000172609
K6-high-r06159,6,high,0.974854,2.17957,0.617725,170.405,29.4702,0.0821777,0.443848,0.370142,delta_cenp,endpoint,T25_T50,25,8,-0.00518661,0.00880196,0.011044,0.00390463,-0.0144196,0.00404637,-1.32832,0.22574,0.996489,False,False,-0.000207465,0.000352078
K6-high-r08178,6,high,1.9563,2.69519,1.39028,92.29,163.723,0.700928,0.223145,0.381567,delta_cenp,endpoint,T25_T50,25,8,0.000327543,0.00210803,0.00357926,0.00126546,-0.00266479,0.00331988,0.258833,0.80321,1,False,False,1.31017e-05,8.43213e-05
K6-high-r10229,6,high,1.53638,2.85095,2.99604,83.1982,21.4722,0.439014,0.98877,0.1302,delta_cenp,endpoint,T25_T50,25,8,0.000235205,0.00127863,0.00160523,0.000567534,-0.0011068,0.00157721,0.414432,0.690962,1,False,False,9.40818e-06,5.11452e-05
K6-low-r00012,6,low,1.75366,0.721313,2.85894,197.495,16.1401,0.309814,0.741699,0.0893311,delta_cenp,endpoint,T25_T50,25,8,0,0,0,0,0,0,0,1,1,False,False,0,0
K6-low-r02027,6,low,2.89624,0.973755,1.26636,137.378,126.589,0.531299,0.972168,0.358276,delta_cenp,endpoint,T25_T50,25,8,0,0,0,0,0,0,0,1,1,False,False,0,0
K6-low-r04112,6,low,1.5437,0.7052,2.62163,32.3584,46.228,0.473291,0.520996,0.322241,delta_cenp,endpoint,T25_T50,25,8,0.00165955,0.00314774,0.00422667,0.00149435,-0.00187403,0.00519313,1.11055,0.303449,0.996489,False,False,6.6382e-05,0.000125909
K6-low-r06143,6,low,2.16626,0.616577,1.96772,101.567,170.959,0.19292,0.900879,0.39563,delta_cenp,endpoint,T25_T50,25,8,-1.01953e-05,1.01953e-05,2.88365e-05,1.01953e-05,-3.43032e-05,1.39127e-05,-1,0.350617,0.996489,False,False,-4.0781e-07,4.0781e-07
K6-low-r08201,6,low,2.99146,0.28894,1.05278,21.04,41.8481,0.363428,0.848145,0.361353,delta_cenp,endpoint,T25_T50,25,8,0,0,0,0,0,0,0,1,1,False,False,0,0
K6-low-r10228,6,low,1.75122,0.600464,1.46411,171.704,30.4224,0.141943,0.617676,0.1302,delta_cenp,endpoint,T25_T50,25,8,-8.89122e-06,2.57956e-05,5.75581e-05,2.03499e-05,-5.7011e-05,3.92285e-05,-0.436918,0.675332,1,False,False,-3.55649e-07,1.03182e-06
K6-medium-r00000,6,medium,0.503662,1.28528,1.50894,102.495,113.64,0.759814,0.241699,0.314331,delta_cenp,endpoint,T25_T50,25,8,9.22008e-05,0.000291408,0.000455549,0.000161061,-0.000288647,0.000473049,0.57246,0.584919,1,False,False,3.68803e-06,1.16563e-05
K6-medium-r02040,6,medium,1.33374,1.3175,2.27886,18.6279,53.4644,0.418799,0.35498,0.302026,delta_cenp,endpoint,T25_T50,25,8,-0.000330527,0.0139063,0.01574,0.00556494,-0.0134895,0.0128285,-0.0593946,0.954298,1,False,False,-1.32211e-05,0.000556251
K6-medium-r04088,6,medium,0.918701,1.31213,0.596631,174.858,94.978,0.698291,0.270996,0.389038,delta_cenp,endpoint,T25_T50,25,8,-0.000190307,0.00365727,0.00562343,0.00198818,-0.00489161,0.004511,-0.0957191,0.926426,1,False,False,-7.61229e-06,0.000146291
K6-medium-r06128,6,medium,1.54126,1.30408,0.984229,54.0674,24.7095,0.86792,0.650879,0.257642,delta_cenp,endpoint,T25_T50,25,8,-0.000579353,0.000844981,0.00104739,0.000370308,-0.00145499,0.000296287,-1.56451,0.161675,0.996489,False,False,-2.31741e-05,3.37992e-05
K6-medium-r08179,6,medium,2.05396,1.76599,1.99409,168.55,195.906,0.491748,0.766113,0.381567,delta_cenp,endpoint,T25_T50,25,8,-0.000251799,0.000383873,0.000558303,0.00019739,-0.000718552,0.000214954,-1.27564,0.24278,0.996489,False,False,-1.0072e-05,1.53549e-05
K6-medium-r10239,6,medium,2.78638,1.47595,1.64604,178.198,118.972,0.889014,0.48877,0.3552,delta_cenp,endpoint,T25_T50,25,8,-8.47643e-06,0.0001127,0.000241474,8.53741e-05,-0.000210354,0.000193401,-0.0992858,0.923695,1,False,False,-3.39057e-07,4.50802e-06
K8-high-r00002,8,high,0.503662,2.09631,1.50894,102.495,113.64,0.759814,0.241699,0.314331,delta_cenp,endpoint,T25_T50,25,8,9.57795e-06,0.000233133,0.000345575,0.000122179,-0.00027933,0.000298486,0.0783928,0.939709,1,False,False,3.83118e-07,9.32532e-06
K8-high-r02072,8,high,0.70874,2.53674,1.60386,161.128,102.214,0.193799,0.60498,0.414526,delta_cenp,endpoint,T25_T50,25,8,-0.000778238,0.00267292,0.00354807,0.00125443,-0.0037445,0.00218803,-0.62039,0.554653,1,False,False,-3.11295e-05,0.000106917
K8-high-r04090,8,high,2.1687,2.68713,1.94663,79.8584,192.478,0.248291,0.770996,0.209741,delta_cenp,endpoint,T25_T50,25,8,-0.00052754,0.00242117,0.00284441,0.00100565,-0.00290553,0.00185045,-0.524575,0.616076,1,False,False,-2.11016e-05,9.68467e-05
K8-high-r06159,8,high,0.974854,2.17957,0.617725,170.405,29.4702,0.0821777,0.443848,0.370142,delta_cenp,endpoint,T25_T50,25,8,-0.00046411,0.0080855,0.0116027,0.00410218,-0.0101642,0.009236,-0.113137,0.913098,1,False,False,-1.85644e-05,0.00032342
K8-high-r08178,8,high,1.9563,2.69519,1.39028,92.29,163.723,0.700928,0.223145,0.381567,delta_cenp,endpoint,T25_T50,25,8,0.000147605,0.00108286,0.00141172,0.000499119,-0.00103262,0.00132783,0.295731,0.776015,1,False,False,5.90421e-06,4.33145e-05
K8-high-r10229,8,high,1.53638,2.85095,2.99604,83.1982,21.4722,0.439014,0.98877,0.1302,delta_cenp,endpoint,T25_T50,25,8,0.000388578,0.000848129,0.00109872,0.000388457,-0.000529976,0.00130713,1.00031,0.350475,0.996489,False,False,1.55431e-05,3.39252e-05
K8-low-r00012,8,low,1.75366,0.721313,2.85894,197.495,16.1401,0.309814,0.741699,0.0893311,delta_cenp,endpoint,T25_T50,25,8,-3.87102e-06,5.75757e-06,1.00089e-05,3.5387e-06,-1.22387e-05,4.49667e-06,-1.09391,0.310202,0.996489,False,False,-1.54841e-07,2.30303e-07
K8-low-r02027,8,low,2.89624,0.973755,1.26636,137.378,126.589,0.531299,0.972168,0.358276,delta_cenp,endpoint,T25_T50,25,8,0,0,0,0,0,0,0,1,1,False,False,0,0
K8-low-r04112,8,low,1.5437,0.7052,2.62163,32.3584,46.228,0.473291,0.520996,0.322241,delta_cenp,endpoint,T25_T50,25,8,-0.00153902,0.00286898,0.00388949,0.00137514,-0.00479072,0.00171268,-1.11917,0.299996,0.996489,False,False,-6.15607e-05,0.000114759
K8-low-r06143,8,low,2.16626,0.616577,1.96772,101.567,170.959,0.19292,0.900879,0.39563,delta_cenp,endpoint,T25_T50,25,8,-1.92326e-08,2.95714e-05,4.21258e-05,1.48937e-05,-3.52373e-05,3.51988e-05,-0.00129132,0.999006,1,False,False,-7.69304e-10,1.18286e-06
K8-low-r08201,8,low,2.99146,0.28894,1.05278,21.04,41.8481,0.363428,0.848145,0.361353,delta_cenp,endpoint,T25_T50,25,8,0,0,0,0,0,0,0,1,1,False,False,0,0
K8-low-r10228,8,low,1.75122,0.600464,1.46411,171.704,30.4224,0.141943,0.617676,0.1302,delta_cenp,endpoint,T25_T50,25,8,-1.62734e-06,4.70912e-06,6.95607e-06,2.45934e-06,-7.44276e-06,4.18807e-06,-0.661699,0.529336,1,False,False,-6.50938e-08,1.88365e-07
K8-medium-r00000,8,medium,0.503662,1.28528,1.50894,102.495,113.64,0.759814,0.241699,0.314331,delta_cenp,endpoint,T25_T50,25,8,-7.85745e-05,8.99768e-05,0.000182104,6.43836e-05,-0.000230817,7.36684e-05,-1.22041,0.261821,0.996489,False,False,-3.14298e-06,3.59907e-06
K8-medium-r02040,8,medium,1.33374,1.3175,2.27886,18.6279,53.4644,0.418799,0.35498,0.302026,delta_cenp,endpoint,T25_T50,25,8,0.000835287,0.010103,0.0145153,0.00513194,-0.0112998,0.0129704,0.162763,0.875304,1,False,False,3.34115e-05,0.000404121
K8-medium-r04088,8,medium,0.918701,1.31213,0.596631,174.858,94.978,0.698291,0.270996,0.389038,delta_cenp,endpoint,T25_T50,25,8,-0.000721767,0.00327725,0.00390277,0.00137984,-0.00398457,0.00254103,-0.523081,0.617062,1,False,False,-2.88707e-05,0.00013109
K8-medium-r06128,8,medium,1.54126,1.30408,0.984229,54.0674,24.7095,0.86792,0.650879,0.257642,delta_cenp,endpoint,T25_T50,25,8,-0.000116822,0.0011259,0.00149162,0.000527367,-0.00136385,0.0011302,-0.221519,0.831012,1,False,False,-4.67287e-06,4.50362e-05
K8-medium-r08179,8,medium,2.05396,1.76599,1.99409,168.55,195.906,0.491748,0.766113,0.381567,delta_cenp,endpoint,T25_T50,25,8,0.000409777,0.000523985,0.000551253,0.000194897,-5.10826e-05,0.000870636,2.10252,0.0735964,0.996489,False,False,1.63911e-05,2.09594e-05
K8-medium-r10239,8,medium,2.78638,1.47595,1.64604,178.198,118.972,0.889014,0.48877,0.3552,delta_cenp,endpoint,T25_T50,25,8,-2.70483e-05,2.70483e-05,7.65041e-05,2.70483e-05,-9.10073e-05,3.69107e-05,-1,0.350617,0.996489,False,False,-1.08193e-06,1.08193e-06
K9-high-r00002,9,high,0.503662,2.09631,1.50894,102.495,113.64,0.759814,0.241699,0.314331,delta_cenp,endpoint,T25_T50,25,8,-0.000219144,0.000296405,0.000306452,0.000108347,-0.000475344,3.70562e-05,-2.02261,0.0828107,0.996489,False,False,-8.76576e-06,1.18562e-05
K9-high-r02072,9,high,0.70874,2.53674,1.60386,161.128,102.214,0.193799,0.60498,0.414526,delta_cenp,endpoint,T25_T50,25,8,0.000153785,0.00314623,0.00441776,0.00156191,-0.00353955,0.00384712,0.0984593,0.924328,1,False,False,6.15139e-06,0.000125849
K9-high-r04090,9,high,2.1687,2.68713,1.94663,79.8584,192.478,0.248291,0.770996,0.209741,delta_cenp,endpoint,T25_T50,25,8,-0.00102224,0.00188827,0.00195078,0.000689706,-0.00265314,0.000608656,-1.48214,0.181862,0.996489,False,False,-4.08896e-05,7.55306e-05
K9-high-r06159,9,high,0.974854,2.17957,0.617725,170.405,29.4702,0.0821777,0.443848,0.370142,delta_cenp,endpoint,T25_T50,25,8,-0.0023804,0.0218736,0.0254028,0.00898123,-0.0236176,0.0188568,-0.265042,0.798612,1,False,False,-9.52161e-05,0.000874945
K9-high-r08178,9,high,1.9563,2.69519,1.39028,92.29,163.723,0.700928,0.223145,0.381567,delta_cenp,endpoint,T25_T50,25,8,-0.00074715,0.00184087,0.00317457,0.00112238,-0.00340116,0.00190686,-0.665683,0.526933,1,False,False,-2.9886e-05,7.36349e-05
K9-high-r10229,9,high,1.53638,2.85095,2.99604,83.1982,21.4722,0.439014,0.98877,0.1302,delta_cenp,endpoint,T25_T50,25,8,-0.000285632,0.00119273,0.00142692,0.000504492,-0.00147857,0.000907303,-0.566177,0.588956,1,False,False,-1.14253e-05,4.77091e-05
K9-low-r00012,9,low,1.75366,0.721313,2.85894,197.495,16.1401,0.309814,0.741699,0.0893311,delta_cenp,endpoint,T25_T50,25,8,5.09194e-06,9.21667e-06,1.19424e-05,4.22228e-06,-4.89217e-06,1.50761e-05,1.20597,0.267004,0.996489,False,False,2.03678e-07,3.68667e-07
K9-low-r02027,9,low,2.89624,0.973755,1.26636,137.378,126.589,0.531299,0.972168,0.358276,delta_cenp,endpoint,T25_T50,25,8,1.77864e-06,7.73269e-06,1.6858e-05,5.96021e-06,-1.2315e-05,1.58723e-05,0.298419,0.774047,1,False,False,7.11456e-08,3.09308e-07
K9-low-r04112,9,low,1.5437,0.7052,2.62163,32.3584,46.228,0.473291,0.520996,0.322241,delta_cenp,endpoint,T25_T50,25,8,0.000259787,0.00109639,0.00196916,0.000696204,-0.00138647,0.00190605,0.373148,0.720081,1,False,False,1.03915e-05,4.38558e-05
K9-low-r06143,9,low,2.16626,0.616577,1.96772,101.567,170.959,0.19292,0.900879,0.39563,delta_cenp,endpoint,T25_T50,25,8,4.47154e-07,3.99236e-05,5.53261e-05,1.95607e-05,-4.58066e-05,4.67009e-05,0.0228598,0.9824,1,False,False,1.78862e-08,1.59695e-06
K9-low-r08201,9,low,2.99146,0.28894,1.05278,21.04,41.8481,0.363428,0.848145,0.361353,delta_cenp,endpoint,T25_T50,25,8,-2.76975e-06,3.45429e-06,5.9654e-06,2.10909e-06,-7.75695e-06,2.21745e-06,-1.31324,0.230508,0.996489,False,False,-1.1079e-07,1.38172e-07
K9-low-r10228,9,low,1.75122,0.600464,1.46411,171.704,30.4224,0.141943,0.617676,0.1302,delta_cenp,endpoint,T25_T50,25,8,4.74613e-06,6.45128e-06,1.13006e-05,3.99535e-06,-4.70138e-06,1.41936e-05,1.18791,0.273606,0.996489,False,False,1.89845e-07,2.58051e-07
K9-medium-r00000,9,medium,0.503662,1.28528,1.50894,102.495,113.64,0.759814,0.241699,0.314331,delta_cenp,endpoint,T25_T50,25,8,2.24944e-05,2.24944e-05,6.36239e-05,2.24944e-05,-3.06965e-05,7.56853e-05,1,0.350617,0.996489,False,False,8.99777e-07,8.99777e-07
K9-medium-r02040,9,medium,1.33374,1.3175,2.27886,18.6279,53.4644,0.418799,0.35498,0.302026,delta_cenp,endpoint,T25_T50,25,8,-0.00233004,0.0165391,0.0212569,0.00751545,-0.0201013,0.0154412,-0.310034,0.765562,1,False,False,-9.32017e-05,0.000661564
K9-medium-r04088,9,medium,0.918701,1.31213,0.596631,174.858,94.978,0.698291,0.270996,0.389038,delta_cenp,endpoint,T25_T50,25,8,0.00073154,0.00258665,0.00294758,0.00104213,-0.0017327,0.00319578,0.701968,0.505363,1,False,False,2.92616e-05,0.000103466
K9-medium-r06128,9,medium,1.54126,1.30408,0.984229,54.0674,24.7095,0.86792,0.650879,0.257642,delta_cenp,endpoint,T25_T50,25,8,8.47392e-05,0.000836318,0.00110551,0.000390856,-0.000839489,0.00100897,0.216804,0.834544,1,False,False,3.38957e-06,3.34527e-05
K9-medium-r08179,9,medium,2.05396,1.76599,1.99409,168.55,195.906,0.491748,0.766113,0.381567,delta_cenp,endpoint,T25_T50,25,8,-0.000618779,0.00118976,0.00155211,0.000548754,-0.00191638,0.000678817,-1.12761,0.296648,0.996489,False,False,-2.47512e-05,4.75902e-05
K9-medium-r10239,9,medium,2.78638,1.47595,1.64604,178.198,118.972,0.889014,0.48877,0.3552,delta_cenp,endpoint,T25_T50,25,8,-2.49831e-07,9.38353e-05,0.000130863,4.62669e-05,-0.000109654,0.000109154,-0.00539979,0.995842,1,False,False,-9.99326e-09,3.75341e-06
K6-high-r00002,6,high,0.503662,2.09631,1.50894,102.495,113.64,0.759814,0.241699,0.314331,delta_cenp,endpoint,T50_T100,50,8,1.79489e-05,0.000132579,0.000234639,8.29574e-05,-0.000178214,0.000214112,0.216363,0.834875,0.979873,False,False,3.58979e-07,2.65158e-06
K6-high-r02072,6,high,0.70874,2.53674,1.60386,161.128,102.214,0.193799,0.60498,0.414526,delta_cenp,endpoint,T50_T100,50,8,-0.000352257,0.00709693,0.00923113,0.0032637,-0.00806968,0.00736517,-0.107932,0.917078,0.990445,False,False,-7.04513e-06,0.000141939
K6-high-r04090,6,high,2.1687,2.68713,1.94663,79.8584,192.478,0.248291,0.770996,0.209741,delta_cenp,endpoint,T50_T100,50,8,0.00217227,0.0037877,0.00401872,0.00142083,-0.00118747,0.005532,1.52887,0.170143,0.666682,False,False,4.34453e-05,7.57541e-05
K6-high-r06159,6,high,0.974854,2.17957,0.617725,170.405,29.4702,0.0821777,0.443848,0.370142,delta_cenp,endpoint,T50_T100,50,8,0.010812,0.0144908,0.0195044,0.00689584,-0.00549408,0.0271181,1.5679,0.160891,0.666682,False,False,0.00021624,0.000289815
K6-high-r08178,6,high,1.9563,2.69519,1.39028,92.29,163.723,0.700928,0.223145,0.381567,delta_cenp,endpoint,T50_T100,50,8,0.00102054,0.00383286,0.00538643,0.00190439,-0.00348262,0.00552371,0.535891,0.608633,0.9307,False,False,2.04109e-05,7.66571e-05
K6-high-r10229,6,high,1.53638,2.85095,2.99604,83.1982,21.4722,0.439014,0.98877,0.1302,delta_cenp,endpoint,T50_T100,50,8,0.000188837,0.00117922,0.00148738,0.000525869,-0.00105465,0.00143232,0.359095,0.730111,0.945935,False,False,3.77674e-06,2.35845e-05
K6-low-r00012,6,low,1.75366,0.721313,2.85894,197.495,16.1401,0.309814,0.741699,0.0893311,delta_cenp,endpoint,T50_T100,50,8,0.000107742,0.000107742,0.00020996,7.42321e-05,-6.77889e-05,0.000283273,1.45142,0.189958,0.666682,False,False,2.15484e-06,2.15484e-06
K6-low-r02027,6,low,2.89624,0.973755,1.26636,137.378,126.589,0.531299,0.972168,0.358276,delta_cenp,endpoint,T50_T100,50,8,0,0,0,0,0,0,0,1,1,False,False,0,0
K6-low-r04112,6,low,1.5437,0.7052,2.62163,32.3584,46.228,0.473291,0.520996,0.322241,delta_cenp,endpoint,T50_T100,50,8,-0.000982452,0.0033212,0.00429049,0.00151692,-0.00456939,0.00260449,-0.647663,0.537857,0.88013,False,False,-1.9649e-05,6.64241e-05
K6-low-r06143,6,low,2.16626,0.616577,1.96772,101.567,170.959,0.19292,0.900879,0.39563,delta_cenp,endpoint,T50_T100,50,8,1.45371e-05,1.45371e-05,4.11172e-05,1.45371e-05,-1.98377e-05,4.89119e-05,1,0.350617,0.757332,False,False,2.90742e-07,2.90742e-07
K6-low-r08201,6,low,2.99146,0.28894,1.05278,21.04,41.8481,0.363428,0.848145,0.361353,delta_cenp,endpoint,T50_T100,50,8,0,0,0,0,0,0,0,1,1,False,False,0,0
K6-low-r10228,6,low,1.75122,0.600464,1.46411,171.704,30.4224,0.141943,0.617676,0.1302,delta_cenp,endpoint,T50_T100,50,8,2.59948e-05,2.59948e-05,5.15962e-05,1.8242e-05,-1.71407e-05,6.91302e-05,1.425,0.197182,0.666682,False,False,5.19896e-07,5.19896e-07
K6-medium-r00000,6,medium,0.503662,1.28528,1.50894,102.495,113.64,0.759814,0.241699,0.314331,delta_cenp,endpoint,T50_T100,50,8,9.96035e-05,9.96035e-05,0.000260685,9.21659e-05,-0.000118334,0.000317541,1.0807,0.315652,0.757332,False,False,1.99207e-06,1.99207e-06
K6-medium-r02040,6,medium,1.33374,1.3175,2.27886,18.6279,53.4644,0.418799,0.35498,0.302026,delta_cenp,endpoint,T50_T100,50,8,0.00319011,0.0151302,0.0189755,0.00670886,-0.0126738,0.019054,0.475507,0.648906,0.945935,False,False,6.38023e-05,0.000302603
K6-medium-r04088,6,medium,0.918701,1.31213,0.596631,174.858,94.978,0.698291,0.270996,0.389038,delta_cenp,endpoint,T50_T100,50,8,0.00198047,0.00388529,0.00522607,0.00184769,-0.00238863,0.00634957,1.07186,0.31934,0.757332,False,False,3.96094e-05,7.77057e-05
K6-medium-r06128,6,medium,1.54126,1.30408,0.984229,54.0674,24.7095,0.86792,0.650879,0.257642,delta_cenp,endpoint,T50_T100,50,8,-0.000239807,0.000678138,0.000958537,0.000338894,-0.00104116,0.000561549,-0.707618,0.502055,0.88013,False,False,-4.79615e-06,1.35628e-05
K6-medium-r08179,6,medium,2.05396,1.76599,1.99409,168.55,195.906,0.491748,0.766113,0.381567,delta_cenp,endpoint,T50_T100,50,8,-0.000347741,0.00049342,0.000634059,0.000224174,-0.000877827,0.000182346,-1.55121,0.164789,0.666682,False,False,-6.95482e-06,9.86841e-06
K6-medium-r10239,6,medium,2.78638,1.47595,1.64604,178.198,118.972,0.889014,0.48877,0.3552,delta_cenp,endpoint,T50_T100,50,8,-9.08848e-05,9.08848e-05,0.000170686,6.03465e-05,-0.000233581,5.18119e-05,-1.50605,0.175777,0.666682,False,False,-1.8177e-06,1.8177e-06
K8-high-r00002,8,high,0.503662,2.09631,1.50894,102.495,113.64,0.759814,0.241699,0.314331,delta_cenp,endpoint,T50_T100,50,8,-1.98519e-05,0.000192156,0.000236162,8.34959e-05,-0.000217288,0.000177584,-0.237759,0.818877,0.979873,False,False,-3.97039e-07,3.84312e-06
K8-high-r02072,8,high,0.70874,2.53674,1.60386,161.128,102.214,0.193799,0.60498,0.414526,delta_cenp,endpoint,T50_T100,50,8,-0.000205432,0.003601,0.00528966,0.00187018,-0.0046277,0.00421684,-0.109846,0.915614,0.990445,False,False,-4.10864e-06,7.202e-05
K8-high-r04090,8,high,2.1687,2.68713,1.94663,79.8584,192.478,0.248291,0.770996,0.209741,delta_cenp,endpoint,T50_T100,50,8,0.00166316,0.00221724,0.00204915,0.000724483,-4.99724e-05,0.00337629,2.29565,0.0553449,0.666682,False,False,3.32631e-05,4.43448e-05
K8-high-r06159,8,high,0.974854,2.17957,0.617725,170.405,29.4702,0.0821777,0.443848,0.370142,delta_cenp,endpoint,T50_T100,50,8,0.00322995,0.0127911,0.0170992,0.0060455,-0.0110654,0.0175253,0.534274,0.609693,0.9307,False,False,6.45991e-05,0.000255821
K8-high-r08178,8,high,1.9563,2.69519,1.39028,92.29,163.723,0.700928,0.223145,0.381567,delta_cenp,endpoint,T50_T100,50,8,-0.000359044,0.00116747,0.00153104,0.000541304,-0.00163902,0.000920936,-0.663296,0.528372,0.88013,False,False,-7.18089e-06,2.33495e-05
K8-high-r10229,8,high,1.53638,2.85095,2.99604,83.1982,21.4722,0.439014,0.98877,0.1302,delta_cenp,endpoint,T50_T100,50,8,-0.00130421,0.00194043,0.00184365,0.000651829,-0.00284554,0.00023712,-2.00085,0.0855123,0.666682,False,False,-2.60842e-05,3.88086e-05
K8-low-r00012,8,low,1.75366,0.721313,2.85894,197.495,16.1401,0.309814,0.741699,0.0893311,delta_cenp,endpoint,T50_T100,50,8,1.60996e-06,3.48768e-06,6.10933e-06,2.15997e-06,-3.49757e-06,6.71748e-06,0.74536,0.480327,0.88013,False,False,3.21991e-08,6.97535e-08
K8-low-r02027,8,low,2.89624,0.973755,1.26636,137.378,126.589,0.531299,0.972168,0.358276,delta_cenp,endpoint,T50_T100,50,8,0,0,0,0,0,0,0,1,1,False,False,0,0
K8-low-r04112,8,low,1.5437,0.7052,2.62163,32.3584,46.228,0.473291,0.520996,0.322241,delta_cenp,endpoint,T50_T100,50,8,0.0024004,0.00344114,0.00515853,0.00182382,-0.00191224,0.00671304,1.31614,0.229585,0.666682,False,False,4.8008e-05,6.88229e-05
K8-low-r06143,8,low,2.16626,0.616577,1.96772,101.567,170.959,0.19292,0.900879,0.39563,delta_cenp,endpoint,T50_T100,50,8,5.01108e-05,5.96474e-05,7.73747e-05,2.73561e-05,-1.45761e-05,0.000114798,1.8318,0.109656,0.666682,False,False,1.00222e-06,1.19295e-06
K8-low-r08201,8,low,2.99146,0.28894,1.05278,21.04,41.8481,0.363428,0.848145,0.361353,delta_cenp,endpoint,T50_T100,50,8,0,0,0,0,0,0,0,1,1,False,False,0,0
K8-low-r10228,8,low,1.75122,0.600464,1.46411,171.704,30.4224,0.141943,0.617676,0.1302,delta_cenp,endpoint,T50_T100,50,8,-6.15011e-07,3.39133e-06,7.09791e-06,2.50949e-06,-6.54901e-06,5.31899e-06,-0.245074,0.813429,0.979873,False,False,-1.23002e-08,6.78265e-08
K8-medium-r00000,8,medium,0.503662,1.28528,1.50894,102.495,113.64,0.759814,0.241699,0.314331,delta_cenp,endpoint,T50_T100,50,8,-7.95338e-05,7.95338e-05,0.000224956,7.95338e-05,-0.000267601,0.000108534,-1,0.350617,0.757332,False,False,-1.59068e-06,1.59068e-06
K8-medium-r02040,8,medium,1.33374,1.3175,2.27886,18.6279,53.4644,0.418799,0.35498,0.302026,delta_cenp,endpoint,T50_T100,50,8,0.00753164,0.014346,0.0162486,0.00574476,-0.00605257,0.0211158,1.31104,0.231211,0.666682,False,False,0.000150633,0.000286921
K8-medium-r04088,8,medium,0.918701,1.31213,0.596631,174.858,94.978,0.698291,0.270996,0.389038,delta_cenp,endpoint,T50_T100,50,8,-0.000374607,0.00125366,0.00154115,0.000544877,-0.00166304,0.000913823,-0.687508,0.51389,0.88013,False,False,-7.49215e-06,2.50731e-05
K8-medium-r06128,8,medium,1.54126,1.30408,0.984229,54.0674,24.7095,0.86792,0.650879,0.257642,delta_cenp,endpoint,T50_T100,50,8,0.000164833,0.00106885,0.00126083,0.000445771,-0.000889249,0.00121891,0.36977,0.722487,0.945935,False,False,3.29666e-06,2.1377e-05
K8-medium-r08179,8,medium,2.05396,1.76599,1.99409,168.55,195.906,0.491748,0.766113,0.381567,delta_cenp,endpoint,T50_T100,50,8,-4.34124e-05,0.00075184,0.000907817,0.000320962,-0.000802366,0.000715542,-0.135257,0.896216,0.990445,False,False,-8.68249e-07,1.50368e-05
K8-medium-r10239,8,medium,2.78638,1.47595,1.64604,178.198,118.972,0.889014,0.48877,0.3552,delta_cenp,endpoint,T50_T100,50,8,-3.86079e-05,3.86079e-05,8.32459e-05,2.94319e-05,-0.000108203,3.09875e-05,-1.31177,0.230979,0.666682,False,False,-7.72157e-07,7.72157e-07
K9-high-r00002,9,high,0.503662,2.09631,1.50894,102.495,113.64,0.759814,0.241699,0.314331,delta_cenp,endpoint,T50_T100,50,8,-3.11073e-05,0.00033327,0.000457177,0.000161637,-0.000413317,0.000351102,-0.192452,0.852852,0.979873,False,False,-6.22146e-07,6.6654e-06
K9-high-r02072,9,high,0.70874,2.53674,1.60386,161.128,102.214,0.193799,0.60498,0.414526,delta_cenp,endpoint,T50_T100,50,8,0.00271161,0.00587835,0.0105245,0.00372096,-0.00608706,0.0115103,0.72874,0.489817,0.88013,False,False,5.42323e-05,0.000117567
K9-high-r04090,9,high,2.1687,2.68713,1.94663,79.8584,192.478,0.248291,0.770996,0.209741,delta_cenp,endpoint,T50_T100,50,8,0.000755378,0.00174284,0.0021086,0.000745501,-0.00100745,0.00251821,1.01325,0.344677,0.757332,False,False,1.51076e-05,3.48569e-05
K9-high-r06159,9,high,0.974854,2.17957,0.617725,170.405,29.4702,0.0821777,0.443848,0.370142,delta_cenp,endpoint,T50_T100,50,8,-0.00248803,0.0140541,0.0164615,0.00582002,-0.0162502,0.0112741,-0.427496,0.681861,0.945935,False,False,-4.97606e-05,0.000281083
K9-high-r08178,9,high,1.9563,2.69519,1.39028,92.29,163.723,0.700928,0.223145,0.381567,delta_cenp,endpoint,T50_T100,50,8,0.00112833,0.00205535,0.00230543,0.000815093,-0.000799062,0.00305572,1.38429,0.208791,0.666682,False,False,2.25665e-05,4.11071e-05
K9-high-r10229,9,high,1.53638,2.85095,2.99604,83.1982,21.4722,0.439014,0.98877,0.1302,delta_cenp,endpoint,T50_T100,50,8,0.000205515,0.00108832,0.00151754,0.000536533,-0.00106318,0.00147421,0.383042,0.713055,0.945935,False,False,4.11029e-06,2.17664e-05
K9-low-r00012,9,low,1.75366,0.721313,2.85894,197.495,16.1401,0.309814,0.741699,0.0893311,delta_cenp,endpoint,T50_T100,50,8,-1.17793e-05,1.17793e-05,1.42298e-05,5.031e-06,-2.36757e-05,1.17138e-07,-2.34134,0.0517427,0.666682,False,False,-2.35586e-07,2.35586e-07
K9-low-r02027,9,low,2.89624,0.973755,1.26636,137.378,126.589,0.531299,0.972168,0.358276,delta_cenp,endpoint,T50_T100,50,8,4.58319e-06,4.58319e-06,8.64191e-06,3.05538e-06,-2.64163e-06,1.1808e-05,1.50004,0.177288,0.666682,False,False,9.16639e-08,9.16639e-08
K9-low-r04112,9,low,1.5437,0.7052,2.62163,32.3584,46.228,0.473291,0.520996,0.322241,delta_cenp,endpoint,T50_T100,50,8,0.00039408,0.00101201,0.00126725,0.00044804,-0.000665366,0.00145353,0.879565,0.408274,0.847953,False,False,7.8816e-06,2.02403e-05
K9-low-r06143,9,low,2.16626,0.616577,1.96772,101.567,170.959,0.19292,0.900879,0.39563,delta_cenp,endpoint,T50_T100,50,8,2.69574e-05,4.38613e-05,6.06213e-05,2.14329e-05,-2.37232e-05,7.76381e-05,1.25776,0.24881,0.671788,False,False,5.39149e-07,8.77226e-07
K9-low-r08201,9,low,2.99146,0.28894,1.05278,21.04,41.8481,0.363428,0.848145,0.361353,delta_cenp,endpoint,T50_T100,50,8,3.02253e-06,3.66627e-06,6.57313e-06,2.32395e-06,-2.47274e-06,8.5178e-06,1.3006,0.234573,0.666682,False,False,6.04506e-08,7.33254e-08
K9-low-r10228,9,low,1.75122,0.600464,1.46411,171.704,30.4224,0.141943,0.617676,0.1302,delta_cenp,endpoint,T50_T100,50,8,-3.92704e-06,8.40956e-06,1.44775e-05,5.11856e-06,-1.60305e-05,8.17644e-06,-0.767214,0.468037,0.88013,False,False,-7.85407e-08,1.68191e-07
K9-medium-r00000,9,medium,0.503662,1.28528,1.50894,102.495,113.64,0.759814,0.241699,0.314331,delta_cenp,endpoint,T50_T100,50,8,2.45517e-05,0.000130066,0.000212377,7.50867e-05,-0.000153,0.000202104,0.326978,0.753244,0.945935,False,False,4.91035e-07,2.60132e-06
K9-medium-r02040,9,medium,1.33374,1.3175,2.27886,18.6279,53.4644,0.418799,0.35498,0.302026,delta_cenp,endpoint,T50_T100,50,8,0.0110824,0.017383,0.02021,0.0071453,-0.00581355,0.0279784,1.55101,0.164837,0.666682,False,False,0.000221648,0.000347659
K9-medium-r04088,9,medium,0.918701,1.31213,0.596631,174.858,94.978,0.698291,0.270996,0.389038,delta_cenp,endpoint,T50_T100,50,8,-0.00196663,0.00265927,0.00242146,0.000856116,-0.00399102,5.7761e-05,-2.29716,0.0552221,0.666682,False,False,-3.93326e-05,5.31854e-05
K9-medium-r06128,9,medium,1.54126,1.30408,0.984229,54.0674,24.7095,0.86792,0.650879,0.257642,delta_cenp,endpoint,T50_T100,50,8,-0.000208034,0.00103053,0.00113607,0.000401661,-0.00115781,0.000741743,-0.517934,0.620466,0.9307,False,False,-4.16068e-06,2.06105e-05
K9-medium-r08179,9,medium,2.05396,1.76599,1.99409,168.55,195.906,0.491748,0.766113,0.381567,delta_cenp,endpoint,T50_T100,50,8,0.00124425,0.00125059,0.00135011,0.000477336,0.000115525,0.00237297,2.60665,0.0350842,0.666682,True,False,2.48849e-05,2.50119e-05
K9-medium-r10239,9,medium,2.78638,1.47595,1.64604,178.198,118.972,0.889014,0.48877,0.3552,delta_cenp,endpoint,T50_T100,50,8,1.54925e-05,5.90455e-05,0.000129463,4.5772e-05,-9.27411e-05,0.000123726,0.338471,0.744934,0.945935,False,False,3.0985e-07,1.18091e-06
K6-high-r00002,6,high,0.503662,2.09631,1.50894,102.495,113.64,0.759814,0.241699,0.314331,delta_cenp,tail,T25_T100,75,8,-2.79582e-05,3.38816e-05,4.80327e-05,1.69821e-05,-6.81146e-05,1.21981e-05,-1.64633,0.143689,0.72154,False,False,-3.72776e-07,4.51755e-07
K6-high-r02072,6,high,0.70874,2.53674,1.60386,161.128,102.214,0.193799,0.60498,0.414526,delta_cenp,tail,T25_T100,75,8,0.000217161,0.00256978,0.00316761,0.00111992,-0.00243103,0.00286535,0.193908,0.851755,1,False,False,2.89548e-06,3.42637e-05
K6-high-r04090,6,high,2.1687,2.68713,1.94663,79.8584,192.478,0.248291,0.770996,0.209741,delta_cenp,tail,T25_T100,75,8,-2.65521e-05,0.000858825,0.0010713,0.000378763,-0.000922184,0.00086908,-0.0701022,0.946073,1,False,False,-3.54028e-07,1.1451e-05
K6-high-r06159,6,high,0.974854,2.17957,0.617725,170.405,29.4702,0.0821777,0.443848,0.370142,delta_cenp,tail,T25_T100,75,8,0.00320472,0.00895217,0.013189,0.00466303,-0.00782159,0.014231,0.687262,0.514036,0.81641,False,False,4.27296e-05,0.000119362
K6-high-r08178,6,high,1.9563,2.69519,1.39028,92.29,163.723,0.700928,0.223145,0.381567,delta_cenp,tail,T25_T100,75,8,-1.81086e-06,0.00093102,0.00111739,0.000395058,-0.000935976,0.000932354,-0.00458378,0.996471,1,False,False,-2.41448e-08,1.24136e-05
K6-high-r10229,6,high,1.53638,2.85095,2.99604,83.1982,21.4722,0.439014,0.98877,0.1302,delta_cenp,tail,T25_T100,75,8,9.89769e-06,0.000201177,0.000231339,8.17906e-05,-0.000183506,0.000203302,0.121013,0.907081,1,False,False,1.31969e-07,2.68236e-06
K6-low-r00012,6,low,1.75366,0.721313,2.85894,197.495,16.1401,0.309814,0.741699,0.0893311,delta_cenp,tail,T25_T100,75,8,1.80387e-05,2.40842e-05,3.49328e-05,1.23506e-05,-1.11659e-05,4.72433e-05,1.46055,0.187519,0.72154,False,False,2.40516e-07,3.21123e-07
K6-low-r02027,6,low,2.89624,0.973755,1.26636,137.378,126.589,0.531299,0.972168,0.358276,delta_cenp,tail,T25_T100,75,8,0,0,0,0,0,0,0,1,1,False,False,0,0
K6-low-r04112,6,low,1.5437,0.7052,2.62163,32.3584,46.228,0.473291,0.520996,0.322241,delta_cenp,tail,T25_T100,75,8,-0.000191567,0.000657798,0.00105027,0.000371327,-0.00106962,0.000686482,-0.515897,0.621817,0.883634,False,False,-2.55422e-06,8.77064e-06
K6-low-r06143,6,low,2.16626,0.616577,1.96772,101.567,170.959,0.19292,0.900879,0.39563,delta_cenp,tail,T25_T100,75,8,-1.6121e-05,2.05816e-05,4.20144e-05,1.48543e-05,-5.12459e-05,1.90039e-05,-1.08527,0.313756,0.770129,False,False,-2.14947e-07,2.74422e-07
K6-low-r08201,6,low,2.99146,0.28894,1.05278,21.04,41.8481,0.363428,0.848145,0.361353,delta_cenp,tail,T25_T100,75,8,0,0,0,0,0,0,0,1,1,False,False,0,0
K6-low-r10228,6,low,1.75122,0.600464,1.46411,171.704,30.4224,0.141943,0.617676,0.1302,delta_cenp,tail,T25_T100,75,8,-5.34801e-06,6.84144e-06,1.31324e-05,4.64299e-06,-1.63269e-05,5.63092e-06,-1.15185,0.287201,0.756471,False,False,-7.13068e-08,9.12192e-08
K6-medium-r00000,6,medium,0.503662,1.28528,1.50894,102.495,113.64,0.759814,0.241699,0.314331,delta_cenp,tail,T25_T100,75,8,3.87531e-05,6.93089e-05,8.27978e-05,2.92734e-05,-3.04676e-05,0.000107974,1.32383,0.227151,0.72154,False,False,5.16708e-07,9.24119e-07
K6-medium-r02040,6,medium,1.33374,1.3175,2.27886,18.6279,53.4644,0.418799,0.35498,0.302026,delta_cenp,tail,T25_T100,75,8,-0.00356627,0.00482447,0.00578627,0.00204575,-0.00840371,0.00127117,-1.74326,0.124815,0.72154,False,False,-4.75503e-05,6.43263e-05
K6-medium-r04088,6,medium,0.918701,1.31213,0.596631,174.858,94.978,0.698291,0.270996,0.389038,delta_cenp,tail,T25_T100,75,8,0.000129493,0.00138464,0.00175157,0.000619274,-0.00133486,0.00159384,0.209105,0.840321,1,False,False,1.72658e-06,1.84618e-05
K6-medium-r06128,6,medium,1.54126,1.30408,0.984229,54.0674,24.7095,0.86792,0.650879,0.257642,delta_cenp,tail,T25_T100,75,8,-0.00019419,0.000256185,0.00026064,9.21502e-05,-0.000412091,2.37107e-05,-2.10732,0.0730771,0.72154,False,False,-2.5892e-06,3.4158e-06
K6-medium-r08179,6,medium,2.05396,1.76599,1.99409,168.55,195.906,0.491748,0.766113,0.381567,delta_cenp,tail,T25_T100,75,8,-0.000167186,0.000207821,0.000247541,8.75189e-05,-0.000374135,3.97636e-05,-1.91028,0.0977171,0.72154,False,False,-2.22914e-06,2.77095e-06
K6-medium-r10239,6,medium,2.78638,1.47595,1.64604,178.198,118.972,0.889014,0.48877,0.3552,delta_cenp,tail,T25_T100,75,8,-1.17573e-05,2.45966e-05,4.19732e-05,1.48398e-05,-4.68478e-05,2.33331e-05,-0.792286,0.454202,0.794671,False,False,-1.56765e-07,3.27954e-07
K8-high-r00002,8,high,0.503662,2.09631,1.50894,102.495,113.64,0.759814,0.241699,0.314331,delta_cenp,tail,T25_T100,75,8,1.13655e-06,6.26106e-05,8.27289e-05,2.92491e-05,-6.80265e-05,7.02996e-05,0.0388577,0.970089,1,False,False,1.5154e-08,8.34809e-07
K8-high-r02072,8,high,0.70874,2.53674,1.60386,161.128,102.214,0.193799,0.60498,0.414526,delta_cenp,tail,T25_T100,75,8,-0.000936875,0.00181146,0.0022053,0.000779693,-0.00278056,0.000906806,-1.2016,0.268591,0.756471,False,False,-1.24917e-05,2.41528e-05
K8-high-r04090,8,high,2.1687,2.68713,1.94663,79.8584,192.478,0.248291,0.770996,0.209741,delta_cenp,tail,T25_T100,75,8,0.000194564,0.000487714,0.000603386,0.000213329,-0.00030988,0.000699007,0.912034,0.392077,0.794671,False,False,2.59418e-06,6.50285e-06
K8-high-r06159,8,high,0.974854,2.17957,0.617725,170.405,29.4702,0.0821777,0.443848,0.370142,delta_cenp,tail,T25_T100,75,8,0.00150408,0.00421518,0.00496461,0.00175525,-0.00264644,0.0056546,0.856902,0.419865,0.794671,False,False,2.00544e-05,5.62023e-05
K8-high-r08178,8,high,1.9563,2.69519,1.39028,92.29,163.723,0.700928,0.223145,0.381567,delta_cenp,tail,T25_T100,75,8,-0.000157945,0.00058627,0.00080687,0.000285272,-0.000832506,0.000516615,-0.553667,0.59704,0.871355,False,False,-2.10594e-06,7.81694e-06
K8-high-r10229,8,high,1.53638,2.85095,2.99604,83.1982,21.4722,0.439014,0.98877,0.1302,delta_cenp,tail,T25_T100,75,8,-0.000308405,0.000453929,0.000625607,0.000221186,-0.000831426,0.000214616,-1.39433,0.205874,0.72154,False,False,-4.11206e-06,6.05239e-06
K8-low-r00012,8,low,1.75366,0.721313,2.85894,197.495,16.1401,0.309814,0.741699,0.0893311,delta_cenp,tail,T25_T100,75,8,2.27963e-06,5.14132e-06,8.30425e-06,2.93599e-06,-4.6629e-06,9.22215e-06,0.776441,0.462912,0.794671,False,False,3.0395e-08,6.85509e-08
K8-low-r02027,8,low,2.89624,0.973755,1.26636,137.378,126.589,0.531299,0.972168,0.358276,delta_cenp,tail,T25_T100,75,8,-1.11233e-06,1.11233e-06,3.14615e-06,1.11233e-06,-3.74257e-06,1.51791e-06,-1,0.350617,0.788887,False,False,-1.48311e-08,1.48311e-08
K8-low-r04112,8,low,1.5437,0.7052,2.62163,32.3584,46.228,0.473291,0.520996,0.322241,delta_cenp,tail,T25_T100,75,8,0.000370183,0.000813927,0.000923417,0.000326477,-0.000401814,0.00114218,1.13387,0.294183,0.756471,False,False,4.93577e-06,1.08524e-05
K8-low-r06143,8,low,2.16626,0.616577,1.96772,101.567,170.959,0.19292,0.900879,0.39563,delta_cenp,tail,T25_T100,75,8,-2.56234e-06,2.25719e-05,2.98349e-05,1.05482e-05,-2.75049e-05,2.23802e-05,-0.242917,0.815034,1,False,False,-3.41645e-08,3.00958e-07
K8-low-r08201,8,low,2.99146,0.28894,1.05278,21.04,41.8481,0.363428,0.848145,0.361353,delta_cenp,tail,T25_T100,75,8,-1.98165e-07,1.98165e-07,5.60497e-07,1.98165e-07,-6.66752e-07,2.70421e-07,-1,0.350617,0.788887,False,False,-2.64221e-09,2.64221e-09
K8-low-r10228,8,low,1.75122,0.600464,1.46411,171.704,30.4224,0.141943,0.617676,0.1302,delta_cenp,tail,T25_T100,75,8,-1.73102e-07,8.70127e-07,1.1847e-06,4.18855e-07,-1.16354e-06,8.17334e-07,-0.413273,0.691773,0.942062,False,False,-2.30802e-09,1.16017e-08
K8-medium-r00000,8,medium,0.503662,1.28528,1.50894,102.495,113.64,0.759814,0.241699,0.314331,delta_cenp,tail,T25_T100,75,8,-7.05364e-05,8.29656e-05,0.00014374,5.08196e-05,-0.000190706,4.96329e-05,-1.38798,0.207716,0.72154,False,False,-9.40486e-07,1.10621e-06
K8-medium-r02040,8,medium,1.33374,1.3175,2.27886,18.6279,53.4644,0.418799,0.35498,0.302026,delta_cenp,tail,T25_T100,75,8,0.000409125,0.00336366,0.00522564,0.00184754,-0.00395962,0.00477787,0.221443,0.831069,1,False,False,5.45501e-06,4.48488e-05
K8-medium-r04088,8,medium,0.918701,1.31213,0.596631,174.858,94.978,0.698291,0.270996,0.389038,delta_cenp,tail,T25_T100,75,8,-0.000627629,0.000928764,0.00124138,0.000438893,-0.00166545,0.000410187,-1.43003,0.195788,0.72154,False,False,-8.36839e-06,1.23835e-05
K8-medium-r06128,8,medium,1.54126,1.30408,0.984229,54.0674,24.7095,0.86792,0.650879,0.257642,delta_cenp,tail,T25_T100,75,8,-3.6442e-06,0.000390474,0.000504075,0.000178217,-0.000425061,0.000417773,-0.0204481,0.984257,1,False,False,-4.85894e-08,5.20631e-06
K8-medium-r08179,8,medium,2.05396,1.76599,1.99409,168.55,195.906,0.491748,0.766113,0.381567,delta_cenp,tail,T25_T100,75,8,2.69647e-05,0.000214698,0.000289718,0.000102431,-0.000215245,0.000269175,0.263248,0.79994,1,False,False,3.59529e-07,2.86264e-06
K8-medium-r10239,8,medium,2.78638,1.47595,1.64604,178.198,118.972,0.889014,0.48877,0.3552,delta_cenp,tail,T25_T100,75,8,-1.68561e-05,2.38957e-05,2.59511e-05,9.1751e-06,-3.85517e-05,4.83961e-06,-1.83715,0.108798,0.72154,False,False,-2.24747e-07,3.1861e-07
K9-high-r00002,9,high,0.503662,2.09631,1.50894,102.495,113.64,0.759814,0.241699,0.314331,delta_cenp,tail,T25_T100,75,8,4.95916e-05,7.36481e-05,9.33332e-05,3.29983e-05,-2.84369e-05,0.00012762,1.50286,0.176579,0.72154,False,False,6.61222e-07,9.81975e-07
K9-high-r02072,9,high,0.70874,2.53674,1.60386,161.128,102.214,0.193799,0.60498,0.414526,delta_cenp,tail,T25_T100,75,8,0.00152674,0.00152674,0.00130144,0.000460129,0.000438708,0.00261477,3.31807,0.0127989,0.69114,True,False,2.03566e-05,2.03566e-05
K9-high-r04090,9,high,2.1687,2.68713,1.94663,79.8584,192.478,0.248291,0.770996,0.209741,delta_cenp,tail,T25_T100,75,8,-0.000144633,0.000425889,0.000555788,0.000196501,-0.000609283,0.000320017,-0.736042,0.485633,0.794671,False,False,-1.92844e-06,5.67853e-06
K9-high-r06159,9,high,0.974854,2.17957,0.617725,170.405,29.4702,0.0821777,0.443848,0.370142,delta_cenp,tail,T25_T100,75,8,-0.00376111,0.00591071,0.00722469,0.00255431,-0.0098011,0.00227887,-1.47246,0.184379,0.72154,False,False,-5.01482e-05,7.88094e-05
K9-high-r08178,9,high,1.9563,2.69519,1.39028,92.29,163.723,0.700928,0.223145,0.381567,delta_cenp,tail,T25_T100,75,8,-0.000189768,0.000638137,0.000710404,0.000251166,-0.000783681,0.000404144,-0.75555,0.47457,0.794671,False,False,-2.53024e-06,8.50849e-06
K9-high-r10229,9,high,1.53638,2.85095,2.99604,83.1982,21.4722,0.439014,0.98877,0.1302,delta_cenp,tail,T25_T100,75,8,7.68898e-05,0.000316676,0.000380353,0.000134475,-0.000241093,0.000394873,0.571777,0.585357,0.871355,False,False,1.0252e-06,4.22234e-06
K9-low-r00012,9,low,1.75366,0.721313,2.85894,197.495,16.1401,0.309814,0.741699,0.0893311,delta_cenp,tail,T25_T100,75,8,4.95938e-06,6.7883e-06,9.19556e-06,3.25112e-06,-2.7283e-06,1.26471e-05,1.52544,0.17098,0.72154,False,False,6.6125e-08,9.05106e-08
K9-low-r02027,9,low,2.89624,0.973755,1.26636,137.378,126.589,0.531299,0.972168,0.358276,delta_cenp,tail,T25_T100,75,8,-1.4657e-06,4.10563e-06,5.33789e-06,1.88723e-06,-5.92829e-06,2.99688e-06,-0.776644,0.4628,0.794671,False,False,-1.95427e-08,5.47417e-08
K9-low-r04112,9,low,1.5437,0.7052,2.62163,32.3584,46.228,0.473291,0.520996,0.322241,delta_cenp,tail,T25_T100,75,8,-0.00043929,0.00119929,0.0019864,0.000702299,-0.00209996,0.00122138,-0.625503,0.55148,0.850855,False,False,-5.85721e-06,1.59905e-05
K9-low-r06143,9,low,2.16626,0.616577,1.96772,101.567,170.959,0.19292,0.900879,0.39563,delta_cenp,tail,T25_T100,75,8,1.00022e-05,1.21395e-05,1.17792e-05,4.16457e-06,1.54543e-07,1.98498e-05,2.40173,0.0473454,0.72154,True,False,1.33363e-07,1.6186e-07
K9-low-r08201,9,low,2.99146,0.28894,1.05278,21.04,41.8481,0.363428,0.848145,0.361353,delta_cenp,tail,T25_T100,75,8,-1.6973e-06,2.71205e-06,3.76139e-06,1.32985e-06,-4.8419e-06,1.4473e-06,-1.2763,0.242559,0.727677,False,False,-2.26306e-08,3.61607e-08
K9-low-r10228,9,low,1.75122,0.600464,1.46411,171.704,30.4224,0.141943,0.617676,0.1302,delta_cenp,tail,T25_T100,75,8,1.08911e-07,6.50098e-07,7.61292e-07,2.69158e-07,-5.27545e-07,7.45367e-07,0.404637,0.697823,0.942062,False,False,1.45215e-09,8.66797e-09
K9-medium-r00000,9,medium,0.503662,1.28528,1.50894,102.495,113.64,0.759814,0.241699,0.314331,delta_cenp,tail,T25_T100,75,8,3.53329e-06,5.77795e-05,8.41746e-05,2.97602e-05,-6.68385e-05,7.3905e-05,0.118725,0.908828,1,False,False,4.71105e-08,7.70393e-07
K9-medium-r02040,9,medium,1.33374,1.3175,2.27886,18.6279,53.4644,0.418799,0.35498,0.302026,delta_cenp,tail,T25_T100,75,8,0.00138236,0.00345708,0.00453186,0.00160225,-0.00240637,0.00517109,0.862761,0.416846,0.794671,False,False,1.84315e-05,4.60944e-05
K9-medium-r04088,9,medium,0.918701,1.31213,0.596631,174.858,94.978,0.698291,0.270996,0.389038,delta_cenp,tail,T25_T100,75,8,-0.000283572,0.000805077,0.00099874,0.000353108,-0.00111854,0.000551395,-0.803076,0.448336,0.794671,False,False,-3.78096e-06,1.07344e-05
K9-medium-r06128,9,medium,1.54126,1.30408,0.984229,54.0674,24.7095,0.86792,0.650879,0.257642,delta_cenp,tail,T25_T100,75,8,-0.000204965,0.000247643,0.00025164,8.89683e-05,-0.000415341,5.41199e-06,-2.30379,0.0546846,0.72154,False,False,-2.73286e-06,3.30191e-06
K9-medium-r08179,9,medium,2.05396,1.76599,1.99409,168.55,195.906,0.491748,0.766113,0.381567,delta_cenp,tail,T25_T100,75,8,0.000153378,0.000232823,0.000318512,0.000112611,-0.000112906,0.000419661,1.36201,0.2154,0.72154,False,False,2.04503e-06,3.1043e-06
K9-medium-r10239,9,medium,2.78638,1.47595,1.64604,178.198,118.972,0.889014,0.48877,0.3552,delta_cenp,tail,T25_T100,75,8,-7.0937e-07,3.49837e-05,5.78689e-05,2.04598e-05,-4.9089e-05,4.76703e-05,-0.0346715,0.97331,1,False,False,-9.45826e-09,4.66449e-07
K6-high-r00002,6,high,0.503662,2.09631,1.50894,102.495,113.64,0.759814,0.241699,0.314331,delta_cenp,tail,T25_T50,25,8,-2.14429e-05,2.27768e-05,2.69152e-05,9.51596e-06,-4.39446e-05,1.05877e-06,-2.25336,0.0589053,0.781899,False,False,-8.57716e-07,9.11072e-07
K6-high-r02072,6,high,0.70874,2.53674,1.60386,161.128,102.214,0.193799,0.60498,0.414526,delta_cenp,tail,T25_T50,25,8,0.000536144,0.00204551,0.00255882,0.000904679,-0.00160308,0.00267537,0.592635,0.572065,0.849078,False,False,2.14458e-05,8.18204e-05
K6-high-r04090,6,high,2.1687,2.68713,1.94663,79.8584,192.478,0.248291,0.770996,0.209741,delta_cenp,tail,T25_T50,25,8,-0.000328294,0.000960298,0.00118934,0.000420497,-0.00132261,0.000666024,-0.780728,0.460545,0.849078,False,False,-1.31317e-05,3.84119e-05
K6-high-r06159,6,high,0.974854,2.17957,0.617725,170.405,29.4702,0.0821777,0.443848,0.370142,delta_cenp,tail,T25_T50,25,8,-0.00480319,0.00524433,0.00641033,0.00226639,-0.0101624,0.000555982,-2.11931,0.0717947,0.781899,False,False,-0.000192128,0.000209773
K6-high-r08178,6,high,1.9563,2.69519,1.39028,92.29,163.723,0.700928,0.223145,0.381567,delta_cenp,tail,T25_T50,25,8,-0.000331689,0.00110538,0.0020614,0.000728816,-0.00205507,0.00139169,-0.455107,0.662812,0.883581,False,False,-1.32676e-05,4.42152e-05
K6-high-r10229,6,high,1.53638,2.85095,2.99604,83.1982,21.4722,0.439014,0.98877,0.1302,delta_cenp,tail,T25_T50,25,8,7.4644e-05,0.000339764,0.000365667,0.000129283,-0.000231061,0.00038035,0.57737,0.581776,0.849078,False,False,2.98576e-06,1.35906e-05
K6-low-r00012,6,low,1.75366,0.721313,2.85894,197.495,16.1401,0.309814,0.741699,0.0893311,delta_cenp,tail,T25_T50,25,8,4.98406e-07,1.00937e-05,1.62484e-05,5.74469e-06,-1.30856e-05,1.40824e-05,0.0867594,0.933292,1,False,False,1.99363e-08,4.03747e-07
K6-low-r02027,6,low,2.89624,0.973755,1.26636,137.378,126.589,0.531299,0.972168,0.358276,delta_cenp,tail,T25_T50,25,8,0,0,0,0,0,0,0,1,1,False,False,0,0
K6-low-r04112,6,low,1.5437,0.7052,2.62163,32.3584,46.228,0.473291,0.520996,0.322241,delta_cenp,tail,T25_T50,25,8,-7.80258e-06,0.00118524,0.00148663,0.000525602,-0.00125065,0.00123505,-0.014845,0.98857,1,False,False,-3.12103e-07,4.74096e-05
K6-low-r06143,6,low,2.16626,0.616577,1.96772,101.567,170.959,0.19292,0.900879,0.39563,delta_cenp,tail,T25_T50,25,8,-9.99169e-06,2.13461e-05,4.63917e-05,1.64019e-05,-4.87761e-05,2.87927e-05,-0.609177,0.561649,0.849078,False,False,-3.99667e-07,8.53845e-07
K6-low-r08201,6,low,2.99146,0.28894,1.05278,21.04,41.8481,0.363428,0.848145,0.361353,delta_cenp,tail,T25_T50,25,8,0,0,0,0,0,0,0,1,1,False,False,0,0
K6-low-r10228,6,low,1.75122,0.600464,1.46411,171.704,30.4224,0.141943,0.617676,0.1302,delta_cenp,tail,T25_T50,25,8,-4.55101e-06,1.27838e-05,2.17502e-05,7.68984e-06,-2.27346e-05,1.36326e-05,-0.59182,0.572581,0.849078,False,False,-1.8204e-07,5.11351e-07
K6-medium-r00000,6,medium,0.503662,1.28528,1.50894,102.495,113.64,0.759814,0.241699,0.314331,delta_cenp,tail,T25_T50,25,8,8.35798e-06,7.55282e-05,0.00010169,3.59527e-05,-7.66567e-05,9.33726e-05,0.232471,0.822822,0.965922,False,False,3.34319e-07,3.02113e-06
K6-medium-r02040,6,medium,1.33374,1.3175,2.27886,18.6279,53.4644,0.418799,0.35498,0.302026,delta_cenp,tail,T25_T50,25,8,-0.00285423,0.00803554,0.00968671,0.00342477,-0.0109525,0.00524407,-0.833407,0.432129,0.849078,False,False,-0.000114169,0.000321422
K6-medium-r04088,6,medium,0.918701,1.31213,0.596631,174.858,94.978,0.698291,0.270996,0.389038,delta_cenp,tail,T25_T50,25,8,0.000543982,0.0013488,0.00156916,0.000554783,-0.000767872,0.00185584,0.98053,0.35949,0.849078,False,False,2.17593e-05,5.39518e-05
K6-medium-r06128,6,medium,1.54126,1.30408,0.984229,54.0674,24.7095,0.86792,0.650879,0.257642,delta_cenp,tail,T25_T50,25,8,-0.000109588,0.000174696,0.000205845,7.27773e-05,-0.000281679,6.25027e-05,-1.5058,0.175839,0.781899,False,False,-4.38353e-06,6.98784e-06
K6-medium-r08179,6,medium,2.05396,1.76599,1.99409,168.55,195.906,0.491748,0.766113,0.381567,delta_cenp,tail,T25_T50,25,8,-8.70504e-05,0.000155019,0.000212252,7.50425e-05,-0.000264498,9.03969e-05,-1.16001,0.284074,0.781899,False,False,-3.48202e-06,6.20076e-06
K6-medium-r10239,6,medium,2.78638,1.47595,1.64604,178.198,118.972,0.889014,0.48877,0.3552,delta_cenp,tail,T25_T50,25,8,-2.83141e-05,3.92014e-05,6.78127e-05,2.39754e-05,-8.50069e-05,2.83787e-05,-1.18097,0.276182,0.781899,False,False,-1.13257e-06,1.56805e-06
K8-high-r00002,8,high,0.503662,2.09631,1.50894,102.495,113.64,0.759814,0.241699,0.314331,delta_cenp,tail,T25_T50,25,8,3.79496e-05,6.94578e-05,9.36916e-05,3.3125e-05,-4.03785e-05,0.000116278,1.14565,0.289592,0.781899,False,False,1.51798e-06,2.77831e-06
K8-high-r02072,8,high,0.70874,2.53674,1.60386,161.128,102.214,0.193799,0.60498,0.414526,delta_cenp,tail,T25_T50,25,8,-0.000192965,0.00128991,0.00177087,0.000626098,-0.00167345,0.00128752,-0.308203,0.766897,0.920276,False,False,-7.71861e-06,5.15963e-05
K8-high-r04090,8,high,2.1687,2.68713,1.94663,79.8584,192.478,0.248291,0.770996,0.209741,delta_cenp,tail,T25_T50,25,8,-0.000200934,0.000648456,0.000777405,0.000274854,-0.000850861,0.000448994,-0.731055,0.488488,0.849078,False,False,-8.03734e-06,2.59382e-05
K8-high-r06159,8,high,0.974854,2.17957,0.617725,170.405,29.4702,0.0821777,0.443848,0.370142,delta_cenp,tail,T25_T50,25,8,0.00157922,0.00368843,0.00418948,0.0014812,-0.00192327,0.00508172,1.06617,0.321731,0.827308,False,False,6.31689e-05,0.000147537
K8-high-r08178,8,high,1.9563,2.69519,1.39028,92.29,163.723,0.700928,0.223145,0.381567,delta_cenp,tail,T25_T50,25,8,-0.000280564,0.000302294,0.000408082,0.000144279,-0.000621729,6.06017e-05,-1.94459,0.0929046,0.781899,False,False,-1.12225e-05,1.20917e-05
K8-high-r10229,8,high,1.53638,2.85095,2.99604,83.1982,21.4722,0.439014,0.98877,0.1302,delta_cenp,tail,T25_T50,25,8,4.30873e-05,0.000292866,0.000372922,0.000131848,-0.000268683,0.000354858,0.326796,0.753377,0.920276,False,False,1.72349e-06,1.17146e-05
K8-low-r00012,8,low,1.75366,0.721313,2.85894,197.495,16.1401,0.309814,0.741699,0.0893311,delta_cenp,tail,T25_T50,25,8,-8.30763e-07,1.54614e-06,2.81504e-06,9.95267e-07,-3.1842e-06,1.52267e-06,-0.834714,0.43144,0.849078,False,False,-3.32305e-08,6.18456e-08
K8-low-r02027,8,low,2.89624,0.973755,1.26636,137.378,126.589,0.531299,0.972168,0.358276,delta_cenp,tail,T25_T50,25,8,-1.86626e-06,1.86626e-06,3.53959e-06,1.25143e-06,-4.82543e-06,1.09291e-06,-1.4913,0.179508,0.781899,False,False,-7.46505e-08,7.46505e-08
K8-low-r04112,8,low,1.5437,0.7052,2.62163,32.3584,46.228,0.473291,0.520996,0.322241,delta_cenp,tail,T25_T50,25,8,0.00016284,0.000661157,0.000963839,0.000340769,-0.00064295,0.000968629,0.47786,0.647312,0.883581,False,False,6.51359e-06,2.64463e-05
K8-low-r06143,8,low,2.16626,0.616577,1.96772,101.567,170.959,0.19292,0.900879,0.39563,delta_cenp,tail,T25_T50,25,8,1.92544e-06,1.2365e-05,1.71369e-05,6.05882e-06,-1.24014e-05,1.62523e-05,0.317792,0.759913,0.920276,False,False,7.70178e-08,4.946e-07
K8-low-r08201,8,low,2.99146,0.28894,1.05278,21.04,41.8481,0.363428,0.848145,0.361353,delta_cenp,tail,T25_T50,25,8,0,0,0,0,0,0,0,1,1,False,False,0,0
K8-low-r10228,8,low,1.75122,0.600464,1.46411,171.704,30.4224,0.141943,0.617676,0.1302,delta_cenp,tail,T25_T50,25,8,-4.18633e-07,1.28456e-06,2.21171e-06,7.81957e-07,-2.26767e-06,1.4304e-06,-0.535366,0.608977,0.865388,False,False,-1.67453e-08,5.13825e-08
K8-medium-r00000,8,medium,0.503662,1.28528,1.50894,102.495,113.64,0.759814,0.241699,0.314331,delta_cenp,tail,T25_T50,25,8,-3.67561e-05,7.71875e-05,0.000138835,4.90857e-05,-0.000152825,7.93131e-05,-0.748815,0.47837,0.849078,False,False,-1.47024e-06,3.0875e-06
K8-medium-r02040,8,medium,1.33374,1.3175,2.27886,18.6279,53.4644,0.418799,0.35498,0.302026,delta_cenp,tail,T25_T50,25,8,0.00132322,0.00374947,0.00512972,0.00181363,-0.00296534,0.00561178,0.729596,0.489326,0.849078,False,False,5.29287e-05,0.000149979
K8-medium-r04088,8,medium,0.918701,1.31213,0.596631,174.858,94.978,0.698291,0.270996,0.389038,delta_cenp,tail,T25_T50,25,8,0.000318579,0.0010078,0.00134068,0.000474001,-0.000802254,0.00143941,0.672108,0.523072,0.849078,False,False,1.27432e-05,4.0312e-05
K8-medium-r06128,8,medium,1.54126,1.30408,0.984229,54.0674,24.7095,0.86792,0.650879,0.257642,delta_cenp,tail,T25_T50,25,8,-1.6099e-05,0.000385244,0.000462952,0.000163678,-0.000403137,0.000370939,-0.0983577,0.924406,1,False,False,-6.43961e-07,1.54098e-05
K8-medium-r08179,8,medium,2.05396,1.76599,1.99409,168.55,195.906,0.491748,0.766113,0.381567,delta_cenp,tail,T25_T50,25,8,6.37975e-05,0.000141943,0.000155012,5.48051e-05,-6.57959e-05,0.000193391,1.16408,0.282528,0.781899,False,False,2.5519e-06,5.67773e-06
K8-medium-r10239,8,medium,2.78638,1.47595,1.64604,178.198,118.972,0.889014,0.48877,0.3552,delta_cenp,tail,T25_T50,25,8,-2.76978e-05,3.271e-05,4.37823e-05,1.54794e-05,-6.43007e-05,8.90514e-06,-1.78933,0.116691,0.781899,False,False,-1.10791e-06,1.3084e-06
K9-high-r00002,9,high,0.503662,2.09631,1.50894,102.495,113.64,0.759814,0.241699,0.314331,delta_cenp,tail,T25_T50,25,8,9.999e-06,3.87176e-05,4.67788e-05,1.65388e-05,-2.91091e-05,4.91071e-05,0.604578,0.564534,0.849078,False,False,3.9996e-07,1.5487e-06
K9-high-r02072,9,high,0.70874,2.53674,1.60386,161.128,102.214,0.193799,0.60498,0.414526,delta_cenp,tail,T25_T50,25,8,0.000710288,0.0011893,0.00147503,0.000521503,-0.00052287,0.00194345,1.362,0.215402,0.781899,False,False,2.84115e-05,4.75719e-05
K9-high-r04090,9,high,2.1687,2.68713,1.94663,79.8584,192.478,0.248291,0.770996,0.209741,delta_cenp,tail,T25_T50,25,8,-0.000139947,0.000489024,0.000681097,0.000240804,-0.000709359,0.000429464,-0.581167,0.579352,0.849078,False,False,-5.59789e-06,1.95609e-05
K9-high-r06159,9,high,0.974854,2.17957,0.617725,170.405,29.4702,0.0821777,0.443848,0.370142,delta_cenp,tail,T25_T50,25,8,-0.00201241,0.00638164,0.0068597,0.00242527,-0.00774726,0.00372245,-0.829766,0.434053,0.849078,False,False,-8.04963e-05,0.000255266
K9-high-r08178,9,high,1.9563,2.69519,1.39028,92.29,163.723,0.700928,0.223145,0.381567,delta_cenp,tail,T25_T50,25,8,-0.000577823,0.000691281,0.000632833,0.00022374,-0.00110688,-4.87617e-05,-2.58256,0.0363363,0.781899,True,False,-2.31129e-05,2.76512e-05
K9-high-r10229,9,high,1.53638,2.85095,2.99604,83.1982,21.4722,0.439014,0.98877,0.1302,delta_cenp,tail,T25_T50,25,8,0.000200223,0.000357585,0.000390049,0.000137903,-0.000125866,0.000526313,1.45191,0.189827,0.781899,False,False,8.00894e-06,1.43034e-05
K9-low-r00012,9,low,1.75366,0.721313,2.85894,197.495,16.1401,0.309814,0.741699,0.0893311,delta_cenp,tail,T25_T50,25,8,4.74978e-06,5.32682e-06,9.29335e-06,3.2857e-06,-3.01966e-06,1.25192e-05,1.44559,0.191531,0.781899,False,False,1.89991e-07,2.13073e-07
K9-low-r02027,9,low,2.89624,0.973755,1.26636,137.378,126.589,0.531299,0.972168,0.358276,delta_cenp,tail,T25_T50,25,8,8.30413e-08,3.02476e-06,4.27418e-06,1.51115e-06,-3.49026e-06,3.65634e-06,0.0549524,0.957712,1,False,False,3.32165e-09,1.2099e-07
K9-low-r04112,9,low,1.5437,0.7052,2.62163,32.3584,46.228,0.473291,0.520996,0.322241,delta_cenp,tail,T25_T50,25,8,-9.06359e-05,0.000915778,0.0012359,0.000436957,-0.00112388,0.000942604,-0.207425,0.841583,0.966925,False,False,-3.62543e-06,3.66311e-05
K9-low-r06143,9,low,2.16626,0.616577,1.96772,101.567,170.959,0.19292,0.900879,0.39563,delta_cenp,tail,T25_T50,25,8,1.73456e-05,2.07449e-05,3.04318e-05,1.07593e-05,-8.09602e-06,4.27872e-05,1.61215,0.150963,0.781899,False,False,6.93824e-07,8.29797e-07
K9-low-r08201,9,low,2.99146,0.28894,1.05278,21.04,41.8481,0.363428,0.848145,0.361353,delta_cenp,tail,T25_T50,25,8,-1.66279e-06,2.54251e-06,3.10525e-06,1.09787e-06,-4.25884e-06,9.33267e-07,-1.51456,0.173657,0.781899,False,False,-6.65116e-08,1.017e-07
K9-low-r10228,9,low,1.75122,0.600464,1.46411,171.704,30.4224,0.141943,0.617676,0.1302,delta_cenp,tail,T25_T50,25,8,1.54261e-06,3.00139e-06,3.41272e-06,1.20658e-06,-1.3105e-06,4.39571e-06,1.2785,0.24183,0.781899,False,False,6.17042e-08,1.20056e-07
K9-medium-r00000,9,medium,0.503662,1.28528,1.50894,102.495,113.64,0.759814,0.241699,0.314331,delta_cenp,tail,T25_T50,25,8,-1.28899e-05,6.26339e-05,8.22268e-05,2.90716e-05,-8.16332e-05,5.58534e-05,-0.443385,0.670867,0.883581,False,False,-5.15596e-07,2.50536e-06
K9-medium-r02040,9,medium,1.33374,1.3175,2.27886,18.6279,53.4644,0.418799,0.35498,0.302026,delta_cenp,tail,T25_T50,25,8,-0.000610394,0.00385808,0.00506797,0.0017918,-0.00484732,0.00362653,-0.34066,0.743355,0.920276,False,False,-2.44157e-05,0.000154323
K9-medium-r04088,9,medium,0.918701,1.31213,0.596631,174.858,94.978,0.698291,0.270996,0.389038,delta_cenp,tail,T25_T50,25,8,-0.00015402,0.0005446,0.000634972,0.000224497,-0.000684871,0.00037683,-0.68607,0.514743,0.849078,False,False,-6.16081e-06,2.1784e-05
K9-medium-r06128,9,medium,1.54126,1.30408,0.984229,54.0674,24.7095,0.86792,0.650879,0.257642,delta_cenp,tail,T25_T50,25,8,-0.000261057,0.0004378,0.000440612,0.00015578,-0.000629418,0.000107304,-1.67581,0.137682,0.781899,False,False,-1.04423e-05,1.7512e-05
K9-medium-r08179,9,medium,2.05396,1.76599,1.99409,168.55,195.906,0.491748,0.766113,0.381567,delta_cenp,tail,T25_T50,25,8,0.000117251,0.000265329,0.000280738,9.92558e-05,-0.000117452,0.000351953,1.1813,0.276058,0.781899,False,False,4.69003e-06,1.06132e-05
K9-medium-r10239,9,medium,2.78638,1.47595,1.64604,178.198,118.972,0.889014,0.48877,0.3552,delta_cenp,tail,T25_T50,25,8,2.29539e-05,3.46196e-05,4.90716e-05,1.73494e-05,-1.80711e-05,6.39788e-05,1.32303,0.227404,0.781899,False,False,9.18155e-07,1.38479e-06
K6-high-r00002,6,high,0.503662,2.09631,1.50894,102.495,113.64,0.759814,0.241699,0.314331,delta_cenp,tail,T50_T100,50,8,-6.51533e-06,2.34623e-05,3.07159e-05,1.08597e-05,-3.21944e-05,1.91638e-05,-0.599955,0.567442,0.927114,False,False,-1.30307e-07,4.69247e-07
K6-high-r02072,6,high,0.70874,2.53674,1.60386,161.128,102.214,0.193799,0.60498,0.414526,delta_cenp,tail,T50_T100,50,8,-0.000318983,0.00148401,0.00185205,0.000654798,-0.00186733,0.00122937,-0.487147,0.641038,0.927114,False,False,-6.37966e-06,2.96802e-05
K6-high-r04090,6,high,2.1687,2.68713,1.94663,79.8584,192.478,0.248291,0.770996,0.209741,delta_cenp,tail,T50_T100,50,8,0.000301741,0.000527894,0.000771794,0.00027287,-0.000343494,0.000946977,1.10581,0.305361,0.927114,False,False,6.03483e-06,1.05579e-05
K6-high-r06159,6,high,0.974854,2.17957,0.617725,170.405,29.4702,0.0821777,0.443848,0.370142,delta_cenp,tail,T50_T100,50,8,0.00800791,0.00800791,0.0110512,0.00390718,-0.00123111,0.0172469,2.04954,0.0795849,0.927114,False,False,0.000160158,0.000160158
K6-high-r08178,6,high,1.9563,2.69519,1.39028,92.29,163.723,0.700928,0.223145,0.381567,delta_cenp,tail,T50_T100,50,8,0.000329879,0.000982861,0.00148175,0.000523876,-0.000908892,0.00156865,0.629688,0.548892,0.927114,False,False,6.59757e-06,1.96572e-05
K6-high-r10229,6,high,1.53638,2.85095,2.99604,83.1982,21.4722,0.439014,0.98877,0.1302,delta_cenp,tail,T50_T100,50,8,-6.47463e-05,0.000428917,0.00050867,0.000179842,-0.000490005,0.000360513,-0.360017,0.729451,0.927114,False,False,-1.29493e-06,8.57834e-06
K6-low-r00012,6,low,1.75366,0.721313,2.85894,197.495,16.1401,0.309814,0.741699,0.0893311,delta_cenp,tail,T50_T100,50,8,1.75403e-05,2.01694e-05,2.37894e-05,8.41084e-06,-2.34818e-06,3.74288e-05,2.08544,0.0754766,0.927114,False,False,3.50806e-07,4.03388e-07
K6-low-r02027,6,low,2.89624,0.973755,1.26636,137.378,126.589,0.531299,0.972168,0.358276,delta_cenp,tail,T50_T100,50,8,0,0,0,0,0,0,0,1,1,False,False,0,0
K6-low-r04112,6,low,1.5437,0.7052,2.62163,32.3584,46.228,0.473291,0.520996,0.322241,delta_cenp,tail,T50_T100,50,8,-0.000183764,0.00105194,0.0014209,0.000502365,-0.00137167,0.00100414,-0.365797,0.725321,0.927114,False,False,-3.67528e-06,2.10388e-05
K6-low-r06143,6,low,2.16626,0.616577,1.96772,101.567,170.959,0.19292,0.900879,0.39563,delta_cenp,tail,T50_T100,50,8,-6.12932e-06,1.05899e-05,2.49165e-05,8.80932e-06,-2.696e-05,1.47014e-05,-0.695776,0.509003,0.927114,False,False,-1.22586e-07,2.11799e-07
K6-low-r08201,6,low,2.99146,0.28894,1.05278,21.04,41.8481,0.363428,0.848145,0.361353,delta_cenp,tail,T50_T100,50,8,0,0,0,0,0,0,0,1,1,False,False,0,0
K6-low-r10228,6,low,1.75122,0.600464,1.46411,171.704,30.4224,0.141943,0.617676,0.1302,delta_cenp,tail,T50_T100,50,8,-7.97007e-07,1.09418e-05,1.74099e-05,6.15534e-06,-1.53521e-05,1.3758e-05,-0.129482,0.900618,1,False,False,-1.59401e-08,2.18835e-07
K6-medium-r00000,6,medium,0.503662,1.28528,1.50894,102.495,113.64,0.759814,0.241699,0.314331,delta_cenp,tail,T50_T100,50,8,3.03951e-05,5.37351e-05,6.01787e-05,2.12764e-05,-1.99155e-05,8.07058e-05,1.42859,0.196187,0.927114,False,False,6.07902e-07,1.0747e-06
K6-medium-r02040,6,medium,1.33374,1.3175,2.27886,18.6279,53.4644,0.418799,0.35498,0.302026,delta_cenp,tail,T50_T100,50,8,-0.000712045,0.0074326,0.0101222,0.00357874,-0.00917441,0.00775032,-0.198966,0.847945,1,False,False,-1.42409e-05,0.000148652
K6-medium-r04088,6,medium,0.918701,1.31213,0.596631,174.858,94.978,0.698291,0.270996,0.389038,delta_cenp,tail,T50_T100,50,8,-0.000414489,0.00169854,0.00199077,0.000703842,-0.00207881,0.00124983,-0.588894,0.574436,0.927114,False,False,-8.28977e-06,3.39708e-05
K6-medium-r06128,6,medium,1.54126,1.30408,0.984229,54.0674,24.7095,0.86792,0.650879,0.257642,delta_cenp,tail,T50_T100,50,8,-8.46018e-05,0.000254989,0.000299424,0.000105863,-0.000334927,0.000165723,-0.799167,0.450455,0.927114,False,False,-1.69204e-06,5.09977e-06
K6-medium-r08179,6,medium,2.05396,1.76599,1.99409,168.55,195.906,0.491748,0.766113,0.381567,delta_cenp,tail,T50_T100,50,8,-8.01354e-05,0.000178295,0.000247921,8.76534e-05,-0.000287403,0.000127132,-0.91423,0.390999,0.927114,False,False,-1.60271e-06,3.56591e-06
K6-medium-r10239,6,medium,2.78638,1.47595,1.64604,178.198,118.972,0.889014,0.48877,0.3552,delta_cenp,tail,T50_T100,50,8,1.65568e-05,4.82888e-05,9.00093e-05,3.18231e-05,-5.86929e-05,9.18064e-05,0.520276,0.618916,0.927114,False,False,3.31136e-07,9.65776e-07
K8-high-r00002,8,high,0.503662,2.09631,1.50894,102.495,113.64,0.759814,0.241699,0.314331,delta_cenp,tail,T50_T100,50,8,-3.68131e-05,6.4046e-05,6.83443e-05,2.41634e-05,-9.39503e-05,2.03242e-05,-1.52351,0.171452,0.927114,False,False,-7.36261e-07,1.28092e-06
K8-high-r02072,8,high,0.70874,2.53674,1.60386,161.128,102.214,0.193799,0.60498,0.414526,delta_cenp,tail,T50_T100,50,8,-0.00074391,0.00152158,0.00176085,0.000622555,-0.00221602,0.000728199,-1.19493,0.271024,0.927114,False,False,-1.48782e-05,3.04316e-05
K8-high-r04090,8,high,2.1687,2.68713,1.94663,79.8584,192.478,0.248291,0.770996,0.209741,delta_cenp,tail,T50_T100,50,8,0.000395497,0.000664915,0.00069093,0.000244281,-0.000182135,0.000973129,1.61903,0.149473,0.927114,False,False,7.90994e-06,1.32983e-05
K8-high-r06159,8,high,0.974854,2.17957,0.617725,170.405,29.4702,0.0821777,0.443848,0.370142,delta_cenp,tail,T50_T100,50,8,-7.51423e-05,0.00186882,0.00228039,0.000806239,-0.0019816,0.00183131,-0.093201,0.928355,1,False,False,-1.50285e-06,3.73764e-05
K8-high-r08178,8,high,1.9563,2.69519,1.39028,92.29,163.723,0.700928,0.223145,0.381567,delta_cenp,tail,T50_T100,50,8,0.000122618,0.000402816,0.000599403,0.000211921,-0.000378495,0.000623732,0.578603,0.580988,0.927114,False,False,2.45236e-06,8.05633e-06
K8-high-r10229,8,high,1.53638,2.85095,2.99604,83.1982,21.4722,0.439014,0.98877,0.1302,delta_cenp,tail,T50_T100,50,8,-0.000351492,0.000680251,0.000904952,0.000319949,-0.00110805,0.000405067,-1.09859,0.308291,0.927114,False,False,-7.02984e-06,1.3605e-05
K8-low-r00012,8,low,1.75366,0.721313,2.85894,197.495,16.1401,0.309814,0.741699,0.0893311,delta_cenp,tail,T50_T100,50,8,3.11039e-06,4.50712e-06,7.37969e-06,2.60911e-06,-3.05919e-06,9.27997e-06,1.19212,0.272054,0.927114,False,False,6.22078e-08,9.01424e-08
K8-low-r02027,8,low,2.89624,0.973755,1.26636,137.378,126.589,0.531299,0.972168,0.358276,delta_cenp,tail,T50_T100,50,8,7.53931e-07,7.53931e-07,2.13244e-06,7.53931e-07,-1.02883e-06,2.5367e-06,1,0.350617,0.927114,False,False,1.50786e-08,1.50786e-08
K8-low-r04112,8,low,1.5437,0.7052,2.62163,32.3584,46.228,0.473291,0.520996,0.322241,delta_cenp,tail,T50_T100,50,8,0.000207343,0.000860589,0.00123321,0.000436005,-0.000823646,0.00123833,0.475552,0.648876,0.927114,False,False,4.14686e-06,1.72118e-05
K8-low-r06143,8,low,2.16626,0.616577,1.96772,101.567,170.959,0.19292,0.900879,0.39563,delta_cenp,tail,T50_T100,50,8,-4.48778e-06,2.0139e-05,2.51061e-05,8.87635e-06,-2.5477e-05,1.65015e-05,-0.505589,0.628673,0.927114,False,False,-8.97556e-08,4.0278e-07
K8-low-r08201,8,low,2.99146,0.28894,1.05278,21.04,41.8481,0.363428,0.848145,0.361353,delta_cenp,tail,T50_T100,50,8,-1.98165e-07,1.98165e-07,5.60497e-07,1.98165e-07,-6.66752e-07,2.70421e-07,-1,0.350617,0.927114,False,False,-3.96331e-09,3.96331e-09
K8-low-r10228,8,low,1.75122,0.600464,1.46411,171.704,30.4224,0.141943,0.617676,0.1302,delta_cenp,tail,T50_T100,50,8,2.45531e-07,1.47739e-06,1.91224e-06,6.76079e-07,-1.35314e-06,1.8442e-06,0.36317,0.727197,0.927114,False,False,4.91062e-09,2.95477e-08
K8-medium-r00000,8,medium,0.503662,1.28528,1.50894,102.495,113.64,0.759814,0.241699,0.314331,delta_cenp,tail,T50_T100,50,8,-3.37803e-05,6.55264e-05,0.000133255,4.71129e-05,-0.000145185,7.7624e-05,-0.717008,0.496591,0.927114,False,False,-6.75607e-07,1.31053e-06
K8-medium-r02040,8,medium,1.33374,1.3175,2.27886,18.6279,53.4644,0.418799,0.35498,0.302026,delta_cenp,tail,T50_T100,50,8,-0.000914093,0.00211879,0.00271334,0.000959309,-0.0031825,0.00135431,-0.952866,0.372394,0.927114,False,False,-1.82819e-05,4.23757e-05
K8-medium-r04088,8,medium,0.918701,1.31213,0.596631,174.858,94.978,0.698291,0.270996,0.389038,delta_cenp,tail,T50_T100,50,8,-0.000946209,0.00134803,0.00137649,0.000486662,-0.00209698,0.000204563,-1.94428,0.0929467,0.927114,False,False,-1.89242e-05,2.69607e-05
K8-medium-r06128,8,medium,1.54126,1.30408,0.984229,54.0674,24.7095,0.86792,0.650879,0.257642,delta_cenp,tail,T50_T100,50,8,1.24548e-05,0.000215611,0.000267225,9.44782e-05,-0.000210951,0.00023586,0.131827,0.89883,1,False,False,2.49096e-07,4.31222e-06
K8-medium-r08179,8,medium,2.05396,1.76599,1.99409,168.55,195.906,0.491748,0.766113,0.381567,delta_cenp,tail,T50_T100,50,8,-3.68329e-05,0.000311756,0.000388011,0.000137183,-0.000361218,0.000287552,-0.268495,0.796059,0.976981,False,False,-7.36658e-07,6.23512e-06
K8-medium-r10239,8,medium,2.78638,1.47595,1.64604,178.198,118.972,0.889014,0.48877,0.3552,delta_cenp,tail,T50_T100,50,8,1.08417e-05,3.12e-05,4.38031e-05,1.54867e-05,-2.57786e-05,4.7462e-05,0.700065,0.506479,0.927114,False,False,2.16834e-07,6.24001e-07
K9-high-r00002,9,high,0.503662,2.09631,1.50894,102.495,113.64,0.759814,0.241699,0.314331,delta_cenp,tail,T50_T100,50,8,3.95926e-05,6.55404e-05,8.03757e-05,2.84171e-05,-2.76032e-05,0.000106788,1.39327,0.20618,0.927114,False,False,7.91852e-07,1.31081e-06
K9-high-r02072,9,high,0.70874,2.53674,1.60386,161.128,102.214,0.193799,0.60498,0.414526,delta_cenp,tail,T50_T100,50,8,0.000816453,0.00149501,0.00166759,0.000589583,-0.00057769,0.0022106,1.3848,0.208644,0.927114,False,False,1.63291e-05,2.99002e-05
K9-high-r04090,9,high,2.1687,2.68713,1.94663,79.8584,192.478,0.248291,0.770996,0.209741,delta_cenp,tail,T50_T100,50,8,-4.6854e-06,0.000507605,0.000658194,0.000232707,-0.000554949,0.000545578,-0.0201344,0.984498,1,False,False,-9.3708e-08,1.01521e-05
K9-high-r06159,9,high,0.974854,2.17957,0.617725,170.405,29.4702,0.0821777,0.443848,0.370142,delta_cenp,tail,T50_T100,50,8,-0.00174871,0.00521206,0.00666802,0.0023575,-0.00732331,0.0038259,-0.741763,0.482371,0.927114,False,False,-3.49741e-05,0.000104241
K9-high-r08178,9,high,1.9563,2.69519,1.39028,92.29,163.723,0.700928,0.223145,0.381567,delta_cenp,tail,T50_T100,50,8,0.000388055,0.000470211,0.000449987,0.000159094,1.18565e-05,0.000764254,2.43915,0.0448149,0.927114,True,False,7.7611e-06,9.40421e-06
K9-high-r10229,9,high,1.53638,2.85095,2.99604,83.1982,21.4722,0.439014,0.98877,0.1302,delta_cenp,tail,T50_T100,50,8,-0.000123334,0.000242579,0.000302565,0.000106973,-0.000376284,0.000129617,-1.15294,0.28678,0.927114,False,False,-2.46667e-06,4.85159e-06
K9-low-r00012,9,low,1.75366,0.721313,2.85894,197.495,16.1401,0.309814,0.741699,0.0893311,delta_cenp,tail,T50_T100,50,8,2.09599e-07,4.42549e-06,6.33758e-06,2.24067e-06,-5.08875e-06,5.50795e-06,0.0935427,0.928094,1,False,False,4.19197e-09,8.85097e-08
K9-low-r02027,9,low,2.89624,0.973755,1.26636,137.378,126.589,0.531299,0.972168,0.358276,delta_cenp,tail,T50_T100,50,8,-1.54875e-06,3.14813e-06,5.47785e-06,1.93671e-06,-6.12834e-06,3.03085e-06,-0.799678,0.450177,0.927114,False,False,-3.09749e-08,6.29626e-08
K9-low-r04112,9,low,1.5437,0.7052,2.62163,32.3584,46.228,0.473291,0.520996,0.322241,delta_cenp,tail,T50_T100,50,8,-0.000348655,0.000875889,0.00114561,0.000405034,-0.00130641,0.000609099,-0.860803,0.417852,0.927114,False,False,-6.97309e-06,1.75178e-05
K9-low-r06143,9,low,2.16626,0.616577,1.96772,101.567,170.959,0.19292,0.900879,0.39563,delta_cenp,tail,T50_T100,50,8,-7.34341e-06,2.11822e-05,3.33162e-05,1.17791e-05,-3.51964e-05,2.05096e-05,-0.62343,0.552766,0.927114,False,False,-1.46868e-07,4.23644e-07
K9-low-r08201,9,low,2.99146,0.28894,1.05278,21.04,41.8481,0.363428,0.848145,0.361353,delta_cenp,tail,T50_T100,50,8,-3.45074e-08,1.49227e-06,1.8026e-06,6.37316e-07,-1.54152e-06,1.47251e-06,-0.0541449,0.958333,1,False,False,-6.90149e-10,2.98453e-08
K9-low-r10228,9,low,1.75122,0.600464,1.46411,171.704,30.4224,0.141943,0.617676,0.1302,delta_cenp,tail,T50_T100,50,8,-1.43369e-06,2.54017e-06,2.85502e-06,1.0094e-06,-3.82055e-06,9.53163e-07,-1.42034,0.19848,0.927114,False,False,-2.86739e-08,5.08035e-08
K9-medium-r00000,9,medium,0.503662,1.28528,1.50894,102.495,113.64,0.759814,0.241699,0.314331,delta_cenp,tail,T50_T100,50,8,1.64232e-05,8.45446e-05,0.000111714,3.94968e-05,-7.69719e-05,0.000109818,0.41581,0.69,0.927114,False,False,3.28464e-07,1.69089e-06
K9-medium-r02040,9,medium,1.33374,1.3175,2.27886,18.6279,53.4644,0.418799,0.35498,0.302026,delta_cenp,tail,T50_T100,50,8,0.00199275,0.00383213,0.00503573,0.0017804,-0.00221722,0.00620273,1.11927,0.299954,0.927114,False,False,3.98551e-05,7.66426e-05
K9-medium-r04088,9,medium,0.918701,1.31213,0.596631,174.858,94.978,0.698291,0.270996,0.389038,delta_cenp,tail,T50_T100,50,8,-0.000129552,0.000799106,0.00105374,0.000372555,-0.0010105,0.0007514,-0.347739,0.738258,0.927114,False,False,-2.59104e-06,1.59821e-05
K9-medium-r06128,9,medium,1.54126,1.30408,0.984229,54.0674,24.7095,0.86792,0.650879,0.257642,delta_cenp,tail,T50_T100,50,8,5.60925e-05,0.00036126,0.00042733,0.000151084,-0.000301164,0.000413349,0.371267,0.721421,0.927114,False,False,1.12185e-06,7.2252e-06
K9-medium-r08179,9,medium,2.05396,1.76599,1.99409,168.55,195.906,0.491748,0.766113,0.381567,delta_cenp,tail,T50_T100,50,8,3.61268e-05,0.000415488,0.000554077,0.000195896,-0.000427093,0.000499346,0.184418,0.858914,1,False,False,7.22535e-07,8.30976e-06
K9-medium-r10239,9,medium,2.78638,1.47595,1.64604,178.198,118.972,0.889014,0.48877,0.3552,delta_cenp,tail,T50_T100,50,8,-2.36632e-05,4.13333e-05,4.81784e-05,1.70336e-05,-6.39414e-05,1.66149e-05,-1.38921,0.207358,0.927114,False,False,-4.73265e-07,8.26666e-07
K6-high-r00002,6,high,0.503662,2.09631,1.50894,102.495,113.64,0.759814,0.241699,0.314331,enp,endpoint,T25_T100,75,8,0.000349081,0.00060966,0.000933181,0.000329929,-0.000431078,0.00112924,1.05805,0.325174,0.71249,False,False,4.65441e-06,8.12881e-06
K6-high-r02072,6,high,0.70874,2.53674,1.60386,161.128,102.214,0.193799,0.60498,0.414526,enp,endpoint,T25_T100,75,8,-0.00287742,0.0271712,0.035361,0.012502,-0.03244,0.0266852,-0.230156,0.824552,0.947837,False,False,-3.83656e-05,0.000362283
K6-high-r04090,6,high,2.1687,2.68713,1.94663,79.8584,192.478,0.248291,0.770996,0.209741,enp,endpoint,T25_T100,75,8,-0.00361982,0.0143726,0.0216963,0.0076708,-0.0217584,0.0145187,-0.471896,0.651357,0.896969,False,False,-4.82642e-05,0.000191635
K6-high-r06159,6,high,0.974854,2.17957,0.617725,170.405,29.4702,0.0821777,0.443848,0.370142,enp,endpoint,T25_T100,75,8,-0.0281269,0.0791234,0.105394,0.0372625,-0.116239,0.059985,-0.75483,0.474975,0.827377,False,False,-0.000375025,0.00105498
K6-high-r08178,6,high,1.9563,2.69519,1.39028,92.29,163.723,0.700928,0.223145,0.381567,enp,endpoint,T25_T100,75,8,-0.00674044,0.012753,0.0179834,0.00635809,-0.0217749,0.00829405,-1.06014,0.324286,0.71249,False,False,-8.98725e-05,0.000170039
K6-high-r10229,6,high,1.53638,2.85095,2.99604,83.1982,21.4722,0.439014,0.98877,0.1302,enp,endpoint,T25_T100,75,8,-0.00212021,0.00648905,0.0102538,0.00362525,-0.0106926,0.00645215,-0.584844,0.577009,0.859973,False,False,-2.82694e-05,8.65206e-05
K6-low-r00012,6,low,1.75366,0.721313,2.85894,197.495,16.1401,0.309814,0.741699,0.0893311,enp,endpoint,T25_T100,75,8,-0.000538711,0.000538711,0.0010498,0.000371161,-0.00141637,0.000338944,-1.45142,0.189958,0.650428,False,False,-7.18282e-06,7.18282e-06
K6-low-r02027,6,low,2.89624,0.973755,1.26636,137.378,126.589,0.531299,0.972168,0.358276,enp,endpoint,T25_T100,75,8,0,0,0,0,0,0,0,1,1,False,False,0,0
K6-low-r04112,6,low,1.5437,0.7052,2.62163,32.3584,46.228,0.473291,0.520996,0.322241,enp,endpoint,T25_T100,75,8,-0.00338549,0.00815303,0.00938606,0.00331847,-0.0112324,0.00446145,-1.0202,0.341593,0.71249,False,False,-4.51399e-05,0.000108707
K6-low-r06143,6,low,2.16626,0.616577,1.96772,101.567,170.959,0.19292,0.900879,0.39563,enp,endpoint,T25_T100,75,8,-2.17093e-05,0.000123662,0.000267438,9.45537e-05,-0.000245293,0.000201875,-0.229597,0.824969,0.947837,False,False,-2.89457e-07,1.64882e-06
K6-low-r08201,6,low,2.99146,0.28894,1.05278,21.04,41.8481,0.363428,0.848145,0.361353,enp,endpoint,T25_T100,75,8,0,0,0,0,0,0,0,1,1,False,False,0,0
K6-low-r10228,6,low,1.75122,0.600464,1.46411,171.704,30.4224,0.141943,0.617676,0.1302,enp,endpoint,T25_T100,75,8,-8.55178e-05,8.55178e-05,0.000241881,8.55178e-05,-0.000287735,0.0001167,-1,0.350617,0.71249,False,False,-1.14024e-06,1.14024e-06
K6-medium-r00000,6,medium,0.503662,1.28528,1.50894,102.495,113.64,0.759814,0.241699,0.314331,enp,endpoint,T25_T100,75,8,-0.000959022,0.000959022,0.00154839,0.00054744,-0.00225351,0.000335467,-1.75183,0.123263,0.650428,False,False,-1.2787e-05,1.2787e-05
K6-medium-r02040,6,medium,1.33374,1.3175,2.27886,18.6279,53.4644,0.418799,0.35498,0.302026,enp,endpoint,T25_T100,75,8,-0.0142979,0.0470492,0.0702326,0.024831,-0.0730138,0.044418,-0.57581,0.582773,0.859973,False,False,-0.000190639,0.000627323
K6-medium-r04088,6,medium,0.918701,1.31213,0.596631,174.858,94.978,0.698291,0.270996,0.389038,enp,endpoint,T25_T100,75,8,-0.0089508,0.0171968,0.0233332,0.00824953,-0.0284578,0.0105562,-1.08501,0.313866,0.71249,False,False,-0.000119344,0.00022929
K6-medium-r06128,6,medium,1.54126,1.30408,0.984229,54.0674,24.7095,0.86792,0.650879,0.257642,enp,endpoint,T25_T100,75,8,0.0040958,0.00640375,0.00695476,0.00245888,-0.00171852,0.00991012,1.66572,0.139711,0.650428,False,False,5.46107e-05,8.53833e-05
K6-medium-r08179,6,medium,2.05396,1.76599,1.99409,168.55,195.906,0.491748,0.766113,0.381567,enp,endpoint,T25_T100,75,8,0.0029977,0.0029977,0.00232532,0.000822123,0.00105369,0.00494171,3.64629,0.00821827,0.443786,True,False,3.99693e-05,3.99693e-05
K6-medium-r10239,6,medium,2.78638,1.47595,1.64604,178.198,118.972,0.889014,0.48877,0.3552,enp,endpoint,T25_T100,75,8,0.000496806,0.000496806,0.000949009,0.000335525,-0.000296585,0.0012902,1.48068,0.182239,0.650428,False,False,6.62408e-06,6.62408e-06
K8-high-r00002,8,high,0.503662,2.09631,1.50894,102.495,113.64,0.759814,0.241699,0.314331,enp,endpoint,T25_T100,75,8,7.19179e-05,0.00159684,0.00222888,0.000788028,-0.00179147,0.00193531,0.0912631,0.92984,1,False,False,9.58905e-07,2.12913e-05
K8-high-r02072,8,high,0.70874,2.53674,1.60386,161.128,102.214,0.193799,0.60498,0.414526,enp,endpoint,T25_T100,75,8,0.00688569,0.024802,0.0329714,0.0116571,-0.0206791,0.0344504,0.590684,0.5733,0.859973,False,False,9.18092e-05,0.000330693
K8-high-r04090,8,high,2.1687,2.68713,1.94663,79.8584,192.478,0.248291,0.770996,0.209741,enp,endpoint,T25_T100,75,8,-0.00794932,0.0118865,0.0137311,0.00485469,-0.0194288,0.0035302,-1.63745,0.145548,0.650428,False,False,-0.000105991,0.000158486
K8-high-r06159,8,high,0.974854,2.17957,0.617725,170.405,29.4702,0.0821777,0.443848,0.370142,enp,endpoint,T25_T100,75,8,-0.0193609,0.0444579,0.0572603,0.0202446,-0.0672317,0.0285099,-0.956349,0.37075,0.715017,False,False,-0.000258145,0.000592771
K8-high-r08178,8,high,1.9563,2.69519,1.39028,92.29,163.723,0.700928,0.223145,0.381567,enp,endpoint,T25_T100,75,8,0.00148007,0.00735951,0.00994939,0.00351764,-0.00683782,0.00979797,0.420758,0.686549,0.896969,False,False,1.97343e-05,9.81268e-05
K8-high-r10229,8,high,1.53638,2.85095,2.99604,83.1982,21.4722,0.439014,0.98877,0.1302,enp,endpoint,T25_T100,75,8,0.00640943,0.0100629,0.0100443,0.00355119,-0.0019878,0.0148067,1.80487,0.114069,0.650428,False,False,8.54591e-05,0.000134172
K8-low-r00012,8,low,1.75366,0.721313,2.85894,197.495,16.1401,0.309814,0.741699,0.0893311,enp,endpoint,T25_T100,75,8,1.58274e-05,2.78503e-05,4.9796e-05,1.76055e-05,-2.58031e-05,5.74579e-05,0.899001,0.39852,0.742072,False,False,2.11032e-07,3.71338e-07
K8-low-r02027,8,low,2.89624,0.973755,1.26636,137.378,126.589,0.531299,0.972168,0.358276,enp,endpoint,T25_T100,75,8,0,0,0,0,0,0,0,1,1,False,False,0,0
K8-low-r04112,8,low,1.5437,0.7052,2.62163,32.3584,46.228,0.473291,0.520996,0.322241,enp,endpoint,T25_T100,75,8,-0.00602968,0.013263,0.0172685,0.00610535,-0.0204665,0.00840718,-0.987606,0.356245,0.71249,False,False,-8.03958e-05,0.00017684
K8-low-r06143,8,low,2.16626,0.616577,1.96772,101.567,170.959,0.19292,0.900879,0.39563,enp,endpoint,T25_T100,75,8,-0.000350641,0.000413827,0.000479571,0.000169554,-0.000751572,5.02902e-05,-2.06802,0.0774427,0.650428,False,False,-4.67521e-06,5.51769e-06
K8-low-r08201,8,low,2.99146,0.28894,1.05278,21.04,41.8481,0.363428,0.848145,0.361353,enp,endpoint,T25_T100,75,8,0,0,0,0,0,0,0,1,1,False,False,0,0
K8-low-r10228,8,low,1.75122,0.600464,1.46411,171.704,30.4224,0.141943,0.617676,0.1302,enp,endpoint,T25_T100,75,8,1.56965e-05,2.21711e-05,3.29943e-05,1.16652e-05,-1.18874e-05,4.32804e-05,1.34558,0.220391,0.661172,False,False,2.09286e-07,2.95614e-07
K8-medium-r00000,8,medium,0.503662,1.28528,1.50894,102.495,113.64,0.759814,0.241699,0.314331,enp,endpoint,T25_T100,75,8,0.00110676,0.00110676,0.00173158,0.000612207,-0.000340882,0.0025544,1.80782,0.113577,0.650428,False,False,1.47568e-05,1.47568e-05
K8-medium-r02040,8,medium,1.33374,1.3175,2.27886,18.6279,53.4644,0.418799,0.35498,0.302026,enp,endpoint,T25_T100,75,8,-0.0585685,0.0628715,0.072116,0.0254969,-0.118859,0.00172202,-2.29709,0.0552278,0.650428,False,False,-0.000780913,0.000838287
K8-medium-r04088,8,medium,0.918701,1.31213,0.596631,174.858,94.978,0.698291,0.270996,0.389038,enp,endpoint,T25_T100,75,8,0.00767462,0.0141652,0.0179707,0.00635359,-0.00734923,0.0226985,1.20792,0.2663,0.71249,False,False,0.000102328,0.000188869
K8-medium-r06128,8,medium,1.54126,1.30408,0.984229,54.0674,24.7095,0.86792,0.650879,0.257642,enp,endpoint,T25_T100,75,8,-0.000336079,0.00644509,0.00849923,0.00300493,-0.00744161,0.00676945,-0.111842,0.914088,1,False,False,-4.48105e-06,8.59346e-05
K8-medium-r08179,8,medium,2.05396,1.76599,1.99409,168.55,195.906,0.491748,0.766113,0.381567,enp,endpoint,T25_T100,75,8,-0.00256455,0.00394969,0.00457406,0.00161717,-0.00638856,0.00125946,-1.58582,0.1568,0.650428,False,False,-3.4194e-05,5.26626e-05
K8-medium-r10239,8,medium,2.78638,1.47595,1.64604,178.198,118.972,0.889014,0.48877,0.3552,enp,endpoint,T25_T100,75,8,0.000459593,0.000459593,0.00071372,0.000252338,-0.000137092,0.00105628,1.82134,0.11135,0.650428,False,False,6.12791e-06,6.12791e-06
K9-high-r00002,9,high,0.503662,2.09631,1.50894,102.495,113.64,0.759814,0.241699,0.314331,enp,endpoint,T25_T100,75,8,0.00200201,0.00268353,0.00288053,0.00101842,-0.000406169,0.00441019,1.9658,0.0900467,0.650428,False,False,2.66935e-05,3.57805e-05
K9-high-r02072,9,high,0.70874,2.53674,1.60386,161.128,102.214,0.193799,0.60498,0.414526,enp,endpoint,T25_T100,75,8,-0.0229232,0.0552603,0.108867,0.0384904,-0.113938,0.0680921,-0.595556,0.570217,0.859973,False,False,-0.000305642,0.000736803
K9-high-r04090,9,high,2.1687,2.68713,1.94663,79.8584,192.478,0.248291,0.770996,0.209741,enp,endpoint,T25_T100,75,8,0.0021349,0.0126955,0.0156813,0.00554416,-0.010975,0.0152448,0.385071,0.711618,0.896969,False,False,2.84653e-05,0.000169274
K9-high-r06159,9,high,0.974854,2.17957,0.617725,170.405,29.4702,0.0821777,0.443848,0.370142,enp,endpoint,T25_T100,75,8,0.0389475,0.142033,0.176207,0.0622986,-0.108365,0.18626,0.625175,0.551684,0.859973,False,False,0.0005193,0.00189378
K9-high-r08178,9,high,1.9563,2.69519,1.39028,92.29,163.723,0.700928,0.223145,0.381567,enp,endpoint,T25_T100,75,8,-0.00304941,0.0126502,0.0155288,0.00549025,-0.0160318,0.00993297,-0.555423,0.595901,0.859973,False,False,-4.06588e-05,0.00016867
K9-high-r10229,9,high,1.53638,2.85095,2.99604,83.1982,21.4722,0.439014,0.98877,0.1302,enp,endpoint,T25_T100,75,8,0.00064094,0.0125804,0.0167847,0.0059343,-0.0133914,0.0146733,0.108006,0.917022,1,False,False,8.54587e-06,0.000167738
K9-low-r00012,9,low,1.75366,0.721313,2.85894,197.495,16.1401,0.309814,0.741699,0.0893311,enp,endpoint,T25_T100,75,8,5.34988e-05,9.722e-05,0.000104993,3.71206e-05,-3.42774e-05,0.000141275,1.44122,0.192719,0.650428,False,False,7.13317e-07,1.29627e-06
K9-low-r02027,9,low,2.89624,0.973755,1.26636,137.378,126.589,0.531299,0.972168,0.358276,enp,endpoint,T25_T100,75,8,-5.08947e-05,5.08947e-05,0.000106788,3.77552e-05,-0.000140172,3.83823e-05,-1.34802,0.219644,0.661172,False,False,-6.78596e-07,6.78596e-07
K9-low-r04112,9,low,1.5437,0.7052,2.62163,32.3584,46.228,0.473291,0.520996,0.322241,enp,endpoint,T25_T100,75,8,-0.00523094,0.0106802,0.0132778,0.00469441,-0.0163315,0.00586958,-1.11429,0.301946,0.71249,False,False,-6.97458e-05,0.000142402
K9-low-r06143,9,low,2.16626,0.616577,1.96772,101.567,170.959,0.19292,0.900879,0.39563,enp,endpoint,T25_T100,75,8,-0.000219237,0.00063236,0.000766922,0.000271148,-0.0008604,0.000421926,-0.80855,0.44538,0.801684,False,False,-2.92316e-06,8.43147e-06
K9-low-r08201,9,low,2.99146,0.28894,1.05278,21.04,41.8481,0.363428,0.848145,0.361353,enp,endpoint,T25_T100,75,8,-2.02227e-06,1.24392e-05,2.03829e-05,7.20644e-06,-1.90628e-05,1.50182e-05,-0.28062,0.787115,0.944538,False,False,-2.69636e-08,1.65856e-07
K9-low-r10228,9,low,1.75122,0.600464,1.46411,171.704,30.4224,0.141943,0.617676,0.1302,enp,endpoint,T25_T100,75,8,-6.55277e-06,4.55963e-05,5.75718e-05,2.03547e-05,-5.4684e-05,4.15785e-05,-0.321929,0.756907,0.928932,False,False,-8.73703e-08,6.07951e-07
K9-medium-r00000,9,medium,0.503662,1.28528,1.50894,102.495,113.64,0.759814,0.241699,0.314331,enp,endpoint,T25_T100,75,8,-0.000376369,0.00122048,0.00196704,0.000695452,-0.00202085,0.00126811,-0.541186,0.605166,0.859973,False,False,-5.01826e-06,1.62731e-05
K9-medium-r02040,9,medium,1.33374,1.3175,2.27886,18.6279,53.4644,0.418799,0.35498,0.302026,enp,endpoint,T25_T100,75,8,-0.0700189,0.141807,0.163375,0.0577619,-0.206604,0.0665663,-1.2122,0.264758,0.71249,False,False,-0.000933585,0.00189076
K9-medium-r04088,9,medium,0.918701,1.31213,0.596631,174.858,94.978,0.698291,0.270996,0.389038,enp,endpoint,T25_T100,75,8,0.00988073,0.0143932,0.018826,0.00665599,-0.00585819,0.0256196,1.48449,0.181256,0.650428,False,False,0.000131743,0.00019191
K9-medium-r06128,9,medium,1.54126,1.30408,0.984229,54.0674,24.7095,0.86792,0.650879,0.257642,enp,endpoint,T25_T100,75,8,0.000986356,0.00607597,0.00728262,0.00257479,-0.00510207,0.00707478,0.383082,0.713027,0.896969,False,False,1.31514e-05,8.1013e-05
K9-medium-r08179,9,medium,2.05396,1.76599,1.99409,168.55,195.906,0.491748,0.766113,0.381567,enp,endpoint,T25_T100,75,8,-0.00500374,0.00662484,0.00888551,0.0031415,-0.0124322,0.00242474,-1.59278,0.155236,0.650428,False,False,-6.67165e-05,8.83312e-05
K9-medium-r10239,9,medium,2.78638,1.47595,1.64604,178.198,118.972,0.889014,0.48877,0.3552,enp,endpoint,T25_T100,75,8,-0.000121941,0.000582504,0.000904419,0.00031976,-0.000878055,0.000634172,-0.381352,0.714253,0.896969,False,False,-1.62589e-06,7.76672e-06
K6-high-r00002,6,high,0.503662,2.09631,1.50894,102.495,113.64,0.759814,0.241699,0.314331,enp,endpoint,T25_T50,25,8,0.000438825,0.000438825,0.000748952,0.000264794,-0.000187314,0.00106496,1.65723,0.141441,0.996489,False,False,1.7553e-05,1.7553e-05
K6-high-r02072,6,high,0.70874,2.53674,1.60386,161.128,102.214,0.193799,0.60498,0.414526,enp,endpoint,T25_T50,25,8,-0.0046387,0.0313532,0.0422073,0.0149225,-0.0399249,0.0306475,-0.310852,0.764965,1,False,False,-0.000185548,0.00125413
K6-high-r04090,6,high,2.1687,2.68713,1.94663,79.8584,192.478,0.248291,0.770996,0.209741,enp,endpoint,T25_T50,25,8,0.00724151,0.0215761,0.0265705,0.00939407,-0.0149719,0.029455,0.770859,0.466008,1,False,False,0.00028966,0.000863045
K6-high-r06159,6,high,0.974854,2.17957,0.617725,170.405,29.4702,0.0821777,0.443848,0.370142,enp,endpoint,T25_T50,25,8,0.0259331,0.0440098,0.0552198,0.0195232,-0.0202319,0.072098,1.32832,0.22574,0.996489,False,False,0.00103732,0.00176039
K6-high-r08178,6,high,1.9563,2.69519,1.39028,92.29,163.723,0.700928,0.223145,0.381567,enp,endpoint,T25_T50,25,8,-0.00163772,0.0105402,0.0178963,0.0063273,-0.0165994,0.013324,-0.258833,0.80321,1,False,False,-6.55086e-05,0.000421606
K6-high-r10229,6,high,1.53638,2.85095,2.99604,83.1982,21.4722,0.439014,0.98877,0.1302,enp,endpoint,T25_T50,25,8,-0.00117602,0.00639315,0.00802614,0.00283767,-0.00788605,0.005534,-0.414432,0.690962,1,False,False,-4.70409e-05,0.000255726
K6-low-r00012,6,low,1.75366,0.721313,2.85894,197.495,16.1401,0.309814,0.741699,0.0893311,enp,endpoint,T25_T50,25,8,0,0,0,0,0,0,0,1,1,False,False,0,0
K6-low-r02027,6,low,2.89624,0.973755,1.26636,137.378,126.589,0.531299,0.972168,0.358276,enp,endpoint,T25_T50,25,8,0,0,0,0,0,0,0,1,1,False,False,0,0
K6-low-r04112,6,low,1.5437,0.7052,2.62163,32.3584,46.228,0.473291,0.520996,0.322241,enp,endpoint,T25_T50,25,8,-0.00829775,0.0157387,0.0211333,0.00747177,-0.0259657,0.00937017,-1.11055,0.303449,0.996489,False,False,-0.00033191,0.000629547
K6-low-r06143,6,low,2.16626,0.616577,1.96772,101.567,170.959,0.19292,0.900879,0.39563,enp,endpoint,T25_T50,25,8,5.09763e-05,5.09763e-05,0.000144183,5.09763e-05,-6.95635e-05,0.000171516,1,0.350617,0.996489,False,False,2.03905e-06,2.03905e-06
K6-low-r08201,6,low,2.99146,0.28894,1.05278,21.04,41.8481,0.363428,0.848145,0.361353,enp,endpoint,T25_T50,25,8,0,0,0,0,0,0,0,1,1,False,False,0,0
K6-low-r10228,6,low,1.75122,0.600464,1.46411,171.704,30.4224,0.141943,0.617676,0.1302,enp,endpoint,T25_T50,25,8,4.44561e-05,0.000128978,0.00028779,0.000101749,-0.000196143,0.000285055,0.436918,0.675332,1,False,False,1.77824e-06,5.15912e-06
K6-medium-r00000,6,medium,0.503662,1.28528,1.50894,102.495,113.64,0.759814,0.241699,0.314331,enp,endpoint,T25_T50,25,8,-0.000461004,0.00145704,0.00227774,0.000805304,-0.00236524,0.00144324,-0.57246,0.584919,1,False,False,-1.84402e-05,5.82816e-05
K6-medium-r02040,6,medium,1.33374,1.3175,2.27886,18.6279,53.4644,0.418799,0.35498,0.302026,enp,endpoint,T25_T50,25,8,0.00165264,0.0695314,0.0787001,0.0278247,-0.0641423,0.0674476,0.0593946,0.954298,1,False,False,6.61055e-05,0.00278125
K6-medium-r04088,6,medium,0.918701,1.31213,0.596631,174.858,94.978,0.698291,0.270996,0.389038,enp,endpoint,T25_T50,25,8,0.000951536,0.0182864,0.0281171,0.00994091,-0.022555,0.0244581,0.0957191,0.926426,1,False,False,3.80614e-05,0.000731455
K6-medium-r06128,6,medium,1.54126,1.30408,0.984229,54.0674,24.7095,0.86792,0.650879,0.257642,enp,endpoint,T25_T50,25,8,0.00289676,0.00422491,0.00523695,0.00185154,-0.00148144,0.00727496,1.56451,0.161675,0.996489,False,False,0.000115871,0.000168996
K6-medium-r08179,6,medium,2.05396,1.76599,1.99409,168.55,195.906,0.491748,0.766113,0.381567,enp,endpoint,T25_T50,25,8,0.00125899,0.00191936,0.00279152,0.00098695,-0.00107477,0.00359276,1.27564,0.24278,0.996489,False,False,5.03598e-05,7.67746e-05
K6-medium-r10239,6,medium,2.78638,1.47595,1.64604,178.198,118.972,0.889014,0.48877,0.3552,enp,endpoint,T25_T50,25,8,4.23822e-05,0.000563502,0.00120737,0.00042687,-0.000967006,0.00105177,0.0992858,0.923695,1,False,False,1.69529e-06,2.25401e-05
K8-high-r00002,8,high,0.503662,2.09631,1.50894,102.495,113.64,0.759814,0.241699,0.314331,enp,endpoint,T25_T50,25,8,-6.70457e-05,0.00163193,0.00241902,0.000855253,-0.0020894,0.00195531,-0.0783928,0.939709,1,False,False,-2.68183e-06,6.52772e-05
K8-high-r02072,8,high,0.70874,2.53674,1.60386,161.128,102.214,0.193799,0.60498,0.414526,enp,endpoint,T25_T50,25,8,0.00544766,0.0187104,0.0248365,0.00878103,-0.0153162,0.0262115,0.62039,0.554653,1,False,False,0.000217907,0.000748418
K8-high-r04090,8,high,2.1687,2.68713,1.94663,79.8584,192.478,0.248291,0.770996,0.209741,enp,endpoint,T25_T50,25,8,0.00369278,0.0169482,0.0199109,0.00703956,-0.0129531,0.0203387,0.524575,0.616076,1,False,False,0.000147711,0.000677927
K8-high-r06159,8,high,0.974854,2.17957,0.617725,170.405,29.4702,0.0821777,0.443848,0.370142,enp,endpoint,T25_T50,25,8,0.00324877,0.0565985,0.081219,0.0287153,-0.064652,0.0711496,0.113137,0.913098,1,False,False,0.000129951,0.00226394
K8-high-r08178,8,high,1.9563,2.69519,1.39028,92.29,163.723,0.700928,0.223145,0.381567,enp,endpoint,T25_T50,25,8,-0.00103324,0.00758005,0.00988206,0.00349384,-0.00929484,0.00722837,-0.295731,0.776015,1,False,False,-4.13294e-05,0.000303202
K8-high-r10229,8,high,1.53638,2.85095,2.99604,83.1982,21.4722,0.439014,0.98877,0.1302,enp,endpoint,T25_T50,25,8,-0.00272005,0.00593691,0.00769105,0.0027192,-0.00914993,0.00370983,-1.00031,0.350475,0.996489,False,False,-0.000108802,0.000237476
K8-low-r00012,8,low,1.75366,0.721313,2.85894,197.495,16.1401,0.309814,0.741699,0.0893311,enp,endpoint,T25_T50,25,8,2.70971e-05,4.0303e-05,7.00626e-05,2.47709e-05,-3.14767e-05,8.56709e-05,1.09391,0.310202,0.996489,False,False,1.08388e-06,1.61212e-06
K8-low-r02027,8,low,2.89624,0.973755,1.26636,137.378,126.589,0.531299,0.972168,0.358276,enp,endpoint,T25_T50,25,8,0,0,0,0,0,0,0,1,1,False,False,0,0
K8-low-r04112,8,low,1.5437,0.7052,2.62163,32.3584,46.228,0.473291,0.520996,0.322241,enp,endpoint,T25_T50,25,8,0.0107731,0.0200829,0.0272265,0.009626,-0.0119888,0.033535,1.11917,0.299996,0.996489,False,False,0.000430925,0.000803315
K8-low-r06143,8,low,2.16626,0.616577,1.96772,101.567,170.959,0.19292,0.900879,0.39563,enp,endpoint,T25_T50,25,8,1.34628e-07,0.000207,0.00029488,0.000104256,-0.000246392,0.000246661,0.00129132,0.999006,1,False,False,5.38513e-09,8.28e-06
K8-low-r08201,8,low,2.99146,0.28894,1.05278,21.04,41.8481,0.363428,0.848145,0.361353,enp,endpoint,T25_T50,25,8,0,0,0,0,0,0,0,1,1,False,False,0,0
K8-low-r10228,8,low,1.75122,0.600464,1.46411,171.704,30.4224,0.141943,0.617676,0.1302,enp,endpoint,T25_T50,25,8,1.13914e-05,3.29638e-05,4.86925e-05,1.72154e-05,-2.93165e-05,5.20993e-05,0.661699,0.529336,1,False,False,4.55656e-07,1.31855e-06
K8-medium-r00000,8,medium,0.503662,1.28528,1.50894,102.495,113.64,0.759814,0.241699,0.314331,enp,endpoint,T25_T50,25,8,0.000550022,0.000629837,0.00127473,0.000450685,-0.000515679,0.00161572,1.22041,0.261821,0.996489,False,False,2.20009e-05,2.51935e-05
K8-medium-r02040,8,medium,1.33374,1.3175,2.27886,18.6279,53.4644,0.418799,0.35498,0.302026,enp,endpoint,T25_T50,25,8,-0.00584701,0.0707211,0.101607,0.0359236,-0.0907927,0.0790987,-0.162763,0.875304,1,False,False,-0.00023388,0.00282884
K8-medium-r04088,8,medium,0.918701,1.31213,0.596631,174.858,94.978,0.698291,0.270996,0.389038,enp,endpoint,T25_T50,25,8,0.00505237,0.0229408,0.0273194,0.00965887,-0.0177872,0.027892,0.523081,0.617062,1,False,False,0.000202095,0.00091763
K8-medium-r06128,8,medium,1.54126,1.30408,0.984229,54.0674,24.7095,0.86792,0.650879,0.257642,enp,endpoint,T25_T50,25,8,0.000817752,0.00788133,0.0104413,0.00369157,-0.00791142,0.00954692,0.221519,0.831012,1,False,False,3.27101e-05,0.000315253
K8-medium-r08179,8,medium,2.05396,1.76599,1.99409,168.55,195.906,0.491748,0.766113,0.381567,enp,endpoint,T25_T50,25,8,-0.00286844,0.00366789,0.00385877,0.00136428,-0.00609445,0.000357579,-2.10252,0.0735964,0.996489,False,False,-0.000114737,0.000146716
K8-medium-r10239,8,medium,2.78638,1.47595,1.64604,178.198,118.972,0.889014,0.48877,0.3552,enp,endpoint,T25_T50,25,8,0.000189338,0.000189338,0.000535529,0.000189338,-0.000258375,0.000637051,1,0.350617,0.996489,False,False,7.57352e-06,7.57352e-06
K9-high-r00002,9,high,0.503662,2.09631,1.50894,102.495,113.64,0.759814,0.241699,0.314331,enp,endpoint,T25_T50,25,8,0.00175315,0.00237124,0.00245161,0.000866777,-0.000296449,0.00380275,2.02261,0.0828107,0.996489,False,False,7.01261e-05,9.48497e-05
K9-high-r02072,9,high,0.70874,2.53674,1.60386,161.128,102.214,0.193799,0.60498,0.414526,enp,endpoint,T25_T50,25,8,-0.00123028,0.0251699,0.035342,0.0124953,-0.030777,0.0283164,-0.0984593,0.924328,1,False,False,-4.92111e-05,0.00100679
K9-high-r04090,9,high,2.1687,2.68713,1.94663,79.8584,192.478,0.248291,0.770996,0.209741,enp,endpoint,T25_T50,25,8,0.00817792,0.0151061,0.0156063,0.00551765,-0.00486925,0.0212251,1.48214,0.181862,0.996489,False,False,0.000327117,0.000604245
K9-high-r06159,9,high,0.974854,2.17957,0.617725,170.405,29.4702,0.0821777,0.443848,0.370142,enp,endpoint,T25_T50,25,8,0.0190432,0.174989,0.203222,0.0718498,-0.150855,0.188941,0.265042,0.798612,1,False,False,0.000761729,0.00699956
K9-high-r08178,9,high,1.9563,2.69519,1.39028,92.29,163.723,0.700928,0.223145,0.381567,enp,endpoint,T25_T50,25,8,0.0059772,0.014727,0.0253966,0.00897905,-0.0152549,0.0272093,0.665683,0.526933,1,False,False,0.000239088,0.000589079
K9-high-r10229,9,high,1.53638,2.85095,2.99604,83.1982,21.4722,0.439014,0.98877,0.1302,enp,endpoint,T25_T50,25,8,0.00228506,0.00954181,0.0114154,0.00403594,-0.00725842,0.0118285,0.566177,0.588956,1,False,False,9.14023e-05,0.000381673
K9-low-r00012,9,low,1.75366,0.721313,2.85894,197.495,16.1401,0.309814,0.741699,0.0893311,enp,endpoint,T25_T50,25,8,-4.07356e-05,7.37333e-05,9.55394e-05,3.37783e-05,-0.000120608,3.91373e-05,-1.20597,0.267004,0.996489,False,False,-1.62942e-06,2.94933e-06
K9-low-r02027,9,low,2.89624,0.973755,1.26636,137.378,126.589,0.531299,0.972168,0.358276,enp,endpoint,T25_T50,25,8,-1.42291e-05,6.18615e-05,0.000134864,4.76817e-05,-0.000126978,9.85201e-05,-0.298419,0.774047,1,False,False,-5.69165e-07,2.47446e-06
K9-low-r04112,9,low,1.5437,0.7052,2.62163,32.3584,46.228,0.473291,0.520996,0.322241,enp,endpoint,T25_T50,25,8,-0.0020783,0.00877116,0.0157533,0.00556963,-0.0152484,0.0110918,-0.373148,0.720081,1,False,False,-8.31319e-05,0.000350846
K9-low-r06143,9,low,2.16626,0.616577,1.96772,101.567,170.959,0.19292,0.900879,0.39563,enp,endpoint,T25_T50,25,8,-3.57723e-06,0.000319389,0.000442609,0.000156486,-0.000373607,0.000366453,-0.0228598,0.9824,1,False,False,-1.43089e-07,1.27756e-05
K9-low-r08201,9,low,2.99146,0.28894,1.05278,21.04,41.8481,0.363428,0.848145,0.361353,enp,endpoint,T25_T50,25,8,2.2158e-05,2.76344e-05,4.77232e-05,1.68727e-05,-1.77396e-05,6.20556e-05,1.31324,0.230508,0.996489,False,False,8.86319e-07,1.10537e-06
K9-low-r10228,9,low,1.75122,0.600464,1.46411,171.704,30.4224,0.141943,0.617676,0.1302,enp,endpoint,T25_T50,25,8,-3.79691e-05,5.16103e-05,9.04046e-05,3.19628e-05,-0.000113549,3.76111e-05,-1.18791,0.273606,0.996489,False,False,-1.51876e-06,2.06441e-06
K9-medium-r00000,9,medium,0.503662,1.28528,1.50894,102.495,113.64,0.759814,0.241699,0.314331,enp,endpoint,T25_T50,25,8,-0.000179955,0.000179955,0.000508991,0.000179955,-0.000605483,0.000245572,-1,0.350617,0.996489,False,False,-7.19822e-06,7.19822e-06
K9-medium-r02040,9,medium,1.33374,1.3175,2.27886,18.6279,53.4644,0.418799,0.35498,0.302026,enp,endpoint,T25_T50,25,8,0.0186403,0.132313,0.170055,0.0601236,-0.123529,0.16081,0.310034,0.765562,1,False,False,0.000745614,0.00529251
K9-medium-r04088,9,medium,0.918701,1.31213,0.596631,174.858,94.978,0.698291,0.270996,0.389038,enp,endpoint,T25_T50,25,8,-0.00585232,0.0206932,0.0235806,0.00833702,-0.0255662,0.0138616,-0.701968,0.505363,1,False,False,-0.000234093,0.000827729
K9-medium-r06128,9,medium,1.54126,1.30408,0.984229,54.0674,24.7095,0.86792,0.650879,0.257642,enp,endpoint,T25_T50,25,8,-0.000677914,0.00669055,0.00884407,0.00312685,-0.00807174,0.00671591,-0.216804,0.834544,1,False,False,-2.71166e-05,0.000267622
K9-medium-r08179,9,medium,2.05396,1.76599,1.99409,168.55,195.906,0.491748,0.766113,0.381567,enp,endpoint,T25_T50,25,8,0.00495023,0.00951804,0.0124169,0.00439003,-0.00543054,0.015331,1.12761,0.296648,0.996489,False,False,0.000198009,0.000380722
K9-medium-r10239,9,medium,2.78638,1.47595,1.64604,178.198,118.972,0.889014,0.48877,0.3552,enp,endpoint,T25_T50,25,8,1.99865e-06,0.000750682,0.0010469,0.000370135,-0.000873232,0.000877229,0.00539979,0.995842,1,False,False,7.99461e-08,3.00273e-05
K6-high-r00002,6,high,0.503662,2.09631,1.50894,102.495,113.64,0.759814,0.241699,0.314331,enp,endpoint,T50_T100,50,8,-8.97446e-05,0.000662894,0.0011732,0.000414787,-0.00107056,0.000891071,-0.216363,0.834875,0.979873,False,False,-1.79489e-06,1.32579e-05
K6-high-r02072,6,high,0.70874,2.53674,1.60386,161.128,102.214,0.193799,0.60498,0.414526,enp,endpoint,T50_T100,50,8,0.00176128,0.0354846,0.0461557,0.0163185,-0.0368258,0.0403484,0.107932,0.917078,0.990445,False,False,3.52257e-05,0.000709693
K6-high-r04090,6,high,2.1687,2.68713,1.94663,79.8584,192.478,0.248291,0.770996,0.209741,enp,endpoint,T50_T100,50,8,-0.0108613,0.0189385,0.0200936,0.00710415,-0.02766,0.00593733,-1.52887,0.170143,0.666682,False,False,-0.000217227,0.00037877
K6-high-r06159,6,high,0.974854,2.17957,0.617725,170.405,29.4702,0.0821777,0.443848,0.370142,enp,endpoint,T50_T100,50,8,-0.0540599,0.0724538,0.0975219,0.0344792,-0.13559,0.0274704,-1.5679,0.160891,0.666682,False,False,-0.0010812,0.00144908
K6-high-r08178,6,high,1.9563,2.69519,1.39028,92.29,163.723,0.700928,0.223145,0.381567,enp,endpoint,T50_T100,50,8,-0.00510272,0.0191643,0.0269321,0.00952195,-0.0276186,0.0174131,-0.535891,0.608633,0.9307,False,False,-0.000102054,0.000383286
K6-high-r10229,6,high,1.53638,2.85095,2.99604,83.1982,21.4722,0.439014,0.98877,0.1302,enp,endpoint,T50_T100,50,8,-0.000944185,0.00589612,0.00743691,0.00262934,-0.0071616,0.00527323,-0.359095,0.730111,0.945935,False,False,-1.88837e-05,0.000117922
K6-low-r00012,6,low,1.75366,0.721313,2.85894,197.495,16.1401,0.309814,0.741699,0.0893311,enp,endpoint,T50_T100,50,8,-0.000538711,0.000538711,0.0010498,0.000371161,-0.00141637,0.000338944,-1.45142,0.189958,0.666682,False,False,-1.07742e-05,1.07742e-05
K6-low-r02027,6,low,2.89624,0.973755,1.26636,137.378,126.589,0.531299,0.972168,0.358276,enp,endpoint,T50_T100,50,8,0,0,0,0,0,0,0,1,1,False,False,0,0
K6-low-r04112,6,low,1.5437,0.7052,2.62163,32.3584,46.228,0.473291,0.520996,0.322241,enp,endpoint,T50_T100,50,8,0.00491226,0.016606,0.0214525,0.00758459,-0.0130224,0.022847,0.647663,0.537857,0.88013,False,False,9.82452e-05,0.00033212
K6-low-r06143,6,low,2.16626,0.616577,1.96772,101.567,170.959,0.19292,0.900879,0.39563,enp,endpoint,T50_T100,50,8,-7.26856e-05,7.26856e-05,0.000205586,7.26856e-05,-0.00024456,9.91885e-05,-1,0.350617,0.757332,False,False,-1.45371e-06,1.45371e-06
K6-low-r08201,6,low,2.99146,0.28894,1.05278,21.04,41.8481,0.363428,0.848145,0.361353,enp,endpoint,T50_T100,50,8,0,0,0,0,0,0,0,1,1,False,False,0,0
K6-low-r10228,6,low,1.75122,0.600464,1.46411,171.704,30.4224,0.141943,0.617676,0.1302,enp,endpoint,T50_T100,50,8,-0.000129974,0.000129974,0.000257981,9.121e-05,-0.000345651,8.57035e-05,-1.425,0.197182,0.666682,False,False,-2.59948e-06,2.59948e-06
K6-medium-r00000,6,medium,0.503662,1.28528,1.50894,102.495,113.64,0.759814,0.241699,0.314331,enp,endpoint,T50_T100,50,8,-0.000498018,0.000498018,0.00130342,0.00046083,-0.00158771,0.000591672,-1.0807,0.315652,0.757332,False,False,-9.96035e-06,9.96035e-06
K6-medium-r02040,6,medium,1.33374,1.3175,2.27886,18.6279,53.4644,0.418799,0.35498,0.302026,enp,endpoint,T50_T100,50,8,-0.0159506,0.0756508,0.0948776,0.0335443,-0.0952702,0.0633691,-0.475507,0.648906,0.945935,False,False,-0.000319011,0.00151302
K6-medium-r04088,6,medium,0.918701,1.31213,0.596631,174.858,94.978,0.698291,0.270996,0.389038,enp,endpoint,T50_T100,50,8,-0.00990234,0.0194264,0.0261303,0.00923847,-0.0317478,0.0119432,-1.07186,0.31934,0.757332,False,False,-0.000198047,0.000388529
K6-medium-r06128,6,medium,1.54126,1.30408,0.984229,54.0674,24.7095,0.86792,0.650879,0.257642,enp,endpoint,T50_T100,50,8,0.00119904,0.00339069,0.00479268,0.00169447,-0.00280775,0.00520582,0.707618,0.502055,0.88013,False,False,2.39807e-05,6.78138e-05
K6-medium-r08179,6,medium,2.05396,1.76599,1.99409,168.55,195.906,0.491748,0.766113,0.381567,enp,endpoint,T50_T100,50,8,0.0017387,0.0024671,0.00317029,0.00112087,-0.000911729,0.00438914,1.55121,0.164789,0.666682,False,False,3.47741e-05,4.9342e-05
K6-medium-r10239,6,medium,2.78638,1.47595,1.64604,178.198,118.972,0.889014,0.48877,0.3552,enp,endpoint,T50_T100,50,8,0.000454424,0.000454424,0.000853428,0.000301732,-0.00025906,0.00116791,1.50605,0.175777,0.666682,False,False,9.08848e-06,9.08848e-06
K8-high-r00002,8,high,0.503662,2.09631,1.50894,102.495,113.64,0.759814,0.241699,0.314331,enp,endpoint,T50_T100,50,8,0.000138964,0.00134509,0.00165313,0.000584471,-0.00124309,0.00152102,0.237759,0.818877,0.979873,False,False,2.77927e-06,2.69018e-05
K8-high-r02072,8,high,0.70874,2.53674,1.60386,161.128,102.214,0.193799,0.60498,0.414526,enp,endpoint,T50_T100,50,8,0.00143802,0.025207,0.0370276,0.0130912,-0.0295179,0.0323939,0.109846,0.915614,0.990445,False,False,2.87605e-05,0.00050414
K8-high-r04090,8,high,2.1687,2.68713,1.94663,79.8584,192.478,0.248291,0.770996,0.209741,enp,endpoint,T50_T100,50,8,-0.0116421,0.0155207,0.014344,0.00507138,-0.023634,0.000349807,-2.29565,0.0553449,0.666682,False,False,-0.000232842,0.000310414
K8-high-r06159,8,high,0.974854,2.17957,0.617725,170.405,29.4702,0.0821777,0.443848,0.370142,enp,endpoint,T50_T100,50,8,-0.0226097,0.0895375,0.119695,0.0423185,-0.122677,0.0774576,-0.534274,0.609693,0.9307,False,False,-0.000452193,0.00179075
K8-high-r08178,8,high,1.9563,2.69519,1.39028,92.29,163.723,0.700928,0.223145,0.381567,enp,endpoint,T50_T100,50,8,0.00251331,0.00817231,0.0107173,0.00378913,-0.00644655,0.0114732,0.663296,0.528372,0.88013,False,False,5.02662e-05,0.000163446
K8-high-r10229,8,high,1.53638,2.85095,2.99604,83.1982,21.4722,0.439014,0.98877,0.1302,enp,endpoint,T50_T100,50,8,0.00912948,0.013583,0.0129056,0.00456281,-0.00165984,0.0199188,2.00085,0.0855123,0.666682,False,False,0.00018259,0.00027166
K8-low-r00012,8,low,1.75366,0.721313,2.85894,197.495,16.1401,0.309814,0.741699,0.0893311,enp,endpoint,T50_T100,50,8,-1.12697e-05,2.44137e-05,4.27653e-05,1.51198e-05,-4.70224e-05,2.4483e-05,-0.74536,0.480327,0.88013,False,False,-2.25394e-07,4.88275e-07
K8-low-r02027,8,low,2.89624,0.973755,1.26636,137.378,126.589,0.531299,0.972168,0.358276,enp,endpoint,T50_T100,50,8,0,0,0,0,0,0,0,1,1,False,False,0,0
K8-low-r04112,8,low,1.5437,0.7052,2.62163,32.3584,46.228,0.473291,0.520996,0.322241,enp,endpoint,T50_T100,50,8,-0.0168028,0.024088,0.0361097,0.0127667,-0.0469913,0.0133857,-1.31614,0.229585,0.666682,False,False,-0.000336056,0.00048176
K8-low-r06143,8,low,2.16626,0.616577,1.96772,101.567,170.959,0.19292,0.900879,0.39563,enp,endpoint,T50_T100,50,8,-0.000350775,0.000417532,0.000541623,0.000191493,-0.000803583,0.000102032,-1.8318,0.109656,0.666682,False,False,-7.01551e-06,8.35063e-06
K8-low-r08201,8,low,2.99146,0.28894,1.05278,21.04,41.8481,0.363428,0.848145,0.361353,enp,endpoint,T50_T100,50,8,0,0,0,0,0,0,0,1,1,False,False,0,0
K8-low-r10228,8,low,1.75122,0.600464,1.46411,171.704,30.4224,0.141943,0.617676,0.1302,enp,endpoint,T50_T100,50,8,4.30507e-06,2.37393e-05,4.96854e-05,1.75664e-05,-3.72329e-05,4.58431e-05,0.245074,0.813429,0.979873,False,False,8.61015e-08,4.74786e-07
K8-medium-r00000,8,medium,0.503662,1.28528,1.50894,102.495,113.64,0.759814,0.241699,0.314331,enp,endpoint,T50_T100,50,8,0.000556737,0.000556737,0.00157469,0.000556737,-0.000759737,0.00187321,1,0.350617,0.757332,False,False,1.11347e-05,1.11347e-05
K8-medium-r02040,8,medium,1.33374,1.3175,2.27886,18.6279,53.4644,0.418799,0.35498,0.302026,enp,endpoint,T50_T100,50,8,-0.0527215,0.100422,0.113741,0.0402133,-0.147811,0.042368,-1.31104,0.231211,0.666682,False,False,-0.00105443,0.00200845
K8-medium-r04088,8,medium,0.918701,1.31213,0.596631,174.858,94.978,0.698291,0.270996,0.389038,enp,endpoint,T50_T100,50,8,0.00262225,0.0087756,0.010788,0.00381414,-0.00639676,0.0116413,0.687508,0.51389,0.88013,False,False,5.2445e-05,0.000175512
K8-medium-r06128,8,medium,1.54126,1.30408,0.984229,54.0674,24.7095,0.86792,0.650879,0.257642,enp,endpoint,T50_T100,50,8,-0.00115383,0.00748194,0.00882583,0.0031204,-0.0085324,0.00622474,-0.36977,0.722487,0.945935,False,False,-2.30766e-05,0.000149639
K8-medium-r08179,8,medium,2.05396,1.76599,1.99409,168.55,195.906,0.491748,0.766113,0.381567,enp,endpoint,T50_T100,50,8,0.000303887,0.00526288,0.00635472,0.00224673,-0.00500879,0.00561657,0.135257,0.896216,0.990445,False,False,6.07774e-06,0.000105258
K8-medium-r10239,8,medium,2.78638,1.47595,1.64604,178.198,118.972,0.889014,0.48877,0.3552,enp,endpoint,T50_T100,50,8,0.000270255,0.000270255,0.000582721,0.000206023,-0.000216912,0.000757422,1.31177,0.230979,0.666682,False,False,5.4051e-06,5.4051e-06
K9-high-r00002,9,high,0.503662,2.09631,1.50894,102.495,113.64,0.759814,0.241699,0.314331,enp,endpoint,T50_T100,50,8,0.000248859,0.00266616,0.00365742,0.00129309,-0.00280882,0.00330654,0.192452,0.852852,0.979873,False,False,4.97717e-06,5.33232e-05
K9-high-r02072,9,high,0.70874,2.53674,1.60386,161.128,102.214,0.193799,0.60498,0.414526,enp,endpoint,T50_T100,50,8,-0.0216929,0.0470268,0.0841957,0.0297677,-0.0920823,0.0486965,-0.72874,0.489817,0.88013,False,False,-0.000433858,0.000940537
K9-high-r04090,9,high,2.1687,2.68713,1.94663,79.8584,192.478,0.248291,0.770996,0.209741,enp,endpoint,T50_T100,50,8,-0.00604302,0.0139428,0.0168688,0.00596401,-0.0201457,0.00805962,-1.01325,0.344677,0.757332,False,False,-0.00012086,0.000278855
K9-high-r06159,9,high,0.974854,2.17957,0.617725,170.405,29.4702,0.0821777,0.443848,0.370142,enp,endpoint,T50_T100,50,8,0.0199043,0.112433,0.131692,0.0465601,-0.090193,0.130001,0.427496,0.681861,0.945935,False,False,0.000398085,0.00224866
K9-high-r08178,9,high,1.9563,2.69519,1.39028,92.29,163.723,0.700928,0.223145,0.381567,enp,endpoint,T50_T100,50,8,-0.00902662,0.0164428,0.0184435,0.00652075,-0.0244457,0.0063925,-1.38429,0.208791,0.666682,False,False,-0.000180532,0.000328857
K9-high-r10229,9,high,1.53638,2.85095,2.99604,83.1982,21.4722,0.439014,0.98877,0.1302,enp,endpoint,T50_T100,50,8,-0.00164412,0.00870654,0.0121404,0.00429226,-0.0117937,0.00850547,-0.383042,0.713055,0.945935,False,False,-3.28823e-05,0.000174131
K9-low-r00012,9,low,1.75366,0.721313,2.85894,197.495,16.1401,0.309814,0.741699,0.0893311,enp,endpoint,T50_T100,50,8,9.42344e-05,9.42344e-05,0.000113839,4.0248e-05,-9.37103e-07,0.000189406,2.34134,0.0517427,0.666682,False,False,1.88469e-06,1.88469e-06
K9-low-r02027,9,low,2.89624,0.973755,1.26636,137.378,126.589,0.531299,0.972168,0.358276,enp,endpoint,T50_T100,50,8,-3.66656e-05,3.66656e-05,6.91353e-05,2.4443e-05,-9.44641e-05,2.1133e-05,-1.50004,0.177288,0.666682,False,False,-7.33311e-07,7.33311e-07
K9-low-r04112,9,low,1.5437,0.7052,2.62163,32.3584,46.228,0.473291,0.520996,0.322241,enp,endpoint,T50_T100,50,8,-0.00315264,0.00809611,0.010138,0.00358432,-0.0116282,0.00532293,-0.879565,0.408274,0.847953,False,False,-6.30528e-05,0.000161922
K9-low-r06143,9,low,2.16626,0.616577,1.96772,101.567,170.959,0.19292,0.900879,0.39563,enp,endpoint,T50_T100,50,8,-0.000215659,0.00035089,0.00048497,0.000171463,-0.000621105,0.000189786,-1.25776,0.24881,0.671788,False,False,-4.31319e-06,7.01781e-06
K9-low-r08201,9,low,2.99146,0.28894,1.05278,21.04,41.8481,0.363428,0.848145,0.361353,enp,endpoint,T50_T100,50,8,-2.41803e-05,2.93302e-05,5.2585e-05,1.85916e-05,-6.81424e-05,1.97819e-05,-1.3006,0.234573,0.666682,False,False,-4.83605e-07,5.86603e-07
K9-low-r10228,9,low,1.75122,0.600464,1.46411,171.704,30.4224,0.141943,0.617676,0.1302,enp,endpoint,T50_T100,50,8,3.14163e-05,6.72765e-05,0.00011582,4.09485e-05,-6.54116e-05,0.000128244,0.767214,0.468037,0.88013,False,False,6.28326e-07,1.34553e-06
K9-medium-r00000,9,medium,0.503662,1.28528,1.50894,102.495,113.64,0.759814,0.241699,0.314331,enp,endpoint,T50_T100,50,8,-0.000196414,0.00104053,0.00169902,0.000600694,-0.00161683,0.001224,-0.326978,0.753244,0.945935,False,False,-3.92828e-06,2.08106e-05
K9-medium-r02040,9,medium,1.33374,1.3175,2.27886,18.6279,53.4644,0.418799,0.35498,0.302026,enp,endpoint,T50_T100,50,8,-0.0886592,0.139064,0.16168,0.0571624,-0.223827,0.0465084,-1.55101,0.164837,0.666682,False,False,-0.00177318,0.00278127
K9-medium-r04088,9,medium,0.918701,1.31213,0.596631,174.858,94.978,0.698291,0.270996,0.389038,enp,endpoint,T50_T100,50,8,0.015733,0.0212742,0.0193717,0.00684892,-0.000462088,0.0319282,2.29716,0.0552221,0.666682,False,False,0.000314661,0.000425483
K9-medium-r06128,9,medium,1.54126,1.30408,0.984229,54.0674,24.7095,0.86792,0.650879,0.257642,enp,endpoint,T50_T100,50,8,0.00166427,0.00824421,0.00908854,0.00321329,-0.00593394,0.00926248,0.517934,0.620466,0.9307,False,False,3.32854e-05,0.000164884
K9-medium-r08179,9,medium,2.05396,1.76599,1.99409,168.55,195.906,0.491748,0.766113,0.381567,enp,endpoint,T50_T100,50,8,-0.00995397,0.0100047,0.0108009,0.00381869,-0.0189837,-0.000924203,-2.60665,0.0350842,0.666682,True,False,-0.000199079,0.000200095
K9-medium-r10239,9,medium,2.78638,1.47595,1.64604,178.198,118.972,0.889014,0.48877,0.3552,enp,endpoint,T50_T100,50,8,-0.00012394,0.000472364,0.0010357,0.000366176,-0.000989809,0.000741929,-0.338471,0.744934,0.945935,False,False,-2.4788e-06,9.44728e-06
K6-high-r00002,6,high,0.503662,2.09631,1.50894,102.495,113.64,0.759814,0.241699,0.314331,enp,tail,T25_T100,75,8,0.000139791,0.000169408,0.000240163,8.49106e-05,-6.09904e-05,0.000340573,1.64633,0.143689,0.72154,False,False,1.86388e-06,2.25878e-06
K6-high-r02072,6,high,0.70874,2.53674,1.60386,161.128,102.214,0.193799,0.60498,0.414526,enp,tail,T25_T100,75,8,-0.00108581,0.0128489,0.0158381,0.0055996,-0.0143268,0.0121552,-0.193908,0.851755,1,False,False,-1.44774e-05,0.000171318
K6-high-r04090,6,high,2.1687,2.68713,1.94663,79.8584,192.478,0.248291,0.770996,0.209741,enp,tail,T25_T100,75,8,0.000132761,0.00429413,0.00535652,0.00189381,-0.0043454,0.00461092,0.0701022,0.946073,1,False,False,1.77014e-06,5.7255e-05
K6-high-r06159,6,high,0.974854,2.17957,0.617725,170.405,29.4702,0.0821777,0.443848,0.370142,enp,tail,T25_T100,75,8,-0.0160236,0.0447609,0.0659452,0.0233151,-0.0711552,0.0391079,-0.687262,0.514036,0.81641,False,False,-0.000213648,0.000596812
K6-high-r08178,6,high,1.9563,2.69519,1.39028,92.29,163.723,0.700928,0.223145,0.381567,enp,tail,T25_T100,75,8,9.05431e-06,0.0046551,0.00558697,0.00197529,-0.00466177,0.00467988,0.00458378,0.996471,1,False,False,1.20724e-07,6.2068e-05
K6-high-r10229,6,high,1.53638,2.85095,2.99604,83.1982,21.4722,0.439014,0.98877,0.1302,enp,tail,T25_T100,75,8,-4.94885e-05,0.00100588,0.00115669,0.000408953,-0.00101651,0.000917532,-0.121013,0.907081,1,False,False,-6.59846e-07,1.34118e-05
K6-low-r00012,6,low,1.75366,0.721313,2.85894,197.495,16.1401,0.309814,0.741699,0.0893311,enp,tail,T25_T100,75,8,-9.01935e-05,0.000120421,0.000174664,6.17531e-05,-0.000236216,5.58295e-05,-1.46055,0.187519,0.72154,False,False,-1.20258e-06,1.60561e-06
K6-low-r02027,6,low,2.89624,0.973755,1.26636,137.378,126.589,0.531299,0.972168,0.358276,enp,tail,T25_T100,75,8,0,0,0,0,0,0,0,1,1,False,False,0,0
K6-low-r04112,6,low,1.5437,0.7052,2.62163,32.3584,46.228,0.473291,0.520996,0.322241,enp,tail,T25_T100,75,8,0.000957833,0.00328899,0.00525136,0.00185664,-0.00343241,0.00534808,0.515897,0.621817,0.883634,False,False,1.27711e-05,4.38532e-05
K6-low-r06143,6,low,2.16626,0.616577,1.96772,101.567,170.959,0.19292,0.900879,0.39563,enp,tail,T25_T100,75,8,8.0605e-05,0.000102908,0.000210072,7.42716e-05,-9.50195e-05,0.00025623,1.08527,0.313756,0.770129,False,False,1.07473e-06,1.37211e-06
K6-low-r08201,6,low,2.99146,0.28894,1.05278,21.04,41.8481,0.363428,0.848145,0.361353,enp,tail,T25_T100,75,8,0,0,0,0,0,0,0,1,1,False,False,0,0
K6-low-r10228,6,low,1.75122,0.600464,1.46411,171.704,30.4224,0.141943,0.617676,0.1302,enp,tail,T25_T100,75,8,2.67401e-05,3.42072e-05,6.56618e-05,2.3215e-05,-2.81546e-05,8.16347e-05,1.15185,0.287201,0.756471,False,False,3.56534e-07,4.56096e-07
K6-medium-r00000,6,medium,0.503662,1.28528,1.50894,102.495,113.64,0.759814,0.241699,0.314331,enp,tail,T25_T100,75,8,-0.000193765,0.000346544,0.000413989,0.000146367,-0.000539869,0.000152338,-1.32383,0.227151,0.72154,False,False,-2.58354e-06,4.62059e-06
K6-medium-r02040,6,medium,1.33374,1.3175,2.27886,18.6279,53.4644,0.418799,0.35498,0.302026,enp,tail,T25_T100,75,8,0.0178314,0.0241223,0.0289313,0.0102288,-0.00635583,0.0420186,1.74326,0.124815,0.72154,False,False,0.000237752,0.000321631
K6-medium-r04088,6,medium,0.918701,1.31213,0.596631,174.858,94.978,0.698291,0.270996,0.389038,enp,tail,T25_T100,75,8,-0.000647467,0.00692318,0.00875785,0.00309637,-0.00796922,0.00667428,-0.209105,0.840321,1,False,False,-8.63289e-06,9.23091e-05
K6-medium-r06128,6,medium,1.54126,1.30408,0.984229,54.0674,24.7095,0.86792,0.650879,0.257642,enp,tail,T25_T100,75,8,0.00097095,0.00128093,0.0013032,0.000460751,-0.000118553,0.00206045,2.10732,0.0730771,0.72154,False,False,1.2946e-05,1.7079e-05
K6-medium-r08179,6,medium,2.05396,1.76599,1.99409,168.55,195.906,0.491748,0.766113,0.381567,enp,tail,T25_T100,75,8,0.000835929,0.00103911,0.0012377,0.000437595,-0.000198818,0.00187068,1.91028,0.0977171,0.72154,False,False,1.11457e-05,1.38547e-05
K6-medium-r10239,6,medium,2.78638,1.47595,1.64604,178.198,118.972,0.889014,0.48877,0.3552,enp,tail,T25_T100,75,8,5.87867e-05,0.000122983,0.000209866,7.41988e-05,-0.000116666,0.000234239,0.792286,0.454202,0.794671,False,False,7.83823e-07,1.63977e-06
K8-high-r00002,8,high,0.503662,2.09631,1.50894,102.495,113.64,0.759814,0.241699,0.314331,enp,tail,T25_T100,75,8,-7.95586e-06,0.000438275,0.000579102,0.000204744,-0.000492097,0.000476186,-0.0388577,0.970089,1,False,False,-1.06078e-07,5.84366e-06
K8-high-r02072,8,high,0.70874,2.53674,1.60386,161.128,102.214,0.193799,0.60498,0.414526,enp,tail,T25_T100,75,8,0.00655813,0.0126802,0.0154371,0.00545785,-0.00634764,0.0194639,1.2016,0.268591,0.756471,False,False,8.74417e-05,0.00016907
K8-high-r04090,8,high,2.1687,2.68713,1.94663,79.8584,192.478,0.248291,0.770996,0.209741,enp,tail,T25_T100,75,8,-0.00136195,0.003414,0.0042237,0.00149331,-0.00489305,0.00216916,-0.912034,0.392077,0.794671,False,False,-1.81593e-05,4.55199e-05
K8-high-r06159,8,high,0.974854,2.17957,0.617725,170.405,29.4702,0.0821777,0.443848,0.370142,enp,tail,T25_T100,75,8,-0.0105286,0.0295062,0.0347523,0.0122868,-0.0395822,0.0185251,-0.856902,0.419865,0.794671,False,False,-0.000140381,0.000393416
K8-high-r08178,8,high,1.9563,2.69519,1.39028,92.29,163.723,0.700928,0.223145,0.381567,enp,tail,T25_T100,75,8,0.00110562,0.00410389,0.00564809,0.0019969,-0.0036163,0.00582754,0.553667,0.59704,0.871355,False,False,1.47416e-05,5.47186e-05
K8-high-r10229,8,high,1.53638,2.85095,2.99604,83.1982,21.4722,0.439014,0.98877,0.1302,enp,tail,T25_T100,75,8,0.00215883,0.0031775,0.00437925,0.0015483,-0.00150231,0.00581998,1.39433,0.205874,0.72154,False,False,2.87845e-05,4.23667e-05
K8-low-r00012,8,low,1.75366,0.721313,2.85894,197.495,16.1401,0.309814,0.741699,0.0893311,enp,tail,T25_T100,75,8,-1.59574e-05,3.59892e-05,5.81297e-05,2.0552e-05,-6.45551e-05,3.26403e-05,-0.776441,0.462912,0.794671,False,False,-2.12765e-07,4.79856e-07
K8-low-r02027,8,low,2.89624,0.973755,1.26636,137.378,126.589,0.531299,0.972168,0.358276,enp,tail,T25_T100,75,8,7.78631e-06,7.78631e-06,2.2023e-05,7.78631e-06,-1.06254e-05,2.6198e-05,1,0.350617,0.788887,False,False,1.03818e-07,1.03818e-07
K8-low-r04112,8,low,1.5437,0.7052,2.62163,32.3584,46.228,0.473291,0.520996,0.322241,enp,tail,T25_T100,75,8,-0.00259128,0.00569749,0.00646392,0.00228534,-0.00799525,0.0028127,-1.13387,0.294183,0.756471,False,False,-3.45504e-05,7.59666e-05
K8-low-r06143,8,low,2.16626,0.616577,1.96772,101.567,170.959,0.19292,0.900879,0.39563,enp,tail,T25_T100,75,8,1.79364e-05,0.000158003,0.000208844,7.38375e-05,-0.000156662,0.000192534,0.242917,0.815034,1,False,False,2.39152e-07,2.10671e-06
K8-low-r08201,8,low,2.99146,0.28894,1.05278,21.04,41.8481,0.363428,0.848145,0.361353,enp,tail,T25_T100,75,8,1.38716e-06,1.38716e-06,3.92348e-06,1.38716e-06,-1.89295e-06,4.66727e-06,1,0.350617,0.788887,False,False,1.84954e-08,1.84954e-08
K8-low-r10228,8,low,1.75122,0.600464,1.46411,171.704,30.4224,0.141943,0.617676,0.1302,enp,tail,T25_T100,75,8,1.21171e-06,6.09089e-06,8.29291e-06,2.93199e-06,-5.72134e-06,8.14476e-06,0.413273,0.691773,0.942062,False,False,1.61562e-08,8.12119e-08
K8-medium-r00000,8,medium,0.503662,1.28528,1.50894,102.495,113.64,0.759814,0.241699,0.314331,enp,tail,T25_T100,75,8,0.000493755,0.000580759,0.00100618,0.000355737,-0.00034743,0.00133494,1.38798,0.207716,0.72154,False,False,6.5834e-06,7.74345e-06
K8-medium-r02040,8,medium,1.33374,1.3175,2.27886,18.6279,53.4644,0.418799,0.35498,0.302026,enp,tail,T25_T100,75,8,-0.00286388,0.0235456,0.0365795,0.0129328,-0.0334451,0.0277173,-0.221443,0.831069,1,False,False,-3.8185e-05,0.000313941
K8-medium-r04088,8,medium,0.918701,1.31213,0.596631,174.858,94.978,0.698291,0.270996,0.389038,enp,tail,T25_T100,75,8,0.00439341,0.00650135,0.00868963,0.00307225,-0.00287131,0.0116581,1.43003,0.195788,0.72154,False,False,5.85787e-05,8.66846e-05
K8-medium-r06128,8,medium,1.54126,1.30408,0.984229,54.0674,24.7095,0.86792,0.650879,0.257642,enp,tail,T25_T100,75,8,2.55094e-05,0.00273331,0.00352852,0.00124752,-0.00292441,0.00297543,0.0204481,0.984257,1,False,False,3.40126e-07,3.64442e-05
K8-medium-r08179,8,medium,2.05396,1.76599,1.99409,168.55,195.906,0.491748,0.766113,0.381567,enp,tail,T25_T100,75,8,-0.000188753,0.00150289,0.00202802,0.000717015,-0.00188422,0.00150672,-0.263248,0.79994,1,False,False,-2.5167e-06,2.00385e-05
K8-medium-r10239,8,medium,2.78638,1.47595,1.64604,178.198,118.972,0.889014,0.48877,0.3552,enp,tail,T25_T100,75,8,0.000117992,0.00016727,0.000181658,6.42257e-05,-3.38773e-05,0.000269862,1.83715,0.108798,0.72154,False,False,1.57323e-06,2.23027e-06
K9-high-r00002,9,high,0.503662,2.09631,1.50894,102.495,113.64,0.759814,0.241699,0.314331,enp,tail,T25_T100,75,8,-0.000396733,0.000589185,0.000746665,0.000263986,-0.00102096,0.000227495,-1.50286,0.176579,0.72154,False,False,-5.28977e-06,7.8558e-06
K9-high-r02072,9,high,0.70874,2.53674,1.60386,161.128,102.214,0.193799,0.60498,0.414526,enp,tail,T25_T100,75,8,-0.0122139,0.0122139,0.0104115,0.00368103,-0.0209182,-0.00350967,-3.31807,0.0127989,0.69114,True,False,-0.000162852,0.000162852
K9-high-r04090,9,high,2.1687,2.68713,1.94663,79.8584,192.478,0.248291,0.770996,0.209741,enp,tail,T25_T100,75,8,0.00115706,0.00340712,0.0044463,0.001572,-0.00256014,0.00487426,0.736042,0.485633,0.794671,False,False,1.54275e-05,4.54282e-05
K9-high-r06159,9,high,0.974854,2.17957,0.617725,170.405,29.4702,0.0821777,0.443848,0.370142,enp,tail,T25_T100,75,8,0.0300889,0.0472857,0.0577975,0.0204345,-0.018231,0.0784088,1.47246,0.184379,0.72154,False,False,0.000401185,0.000630476
K9-high-r08178,9,high,1.9563,2.69519,1.39028,92.29,163.723,0.700928,0.223145,0.381567,enp,tail,T25_T100,75,8,0.00151815,0.00510509,0.00568323,0.00200933,-0.00323316,0.00626945,0.75555,0.47457,0.794671,False,False,2.02419e-05,6.80679e-05
K9-high-r10229,9,high,1.53638,2.85095,2.99604,83.1982,21.4722,0.439014,0.98877,0.1302,enp,tail,T25_T100,75,8,-0.000615118,0.0025334,0.00304282,0.0010758,-0.00315898,0.00192875,-0.571777,0.585357,0.871355,False,False,-8.20158e-06,3.37787e-05
K9-low-r00012,9,low,1.75366,0.721313,2.85894,197.495,16.1401,0.309814,0.741699,0.0893311,enp,tail,T25_T100,75,8,-3.9675e-05,5.43064e-05,7.35645e-05,2.6009e-05,-0.000101176,2.18264e-05,-1.52544,0.17098,0.72154,False,False,-5.29e-07,7.24085e-07
K9-low-r02027,9,low,2.89624,0.973755,1.26636,137.378,126.589,0.531299,0.972168,0.358276,enp,tail,T25_T100,75,8,1.17256e-05,3.2845e-05,4.27031e-05,1.50978e-05,-2.39751e-05,4.74263e-05,0.776644,0.4628,0.794671,False,False,1.56342e-07,4.37934e-07
K9-low-r04112,9,low,1.5437,0.7052,2.62163,32.3584,46.228,0.473291,0.520996,0.322241,enp,tail,T25_T100,75,8,0.00351432,0.00959429,0.0158912,0.00561839,-0.00977106,0.0167997,0.625503,0.55148,0.850855,False,False,4.68576e-05,0.000127924
K9-low-r06143,9,low,2.16626,0.616577,1.96772,101.567,170.959,0.19292,0.900879,0.39563,enp,tail,T25_T100,75,8,-8.00175e-05,9.71158e-05,9.42335e-05,3.33166e-05,-0.000158799,-1.23634e-06,-2.40173,0.0473454,0.72154,True,False,-1.0669e-06,1.29488e-06
K9-low-r08201,9,low,2.99146,0.28894,1.05278,21.04,41.8481,0.363428,0.848145,0.361353,enp,tail,T25_T100,75,8,1.35784e-05,2.16964e-05,3.00911e-05,1.06388e-05,-1.15784e-05,3.87352e-05,1.2763,0.242559,0.727677,False,False,1.81045e-07,2.89285e-07
K9-low-r10228,9,low,1.75122,0.600464,1.46411,171.704,30.4224,0.141943,0.617676,0.1302,enp,tail,T25_T100,75,8,-8.71288e-07,5.20078e-06,6.09034e-06,2.15326e-06,-5.96294e-06,4.22036e-06,-0.404637,0.697823,0.942062,False,False,-1.16172e-08,6.93438e-08
K9-medium-r00000,9,medium,0.503662,1.28528,1.50894,102.495,113.64,0.759814,0.241699,0.314331,enp,tail,T25_T100,75,8,-2.82663e-05,0.000462236,0.000673397,0.000238082,-0.00059124,0.000534708,-0.118725,0.908828,1,False,False,-3.76884e-07,6.16314e-06
K9-medium-r02040,9,medium,1.33374,1.3175,2.27886,18.6279,53.4644,0.418799,0.35498,0.302026,enp,tail,T25_T100,75,8,-0.0110589,0.0276566,0.0362549,0.012818,-0.0413687,0.0192509,-0.862761,0.416846,0.794671,False,False,-0.000147452,0.000368755
K9-medium-r04088,9,medium,0.918701,1.31213,0.596631,174.858,94.978,0.698291,0.270996,0.389038,enp,tail,T25_T100,75,8,0.00226858,0.00644062,0.00798992,0.00282486,-0.00441116,0.00894832,0.803076,0.448336,0.794671,False,False,3.02477e-05,8.58749e-05
K9-medium-r06128,9,medium,1.54126,1.30408,0.984229,54.0674,24.7095,0.86792,0.650879,0.257642,enp,tail,T25_T100,75,8,0.00163972,0.00198115,0.00201312,0.000711746,-4.32959e-05,0.00332273,2.30379,0.0546846,0.72154,False,False,2.18629e-05,2.64153e-05
K9-medium-r08179,9,medium,2.05396,1.76599,1.99409,168.55,195.906,0.491748,0.766113,0.381567,enp,tail,T25_T100,75,8,-0.00122702,0.00186258,0.0025481,0.000900889,-0.00335729,0.000903244,-1.36201,0.2154,0.72154,False,False,-1.63603e-05,2.48344e-05
K9-medium-r10239,9,medium,2.78638,1.47595,1.64604,178.198,118.972,0.889014,0.48877,0.3552,enp,tail,T25_T100,75,8,5.67496e-06,0.00027987,0.000462952,0.000163678,-0.000381362,0.000392712,0.0346715,0.97331,1,False,False,7.56661e-08,3.7316e-06
K6-high-r00002,6,high,0.503662,2.09631,1.50894,102.495,113.64,0.759814,0.241699,0.314331,enp,tail,T25_T50,25,8,0.000107215,0.000113884,0.000134576,4.75798e-05,-5.29385e-06,0.000219723,2.25336,0.0589053,0.781899,False,False,4.28858e-06,4.55536e-06
K6-high-r02072,6,high,0.70874,2.53674,1.60386,161.128,102.214,0.193799,0.60498,0.414526,enp,tail,T25_T50,25,8,-0.00268072,0.0102276,0.0127941,0.0045234,-0.0133769,0.00801541,-0.592635,0.572065,0.849078,False,False,-0.000107229,0.000409102
K6-high-r04090,6,high,2.1687,2.68713,1.94663,79.8584,192.478,0.248291,0.770996,0.209741,enp,tail,T25_T50,25,8,0.00164147,0.00480149,0.00594672,0.00210248,-0.00333012,0.00661305,0.780728,0.460545,0.849078,False,False,6.56587e-05,0.00019206
K6-high-r06159,6,high,0.974854,2.17957,0.617725,170.405,29.4702,0.0821777,0.443848,0.370142,enp,tail,T25_T50,25,8,0.024016,0.0262217,0.0320517,0.011332,-0.00277991,0.0508118,2.11931,0.0717947,0.781899,False,False,0.000960638,0.00104887
K6-high-r08178,6,high,1.9563,2.69519,1.39028,92.29,163.723,0.700928,0.223145,0.381567,enp,tail,T25_T50,25,8,0.00165845,0.0055269,0.010307,0.00364408,-0.00695844,0.0102753,0.455107,0.662812,0.883581,False,False,6.63379e-05,0.000221076
K6-high-r10229,6,high,1.53638,2.85095,2.99604,83.1982,21.4722,0.439014,0.98877,0.1302,enp,tail,T25_T50,25,8,-0.00037322,0.00169882,0.00182834,0.000646415,-0.00190175,0.00115531,-0.57737,0.581776,0.849078,False,False,-1.49288e-05,6.79529e-05
K6-low-r00012,6,low,1.75366,0.721313,2.85894,197.495,16.1401,0.309814,0.741699,0.0893311,enp,tail,T25_T50,25,8,-2.49203e-06,5.04684e-05,8.12422e-05,2.87235e-05,-7.04122e-05,6.54282e-05,-0.0867594,0.933292,1,False,False,-9.96813e-08,2.01874e-06
K6-low-r02027,6,low,2.89624,0.973755,1.26636,137.378,126.589,0.531299,0.972168,0.358276,enp,tail,T25_T50,25,8,0,0,0,0,0,0,0,1,1,False,False,0,0
K6-low-r04112,6,low,1.5437,0.7052,2.62163,32.3584,46.228,0.473291,0.520996,0.322241,enp,tail,T25_T50,25,8,3.90129e-05,0.00592621,0.00743313,0.00262801,-0.00617524,0.00625327,0.014845,0.98857,1,False,False,1.56052e-06,0.000237048
K6-low-r06143,6,low,2.16626,0.616577,1.96772,101.567,170.959,0.19292,0.900879,0.39563,enp,tail,T25_T50,25,8,4.99584e-05,0.000106731,0.000231958,8.20097e-05,-0.000143964,0.00024388,0.609177,0.561649,0.849078,False,False,1.99834e-06,4.26923e-06
K6-low-r08201,6,low,2.99146,0.28894,1.05278,21.04,41.8481,0.363428,0.848145,0.361353,enp,tail,T25_T50,25,8,0,0,0,0,0,0,0,1,1,False,False,0,0
K6-low-r10228,6,low,1.75122,0.600464,1.46411,171.704,30.4224,0.141943,0.617676,0.1302,enp,tail,T25_T50,25,8,2.2755e-05,6.39189e-05,0.000108751,3.84492e-05,-6.81629e-05,0.000113673,0.59182,0.572581,0.849078,False,False,9.10201e-07,2.55676e-06
K6-medium-r00000,6,medium,0.503662,1.28528,1.50894,102.495,113.64,0.759814,0.241699,0.314331,enp,tail,T25_T50,25,8,-4.17899e-05,0.000377641,0.000508448,0.000179764,-0.000466863,0.000383283,-0.232471,0.822822,0.965922,False,False,-1.6716e-06,1.51056e-05
K6-medium-r02040,6,medium,1.33374,1.3175,2.27886,18.6279,53.4644,0.418799,0.35498,0.302026,enp,tail,T25_T50,25,8,0.0142711,0.0401777,0.0484336,0.0171239,-0.0262203,0.0547626,0.833407,0.432129,0.849078,False,False,0.000570846,0.00160711
K6-medium-r04088,6,medium,0.918701,1.31213,0.596631,174.858,94.978,0.698291,0.270996,0.389038,enp,tail,T25_T50,25,8,-0.00271991,0.00674398,0.00784582,0.00277392,-0.00927918,0.00383936,-0.98053,0.35949,0.849078,False,False,-0.000108796,0.000269759
K6-medium-r06128,6,medium,1.54126,1.30408,0.984229,54.0674,24.7095,0.86792,0.650879,0.257642,enp,tail,T25_T50,25,8,0.000547941,0.00087348,0.00102923,0.000363886,-0.000312514,0.0014084,1.5058,0.175839,0.781899,False,False,2.19176e-05,3.49392e-05
K6-medium-r08179,6,medium,2.05396,1.76599,1.99409,168.55,195.906,0.491748,0.766113,0.381567,enp,tail,T25_T50,25,8,0.000435252,0.000775095,0.00106126,0.000375213,-0.000451985,0.00132249,1.16001,0.284074,0.781899,False,False,1.74101e-05,3.10038e-05
K6-medium-r10239,6,medium,2.78638,1.47595,1.64604,178.198,118.972,0.889014,0.48877,0.3552,enp,tail,T25_T50,25,8,0.000141571,0.000196007,0.000339063,0.000119877,-0.000141893,0.000425035,1.18097,0.276182,0.781899,False,False,5.66283e-06,7.84027e-06
K8-high-r00002,8,high,0.503662,2.09631,1.50894,102.495,113.64,0.759814,0.241699,0.314331,enp,tail,T25_T50,25,8,-0.000265647,0.000486204,0.000655841,0.000231875,-0.000813944,0.00028265,-1.14565,0.289592,0.781899,False,False,-1.06259e-05,1.94482e-05
K8-high-r02072,8,high,0.70874,2.53674,1.60386,161.128,102.214,0.193799,0.60498,0.414526,enp,tail,T25_T50,25,8,0.00135076,0.00902935,0.0123961,0.00438269,-0.00901265,0.0117142,0.308203,0.766897,0.920276,False,False,5.40303e-05,0.000361174
K8-high-r04090,8,high,2.1687,2.68713,1.94663,79.8584,192.478,0.248291,0.770996,0.209741,enp,tail,T25_T50,25,8,0.00140653,0.00453919,0.00544184,0.00192398,-0.00314295,0.00595602,0.731055,0.488488,0.849078,False,False,5.62614e-05,0.000181568
K8-high-r06159,8,high,0.974854,2.17957,0.617725,170.405,29.4702,0.0821777,0.443848,0.370142,enp,tail,T25_T50,25,8,-0.0110546,0.025819,0.0293264,0.0103684,-0.035572,0.0134629,-1.06617,0.321731,0.827308,False,False,-0.000442183,0.00103276
K8-high-r08178,8,high,1.9563,2.69519,1.39028,92.29,163.723,0.700928,0.223145,0.381567,enp,tail,T25_T50,25,8,0.00196395,0.00211606,0.00285658,0.00100995,-0.000424212,0.0043521,1.94459,0.0929046,0.781899,False,False,7.85578e-05,8.46422e-05
K8-high-r10229,8,high,1.53638,2.85095,2.99604,83.1982,21.4722,0.439014,0.98877,0.1302,enp,tail,T25_T50,25,8,-0.000301611,0.00205006,0.00261046,0.000922935,-0.00248401,0.00188078,-0.326796,0.753377,0.920276,False,False,-1.20644e-05,8.20023e-05
K8-low-r00012,8,low,1.75366,0.721313,2.85894,197.495,16.1401,0.309814,0.741699,0.0893311,enp,tail,T25_T50,25,8,5.81534e-06,1.0823e-05,1.97053e-05,6.96687e-06,-1.06587e-05,2.22894e-05,0.834714,0.43144,0.849078,False,False,2.32614e-07,4.32919e-07
K8-low-r02027,8,low,2.89624,0.973755,1.26636,137.378,126.589,0.531299,0.972168,0.358276,enp,tail,T25_T50,25,8,1.30638e-05,1.30638e-05,2.47771e-05,8.76003e-06,-7.65036e-06,3.3778e-05,1.4913,0.179508,0.781899,False,False,5.22553e-07,5.22553e-07
K8-low-r04112,8,low,1.5437,0.7052,2.62163,32.3584,46.228,0.473291,0.520996,0.322241,enp,tail,T25_T50,25,8,-0.00113988,0.0046281,0.00674687,0.00238538,-0.0067804,0.00450065,-0.47786,0.647312,0.883581,False,False,-4.55951e-05,0.000185124
K8-low-r06143,8,low,2.16626,0.616577,1.96772,101.567,170.959,0.19292,0.900879,0.39563,enp,tail,T25_T50,25,8,-1.34781e-05,8.65551e-05,0.000119959,4.24118e-05,-0.000113766,8.68098e-05,-0.317792,0.759913,0.920276,False,False,-5.39124e-07,3.4622e-06
K8-low-r08201,8,low,2.99146,0.28894,1.05278,21.04,41.8481,0.363428,0.848145,0.361353,enp,tail,T25_T50,25,8,0,0,0,0,0,0,0,1,1,False,False,0,0
K8-low-r10228,8,low,1.75122,0.600464,1.46411,171.704,30.4224,0.141943,0.617676,0.1302,enp,tail,T25_T50,25,8,2.93043e-06,8.99194e-06,1.5482e-05,5.4737e-06,-1.00128e-05,1.58737e-05,0.535366,0.608977,0.865388,False,False,1.17217e-07,3.59678e-07
K8-medium-r00000,8,medium,0.503662,1.28528,1.50894,102.495,113.64,0.759814,0.241699,0.314331,enp,tail,T25_T50,25,8,0.000257293,0.000540312,0.000971847,0.0003436,-0.000555192,0.00106978,0.748815,0.47837,0.849078,False,False,1.02917e-05,2.16125e-05
K8-medium-r02040,8,medium,1.33374,1.3175,2.27886,18.6279,53.4644,0.418799,0.35498,0.302026,enp,tail,T25_T50,25,8,-0.00926253,0.0262463,0.0359081,0.0126954,-0.0392824,0.0207574,-0.729596,0.489326,0.849078,False,False,-0.000370501,0.00104985
K8-medium-r04088,8,medium,0.918701,1.31213,0.596631,174.858,94.978,0.698291,0.270996,0.389038,enp,tail,T25_T50,25,8,-0.00223006,0.00705459,0.00938474,0.00331801,-0.0100759,0.00561578,-0.672108,0.523072,0.849078,False,False,-8.92023e-05,0.000282184
K8-medium-r06128,8,medium,1.54126,1.30408,0.984229,54.0674,24.7095,0.86792,0.650879,0.257642,enp,tail,T25_T50,25,8,0.000112693,0.00269671,0.00324067,0.00114575,-0.00259657,0.00282196,0.0983577,0.924406,1,False,False,4.50773e-06,0.000107868
K8-medium-r08179,8,medium,2.05396,1.76599,1.99409,168.55,195.906,0.491748,0.766113,0.381567,enp,tail,T25_T50,25,8,-0.000446583,0.000993602,0.00108509,0.000383636,-0.00135374,0.000460571,-1.16408,0.282528,0.781899,False,False,-1.78633e-05,3.97441e-05
K8-medium-r10239,8,medium,2.78638,1.47595,1.64604,178.198,118.972,0.889014,0.48877,0.3552,enp,tail,T25_T50,25,8,0.000193884,0.00022897,0.000306476,0.000108356,-6.2336e-05,0.000450105,1.78933,0.116691,0.781899,False,False,7.75538e-06,9.15879e-06
K9-high-r00002,9,high,0.503662,2.09631,1.50894,102.495,113.64,0.759814,0.241699,0.314331,enp,tail,T25_T50,25,8,-7.9992e-05,0.000309741,0.000374231,0.000132311,-0.000392857,0.000232873,-0.604578,0.564534,0.849078,False,False,-3.19968e-06,1.23896e-05
K9-high-r02072,9,high,0.70874,2.53674,1.60386,161.128,102.214,0.193799,0.60498,0.414526,enp,tail,T25_T50,25,8,-0.00568231,0.00951439,0.0118003,0.00417202,-0.0155476,0.00418296,-1.362,0.215402,0.781899,False,False,-0.000227292,0.000380576
K9-high-r04090,9,high,2.1687,2.68713,1.94663,79.8584,192.478,0.248291,0.770996,0.209741,enp,tail,T25_T50,25,8,0.00111958,0.00391219,0.00544878,0.00192643,-0.00343571,0.00567487,0.581167,0.579352,0.849078,False,False,4.47832e-05,0.000156488
K9-high-r06159,9,high,0.974854,2.17957,0.617725,170.405,29.4702,0.0821777,0.443848,0.370142,enp,tail,T25_T50,25,8,0.0160993,0.0510531,0.0548776,0.0194022,-0.0297796,0.0619781,0.829766,0.434053,0.849078,False,False,0.00064397,0.00204213
K9-high-r08178,9,high,1.9563,2.69519,1.39028,92.29,163.723,0.700928,0.223145,0.381567,enp,tail,T25_T50,25,8,0.00462259,0.00553025,0.00506266,0.00178992,0.000390094,0.00885508,2.58256,0.0363363,0.781899,True,False,0.000184903,0.00022121
K9-high-r10229,9,high,1.53638,2.85095,2.99604,83.1982,21.4722,0.439014,0.98877,0.1302,enp,tail,T25_T50,25,8,-0.00160179,0.00286068,0.0031204,0.00110323,-0.0042105,0.00100693,-1.45191,0.189827,0.781899,False,False,-6.40715e-05,0.000114427
K9-low-r00012,9,low,1.75366,0.721313,2.85894,197.495,16.1401,0.309814,0.741699,0.0893311,enp,tail,T25_T50,25,8,-3.79982e-05,4.26146e-05,7.43468e-05,2.62856e-05,-0.000100154,2.41573e-05,-1.44559,0.191531,0.781899,False,False,-1.51993e-06,1.70458e-06
K9-low-r02027,9,low,2.89624,0.973755,1.26636,137.378,126.589,0.531299,0.972168,0.358276,enp,tail,T25_T50,25,8,-6.6433e-07,2.41981e-05,3.41934e-05,1.20892e-05,-2.92507e-05,2.79221e-05,-0.0549524,0.957712,1,False,False,-2.65732e-08,9.67924e-07
K9-low-r04112,9,low,1.5437,0.7052,2.62163,32.3584,46.228,0.473291,0.520996,0.322241,enp,tail,T25_T50,25,8,0.000725087,0.00732622,0.00988721,0.00349566,-0.00754083,0.008991,0.207425,0.841583,0.966925,False,False,2.90035e-05,0.000293049
K9-low-r06143,9,low,2.16626,0.616577,1.96772,101.567,170.959,0.19292,0.900879,0.39563,enp,tail,T25_T50,25,8,-0.000138765,0.000165959,0.000243454,8.60742e-05,-0.000342298,6.47682e-05,-1.61215,0.150963,0.781899,False,False,-5.55059e-06,6.63838e-06
K9-low-r08201,9,low,2.99146,0.28894,1.05278,21.04,41.8481,0.363428,0.848145,0.361353,enp,tail,T25_T50,25,8,1.33023e-05,2.03401e-05,2.4842e-05,8.78298e-06,-7.46614e-06,3.40708e-05,1.51456,0.173657,0.781899,False,False,5.32092e-07,8.13603e-07
K9-low-r10228,9,low,1.75122,0.600464,1.46411,171.704,30.4224,0.141943,0.617676,0.1302,enp,tail,T25_T50,25,8,-1.23408e-05,2.40111e-05,2.73018e-05,9.65264e-06,-3.51657e-05,1.0484e-05,-1.2785,0.24183,0.781899,False,False,-4.93634e-07,9.60445e-07
K9-medium-r00000,9,medium,0.503662,1.28528,1.50894,102.495,113.64,0.759814,0.241699,0.314331,enp,tail,T25_T50,25,8,0.000103119,0.000501072,0.000657814,0.000232572,-0.000446827,0.000653066,0.443385,0.670867,0.883581,False,False,4.12477e-06,2.00429e-05
K9-medium-r02040,9,medium,1.33374,1.3175,2.27886,18.6279,53.4644,0.418799,0.35498,0.302026,enp,tail,T25_T50,25,8,0.00488315,0.0308647,0.0405438,0.0143344,-0.0290123,0.0387786,0.34066,0.743355,0.920276,False,False,0.000195326,0.00123459
K9-medium-r04088,9,medium,0.918701,1.31213,0.596631,174.858,94.978,0.698291,0.270996,0.389038,enp,tail,T25_T50,25,8,0.00123216,0.0043568,0.00507978,0.00179597,-0.00301464,0.00547896,0.68607,0.514743,0.849078,False,False,4.92865e-05,0.000174272
K9-medium-r06128,9,medium,1.54126,1.30408,0.984229,54.0674,24.7095,0.86792,0.650879,0.257642,enp,tail,T25_T50,25,8,0.00208846,0.0035024,0.00352489,0.00124624,-0.00085843,0.00503534,1.67581,0.137682,0.781899,False,False,8.35382e-05,0.000140096
K9-medium-r08179,9,medium,2.05396,1.76599,1.99409,168.55,195.906,0.491748,0.766113,0.381567,enp,tail,T25_T50,25,8,-0.000938006,0.00212263,0.0022459,0.000794046,-0.00281563,0.000939614,-1.1813,0.276058,0.781899,False,False,-3.75203e-05,8.49053e-05
K9-medium-r10239,9,medium,2.78638,1.47595,1.64604,178.198,118.972,0.889014,0.48877,0.3552,enp,tail,T25_T50,25,8,-0.000183631,0.000276957,0.000392573,0.000138796,-0.00051183,0.000144568,-1.32303,0.227404,0.781899,False,False,-7.34524e-06,1.10783e-05
K6-high-r00002,6,high,0.503662,2.09631,1.50894,102.495,113.64,0.759814,0.241699,0.314331,enp,tail,T50_T100,50,8,3.25766e-05,0.000117312,0.000153579,5.42985e-05,-9.58189e-05,0.000160972,0.599955,0.567442,0.927114,False,False,6.51533e-07,2.34623e-06
K6-high-r02072,6,high,0.70874,2.53674,1.60386,161.128,102.214,0.193799,0.60498,0.414526,enp,tail,T50_T100,50,8,0.00159492,0.00742005,0.00926025,0.00327399,-0.00614684,0.00933667,0.487147,0.641038,0.927114,False,False,3.18983e-05,0.000148401
K6-high-r04090,6,high,2.1687,2.68713,1.94663,79.8584,192.478,0.248291,0.770996,0.209741,enp,tail,T50_T100,50,8,-0.00150871,0.00263947,0.00385897,0.00136435,-0.00473489,0.00171747,-1.10581,0.305361,0.927114,False,False,-3.01741e-05,5.27894e-05
K6-high-r06159,6,high,0.974854,2.17957,0.617725,170.405,29.4702,0.0821777,0.443848,0.370142,enp,tail,T50_T100,50,8,-0.0400396,0.0400396,0.0552559,0.0195359,-0.0862347,0.00615555,-2.04954,0.0795849,0.927114,False,False,-0.000800791,0.000800791
K6-high-r08178,6,high,1.9563,2.69519,1.39028,92.29,163.723,0.700928,0.223145,0.381567,enp,tail,T50_T100,50,8,-0.00164939,0.0049143,0.00740873,0.00261938,-0.00784324,0.00454446,-0.629688,0.548892,0.927114,False,False,-3.29879e-05,9.82861e-05
K6-high-r10229,6,high,1.53638,2.85095,2.99604,83.1982,21.4722,0.439014,0.98877,0.1302,enp,tail,T50_T100,50,8,0.000323732,0.00214458,0.00254335,0.000899211,-0.00180256,0.00245003,0.360017,0.729451,0.927114,False,False,6.47463e-06,4.28917e-05
K6-low-r00012,6,low,1.75366,0.721313,2.85894,197.495,16.1401,0.309814,0.741699,0.0893311,enp,tail,T50_T100,50,8,-8.77014e-05,0.000100847,0.000118947,4.20542e-05,-0.000187144,1.17409e-05,-2.08544,0.0754766,0.927114,False,False,-1.75403e-06,2.01694e-06
K6-low-r02027,6,low,2.89624,0.973755,1.26636,137.378,126.589,0.531299,0.972168,0.358276,enp,tail,T50_T100,50,8,0,0,0,0,0,0,0,1,1,False,False,0,0
K6-low-r04112,6,low,1.5437,0.7052,2.62163,32.3584,46.228,0.473291,0.520996,0.322241,enp,tail,T50_T100,50,8,0.00091882,0.0052597,0.00710452,0.00251183,-0.00502071,0.00685835,0.365797,0.725321,0.927114,False,False,1.83764e-05,0.000105194
K6-low-r06143,6,low,2.16626,0.616577,1.96772,101.567,170.959,0.19292,0.900879,0.39563,enp,tail,T50_T100,50,8,3.06466e-05,5.29497e-05,0.000124583,4.40466e-05,-7.35071e-05,0.0001348,0.695776,0.509003,0.927114,False,False,6.12932e-07,1.05899e-06
K6-low-r08201,6,low,2.99146,0.28894,1.05278,21.04,41.8481,0.363428,0.848145,0.361353,enp,tail,T50_T100,50,8,0,0,0,0,0,0,0,1,1,False,False,0,0
K6-low-r10228,6,low,1.75122,0.600464,1.46411,171.704,30.4224,0.141943,0.617676,0.1302,enp,tail,T50_T100,50,8,3.98504e-06,5.47088e-05,8.70496e-05,3.07767e-05,-6.87902e-05,7.67603e-05,0.129482,0.900618,1,False,False,7.97007e-08,1.09418e-06
K6-medium-r00000,6,medium,0.503662,1.28528,1.50894,102.495,113.64,0.759814,0.241699,0.314331,enp,tail,T50_T100,50,8,-0.000151976,0.000268675,0.000300893,0.000106382,-0.000403529,9.95776e-05,-1.42859,0.196187,0.927114,False,False,-3.03951e-06,5.37351e-06
K6-medium-r02040,6,medium,1.33374,1.3175,2.27886,18.6279,53.4644,0.418799,0.35498,0.302026,enp,tail,T50_T100,50,8,0.00356023,0.037163,0.050611,0.0178937,-0.0387516,0.045872,0.198966,0.847945,1,False,False,7.12045e-05,0.00074326
K6-medium-r04088,6,medium,0.918701,1.31213,0.596631,174.858,94.978,0.698291,0.270996,0.389038,enp,tail,T50_T100,50,8,0.00207244,0.0084927,0.00995383,0.00351921,-0.00624917,0.0103941,0.588894,0.574436,0.927114,False,False,4.14489e-05,0.000169854
K6-medium-r06128,6,medium,1.54126,1.30408,0.984229,54.0674,24.7095,0.86792,0.650879,0.257642,enp,tail,T50_T100,50,8,0.000423009,0.00127494,0.00149712,0.000529313,-0.000828616,0.00167463,0.799167,0.450455,0.927114,False,False,8.46018e-06,2.54989e-05
K6-medium-r08179,6,medium,2.05396,1.76599,1.99409,168.55,195.906,0.491748,0.766113,0.381567,enp,tail,T50_T100,50,8,0.000400677,0.000891477,0.00123961,0.000438267,-0.000635659,0.00143701,0.91423,0.390999,0.927114,False,False,8.01354e-06,1.78295e-05
K6-medium-r10239,6,medium,2.78638,1.47595,1.64604,178.198,118.972,0.889014,0.48877,0.3552,enp,tail,T50_T100,50,8,-8.27839e-05,0.000241444,0.000450046,0.000159115,-0.000459032,0.000293464,-0.520276,0.618916,0.927114,False,False,-1.65568e-06,4.82888e-06
K8-high-r00002,8,high,0.503662,2.09631,1.50894,102.495,113.64,0.759814,0.241699,0.314331,enp,tail,T50_T100,50,8,0.000257691,0.000448322,0.00047841,0.000169144,-0.00014227,0.000657652,1.52351,0.171452,0.927114,False,False,5.15383e-06,8.96644e-06
K8-high-r02072,8,high,0.70874,2.53674,1.60386,161.128,102.214,0.193799,0.60498,0.414526,enp,tail,T50_T100,50,8,0.00520737,0.0106511,0.012326,0.00435789,-0.00509739,0.0155121,1.19493,0.271024,0.927114,False,False,0.000104147,0.000213021
K8-high-r04090,8,high,2.1687,2.68713,1.94663,79.8584,192.478,0.248291,0.770996,0.209741,enp,tail,T50_T100,50,8,-0.00276848,0.0046544,0.00483651,0.00170996,-0.0068119,0.00127494,-1.61903,0.149473,0.927114,False,False,-5.53696e-05,9.30881e-05
K8-high-r06159,8,high,0.974854,2.17957,0.617725,170.405,29.4702,0.0821777,0.443848,0.370142,enp,tail,T50_T100,50,8,0.000525996,0.0130817,0.0159627,0.00564367,-0.0128192,0.0138712,0.093201,0.928355,1,False,False,1.05199e-05,0.000261635
K8-high-r08178,8,high,1.9563,2.69519,1.39028,92.29,163.723,0.700928,0.223145,0.381567,enp,tail,T50_T100,50,8,-0.000858327,0.00281972,0.00419582,0.00148345,-0.00436612,0.00264947,-0.578603,0.580988,0.927114,False,False,-1.71665e-05,5.63943e-05
K8-high-r10229,8,high,1.53638,2.85095,2.99604,83.1982,21.4722,0.439014,0.98877,0.1302,enp,tail,T50_T100,50,8,0.00246044,0.00476176,0.00633466,0.00223964,-0.00283547,0.00775636,1.09859,0.308291,0.927114,False,False,4.92089e-05,9.52352e-05
K8-low-r00012,8,low,1.75366,0.721313,2.85894,197.495,16.1401,0.309814,0.741699,0.0893311,enp,tail,T50_T100,50,8,-2.17727e-05,3.15498e-05,5.16578e-05,1.82638e-05,-6.49598e-05,2.14143e-05,-1.19212,0.272054,0.927114,False,False,-4.35455e-07,6.30997e-07
K8-low-r02027,8,low,2.89624,0.973755,1.26636,137.378,126.589,0.531299,0.972168,0.358276,enp,tail,T50_T100,50,8,-5.27752e-06,5.27752e-06,1.49271e-05,5.27752e-06,-1.77569e-05,7.20183e-06,-1,0.350617,0.927114,False,False,-1.0555e-07,1.0555e-07
K8-low-r04112,8,low,1.5437,0.7052,2.62163,32.3584,46.228,0.473291,0.520996,0.322241,enp,tail,T50_T100,50,8,-0.0014514,0.00602412,0.00863246,0.00305204,-0.00866832,0.00576552,-0.475552,0.648876,0.927114,False,False,-2.9028e-05,0.000120482
K8-low-r06143,8,low,2.16626,0.616577,1.96772,101.567,170.959,0.19292,0.900879,0.39563,enp,tail,T50_T100,50,8,3.14145e-05,0.000140973,0.000175743,6.21345e-05,-0.00011551,0.000178339,0.505589,0.628673,0.927114,False,False,6.28289e-07,2.81946e-06
K8-low-r08201,8,low,2.99146,0.28894,1.05278,21.04,41.8481,0.363428,0.848145,0.361353,enp,tail,T50_T100,50,8,1.38716e-06,1.38716e-06,3.92348e-06,1.38716e-06,-1.89295e-06,4.66727e-06,1,0.350617,0.927114,False,False,2.77432e-08,2.77432e-08
K8-low-r10228,8,low,1.75122,0.600464,1.46411,171.704,30.4224,0.141943,0.617676,0.1302,enp,tail,T50_T100,50,8,-1.71872e-06,1.03417e-05,1.33857e-05,4.73255e-06,-1.29094e-05,9.47199e-06,-0.36317,0.727197,0.927114,False,False,-3.43744e-08,2.06834e-07
K8-medium-r00000,8,medium,0.503662,1.28528,1.50894,102.495,113.64,0.759814,0.241699,0.314331,enp,tail,T50_T100,50,8,0.000236462,0.000458685,0.000932788,0.00032979,-0.000543368,0.00101629,0.717008,0.496591,0.927114,False,False,4.72925e-06,9.1737e-06
K8-medium-r02040,8,medium,1.33374,1.3175,2.27886,18.6279,53.4644,0.418799,0.35498,0.302026,enp,tail,T50_T100,50,8,0.00639865,0.0148315,0.0189934,0.00671516,-0.00948019,0.0222775,0.952866,0.372394,0.927114,False,False,0.000127973,0.00029663
K8-medium-r04088,8,medium,0.918701,1.31213,0.596631,174.858,94.978,0.698291,0.270996,0.389038,enp,tail,T50_T100,50,8,0.00662346,0.00943623,0.00963541,0.00340663,-0.00143194,0.0146789,1.94428,0.0929467,0.927114,False,False,0.000132469,0.000188725
K8-medium-r06128,8,medium,1.54126,1.30408,0.984229,54.0674,24.7095,0.86792,0.650879,0.257642,enp,tail,T50_T100,50,8,-8.71837e-05,0.00150928,0.00187057,0.000661347,-0.00165102,0.00147665,-0.131827,0.89883,1,False,False,-1.74367e-06,3.01855e-05
K8-medium-r08179,8,medium,2.05396,1.76599,1.99409,168.55,195.906,0.491748,0.766113,0.381567,enp,tail,T50_T100,50,8,0.00025783,0.00218229,0.00271608,0.000960278,-0.00201287,0.00252853,0.268495,0.796059,0.976981,False,False,5.1566e-06,4.36459e-05
K8-medium-r10239,8,medium,2.78638,1.47595,1.64604,178.198,118.972,0.889014,0.48877,0.3552,enp,tail,T50_T100,50,8,-7.58921e-05,0.0002184,0.000306622,0.000108407,-0.000332234,0.00018045,-0.700065,0.506479,0.927114,False,False,-1.51784e-06,4.368e-06
K9-high-r00002,9,high,0.503662,2.09631,1.50894,102.495,113.64,0.759814,0.241699,0.314331,enp,tail,T50_T100,50,8,-0.000316741,0.000524323,0.000643006,0.000227337,-0.000854307,0.000220825,-1.39327,0.20618,0.927114,False,False,-6.33482e-06,1.04865e-05
K9-high-r02072,9,high,0.70874,2.53674,1.60386,161.128,102.214,0.193799,0.60498,0.414526,enp,tail,T50_T100,50,8,-0.00653162,0.0119601,0.0133407,0.00471667,-0.0176848,0.00462152,-1.3848,0.208644,0.927114,False,False,-0.000130632,0.000239202
K9-high-r04090,9,high,2.1687,2.68713,1.94663,79.8584,192.478,0.248291,0.770996,0.209741,enp,tail,T50_T100,50,8,3.74832e-05,0.00406084,0.00526555,0.00186165,-0.00436463,0.00443959,0.0201344,0.984498,1,False,False,7.49664e-07,8.12168e-05
K9-high-r06159,9,high,0.974854,2.17957,0.617725,170.405,29.4702,0.0821777,0.443848,0.370142,enp,tail,T50_T100,50,8,0.0139897,0.0416965,0.0533442,0.01886,-0.0306072,0.0585865,0.741763,0.482371,0.927114,False,False,0.000279793,0.00083393
K9-high-r08178,9,high,1.9563,2.69519,1.39028,92.29,163.723,0.700928,0.223145,0.381567,enp,tail,T50_T100,50,8,-0.00310444,0.00376168,0.0035999,0.00127276,-0.00611403,-9.48518e-05,-2.43915,0.0448149,0.927114,True,False,-6.20888e-05,7.52337e-05
K9-high-r10229,9,high,1.53638,2.85095,2.99604,83.1982,21.4722,0.439014,0.98877,0.1302,enp,tail,T50_T100,50,8,0.000986669,0.00194064,0.00242052,0.000855783,-0.00103694,0.00301027,1.15294,0.28678,0.927114,False,False,1.97334e-05,3.88127e-05
K9-low-r00012,9,low,1.75366,0.721313,2.85894,197.495,16.1401,0.309814,0.741699,0.0893311,enp,tail,T50_T100,50,8,-1.67679e-06,3.54039e-05,5.07006e-05,1.79254e-05,-4.40636e-05,4.071e-05,-0.0935427,0.928094,1,False,False,-3.35358e-08,7.08078e-07
K9-low-r02027,9,low,2.89624,0.973755,1.26636,137.378,126.589,0.531299,0.972168,0.358276,enp,tail,T50_T100,50,8,1.239e-05,2.51851e-05,4.38228e-05,1.54937e-05,-2.42468e-05,4.90267e-05,0.799678,0.450177,0.927114,False,False,2.47799e-07,5.03701e-07
K9-low-r04112,9,low,1.5437,0.7052,2.62163,32.3584,46.228,0.473291,0.520996,0.322241,enp,tail,T50_T100,50,8,0.00278924,0.00700711,0.00916487,0.00324027,-0.00487279,0.0104513,0.860803,0.417852,0.927114,False,False,5.57847e-05,0.000140142
K9-low-r06143,9,low,2.16626,0.616577,1.96772,101.567,170.959,0.19292,0.900879,0.39563,enp,tail,T50_T100,50,8,5.87473e-05,0.000169457,0.00026653,9.42324e-05,-0.000164077,0.000281572,0.62343,0.552766,0.927114,False,False,1.17495e-06,3.38915e-06
K9-low-r08201,9,low,2.99146,0.28894,1.05278,21.04,41.8481,0.363428,0.848145,0.361353,enp,tail,T50_T100,50,8,2.7606e-07,1.19381e-05,1.44208e-05,5.09853e-06,-1.178e-05,1.23322e-05,0.0541449,0.958333,1,False,False,5.52119e-09,2.38762e-07
K9-low-r10228,9,low,1.75122,0.600464,1.46411,171.704,30.4224,0.141943,0.617676,0.1302,enp,tail,T50_T100,50,8,1.14696e-05,2.03214e-05,2.28402e-05,8.07522e-06,-7.62531e-06,3.05644e-05,1.42034,0.19848,0.927114,False,False,2.29391e-07,4.06428e-07
K9-medium-r00000,9,medium,0.503662,1.28528,1.50894,102.495,113.64,0.759814,0.241699,0.314331,enp,tail,T50_T100,50,8,-0.000131385,0.000676357,0.000893711,0.000315974,-0.000878546,0.000615775,-0.41581,0.69,0.927114,False,False,-2.62771e-06,1.35271e-05
K9-medium-r02040,9,medium,1.33374,1.3175,2.27886,18.6279,53.4644,0.418799,0.35498,0.302026,enp,tail,T50_T100,50,8,-0.015942,0.030657,0.0402859,0.0142432,-0.0496219,0.0177378,-1.11927,0.299954,0.927114,False,False,-0.000318841,0.000613141
K9-medium-r04088,9,medium,0.918701,1.31213,0.596631,174.858,94.978,0.698291,0.270996,0.389038,enp,tail,T50_T100,50,8,0.00103642,0.00639285,0.00842996,0.00298044,-0.0060112,0.00808404,0.347739,0.738258,0.927114,False,False,2.07283e-05,0.000127857
K9-medium-r06128,9,medium,1.54126,1.30408,0.984229,54.0674,24.7095,0.86792,0.650879,0.257642,enp,tail,T50_T100,50,8,-0.00044874,0.00289008,0.00341864,0.00120867,-0.00330679,0.00240931,-0.371267,0.721421,0.927114,False,False,-8.9748e-06,5.78016e-05
K9-medium-r08179,9,medium,2.05396,1.76599,1.99409,168.55,195.906,0.491748,0.766113,0.381567,enp,tail,T50_T100,50,8,-0.000289014,0.00332391,0.00443261,0.00156717,-0.00399477,0.00341674,-0.184418,0.858914,1,False,False,-5.78028e-06,6.64781e-05
K9-medium-r10239,9,medium,2.78638,1.47595,1.64604,178.198,118.972,0.889014,0.48877,0.3552,enp,tail,T50_T100,50,8,0.000189306,0.000330667,0.000385427,0.000136269,-0.000132919,0.000511531,1.38921,0.207358,0.927114,False,False,3.78612e-06,6.61333e-06
K6-high-r00002,6,high,0.503662,2.09631,1.50894,102.495,113.64,0.759814,0.241699,0.314331,switching_rate,endpoint,T25_T100,75,8,6.25e-05,0.0001875,0.000320435,0.000113291,-0.00020539,0.00033039,0.551677,0.598331,1,False,False,8.33333e-07,2.5e-06
K6-high-r02072,6,high,0.70874,2.53674,1.60386,161.128,102.214,0.193799,0.60498,0.414526,switching_rate,endpoint,T25_T100,75,8,-0.006125,0.008125,0.0121,0.00427801,-0.0162409,0.00399088,-1.43174,0.195315,0.882794,False,False,-8.16667e-05,0.000108333
K6-high-r04090,6,high,2.1687,2.68713,1.94663,79.8584,192.478,0.248291,0.770996,0.209741,switching_rate,endpoint,T25_T100,75,8,-0.0019375,0.0031875,0.00369785,0.00130739,-0.00502898,0.00115398,-1.48196,0.181907,0.882794,False,False,-2.58333e-05,4.25e-05
K6-high-r06159,6,high,0.974854,2.17957,0.617725,170.405,29.4702,0.0821777,0.443848,0.370142,switching_rate,endpoint,T25_T100,75,8,0.0016875,0.0160625,0.021282,0.00752433,-0.0161047,0.0194797,0.224273,0.828951,1,False,False,2.25e-05,0.000214167
K6-high-r08178,6,high,1.9563,2.69519,1.39028,92.29,163.723,0.700928,0.223145,0.381567,switching_rate,endpoint,T25_T100,75,8,0.0015,0.004125,0.00548374,0.0019388,-0.00308452,0.00608452,0.773676,0.464444,1,False,False,2e-05,5.5e-05
K6-high-r10229,6,high,1.53638,2.85095,2.99604,83.1982,21.4722,0.439014,0.98877,0.1302,switching_rate,endpoint,T25_T100,75,8,6.25e-05,0.0016875,0.00216197,0.000764371,-0.00174495,0.00186995,0.0817666,0.937121,1,False,False,8.33333e-07,2.25e-05
K6-low-r00012,6,low,1.75366,0.721313,2.85894,197.495,16.1401,0.309814,0.741699,0.0893311,switching_rate,endpoint,T25_T100,75,8,0.0001875,0.0001875,0.000258775,9.14906e-05,-2.8841e-05,0.000403841,2.04939,0.079602,0.882794,False,False,2.5e-06,2.5e-06
K6-low-r02027,6,low,2.89624,0.973755,1.26636,137.378,126.589,0.531299,0.972168,0.358276,switching_rate,endpoint,T25_T100,75,8,0,0,0,0,0,0,0,1,1,False,False,0,0
K6-low-r04112,6,low,1.5437,0.7052,2.62163,32.3584,46.228,0.473291,0.520996,0.322241,switching_rate,endpoint,T25_T100,75,8,-0.0005625,0.0031875,0.00352985,0.00124799,-0.00351353,0.00238853,-0.450725,0.665818,1,False,False,-7.5e-06,4.25e-05
K6-low-r06143,6,low,2.16626,0.616577,1.96772,101.567,170.959,0.19292,0.900879,0.39563,switching_rate,endpoint,T25_T100,75,8,0,0.000125,0.000267261,9.44911e-05,-0.000223436,0.000223436,0,1,1,False,False,0,1.66667e-06
K6-low-r08201,6,low,2.99146,0.28894,1.05278,21.04,41.8481,0.363428,0.848145,0.361353,switching_rate,endpoint,T25_T100,75,8,0,0,0,0,0,0,0,1,1,False,False,0,0
K6-low-r10228,6,low,1.75122,0.600464,1.46411,171.704,30.4224,0.141943,0.617676,0.1302,switching_rate,endpoint,T25_T100,75,8,0.000125,0.000125,0.000353553,0.000125,-0.000170578,0.000420578,1,0.350617,1,False,False,1.66667e-06,1.66667e-06
K6-medium-r00000,6,medium,0.503662,1.28528,1.50894,102.495,113.64,0.759814,0.241699,0.314331,switching_rate,endpoint,T25_T100,75,8,6.25e-05,6.25e-05,0.000176777,6.25e-05,-8.5289e-05,0.000210289,1,0.350617,1,False,False,8.33333e-07,8.33333e-07
K6-medium-r02040,6,medium,1.33374,1.3175,2.27886,18.6279,53.4644,0.418799,0.35498,0.302026,switching_rate,endpoint,T25_T100,75,8,0.0005625,0.0110625,0.0171931,0.00607868,-0.0138113,0.0149363,0.0925366,0.928864,1,False,False,7.5e-06,0.0001475
K6-medium-r04088,6,medium,0.918701,1.31213,0.596631,174.858,94.978,0.698291,0.270996,0.389038,switching_rate,endpoint,T25_T100,75,8,0.0009375,0.0046875,0.00567222,0.00200543,-0.0038046,0.0056796,0.46748,0.65436,1,False,False,1.25e-05,6.25e-05
K6-medium-r06128,6,medium,1.54126,1.30408,0.984229,54.0674,24.7095,0.86792,0.650879,0.257642,switching_rate,endpoint,T25_T100,75,8,-0.0006875,0.0011875,0.00136113,0.000481233,-0.00182543,0.000450434,-1.42862,0.196176,0.882794,False,False,-9.16667e-06,1.58333e-05
K6-medium-r08179,6,medium,2.05396,1.76599,1.99409,168.55,195.906,0.491748,0.766113,0.381567,switching_rate,endpoint,T25_T100,75,8,-0.0008125,0.0011875,0.00113192,0.000400195,-0.00175881,0.000133811,-2.03026,0.0818815,0.882794,False,False,-1.08333e-05,1.58333e-05
K6-medium-r10239,6,medium,2.78638,1.47595,1.64604,178.198,118.972,0.889014,0.48877,0.3552,switching_rate,endpoint,T25_T100,75,8,-0.000125,0.000125,0.000231455,8.18317e-05,-0.000318501,6.85012e-05,-1.52753,0.170471,0.882794,False,False,-1.66667e-06,1.66667e-06
K8-high-r00002,8,high,0.503662,2.09631,1.50894,102.495,113.64,0.759814,0.241699,0.314331,switching_rate,endpoint,T25_T100,75,8,-0.00025,0.00025,0.000377964,0.000133631,-0.000565986,6.59862e-05,-1.87083,0.103552,0.882794,False,False,-3.33333e-06,3.33333e-06
K8-high-r02072,8,high,0.70874,2.53674,1.60386,161.128,102.214,0.193799,0.60498,0.414526,switching_rate,endpoint,T25_T100,75,8,0.0015625,0.0060625,0.0108872,0.00384921,-0.00753943,0.0106644,0.405928,0.696918,1,False,False,2.08333e-05,8.08333e-05
K8-high-r04090,8,high,2.1687,2.68713,1.94663,79.8584,192.478,0.248291,0.770996,0.209741,switching_rate,endpoint,T25_T100,75,8,0.0024375,0.0046875,0.00548659,0.0019398,-0.0021494,0.0070244,1.25657,0.249217,0.961264,False,False,3.25e-05,6.25e-05
K8-high-r06159,8,high,0.974854,2.17957,0.617725,170.405,29.4702,0.0821777,0.443848,0.370142,switching_rate,endpoint,T25_T100,75,8,0.0041875,0.0114375,0.0146822,0.00519094,-0.00808713,0.0164621,0.806694,0.446381,1,False,False,5.58333e-05,0.0001525
K8-high-r08178,8,high,1.9563,2.69519,1.39028,92.29,163.723,0.700928,0.223145,0.381567,switching_rate,endpoint,T25_T100,75,8,0.000375,0.00325,0.00447812,0.00158326,-0.0033688,0.0041188,0.236854,0.819552,1,False,False,5e-06,4.33333e-05
K8-high-r10229,8,high,1.53638,2.85095,2.99604,83.1982,21.4722,0.439014,0.98877,0.1302,switching_rate,endpoint,T25_T100,75,8,-0.0009375,0.0036875,0.00509508,0.00180138,-0.00519709,0.00332209,-0.520434,0.618812,1,False,False,-1.25e-05,4.91667e-05
K8-low-r00012,8,low,1.75366,0.721313,2.85894,197.495,16.1401,0.309814,0.741699,0.0893311,switching_rate,endpoint,T25_T100,75,8,0.0001875,0.0003125,0.000458063,0.00016195,-0.00019545,0.00057045,1.15777,0.284931,1,False,False,2.5e-06,4.16667e-06
K8-low-r02027,8,low,2.89624,0.973755,1.26636,137.378,126.589,0.531299,0.972168,0.358276,switching_rate,endpoint,T25_T100,75,8,0,0,0,0,0,0,0,1,1,False,False,0,0
K8-low-r04112,8,low,1.5437,0.7052,2.62163,32.3584,46.228,0.473291,0.520996,0.322241,switching_rate,endpoint,T25_T100,75,8,0.0001875,0.0026875,0.00326165,0.00115317,-0.00253931,0.00291431,0.162595,0.875431,1,False,False,2.5e-06,3.58333e-05
K8-low-r06143,8,low,2.16626,0.616577,1.96772,101.567,170.959,0.19292,0.900879,0.39563,switching_rate,endpoint,T25_T100,75,8,0.000125,0.00125,0.00195941,0.000692756,-0.00151311,0.00176311,0.180439,0.861921,1,False,False,1.66667e-06,1.66667e-05
K8-low-r08201,8,low,2.99146,0.28894,1.05278,21.04,41.8481,0.363428,0.848145,0.361353,switching_rate,endpoint,T25_T100,75,8,0,0,0,0,0,0,0,1,1,False,False,0,0
K8-low-r10228,8,low,1.75122,0.600464,1.46411,171.704,30.4224,0.141943,0.617676,0.1302,switching_rate,endpoint,T25_T100,75,8,0.00025,0.000375,0.00046291,0.000163663,-0.000137002,0.000637002,1.52753,0.170471,0.882794,False,False,3.33333e-06,5e-06
K8-medium-r00000,8,medium,0.503662,1.28528,1.50894,102.495,113.64,0.759814,0.241699,0.314331,switching_rate,endpoint,T25_T100,75,8,-6.25e-05,0.0001875,0.000320435,0.000113291,-0.00033039,0.00020539,-0.551677,0.598331,1,False,False,-8.33333e-07,2.5e-06
K8-medium-r02040,8,medium,1.33374,1.3175,2.27886,18.6279,53.4644,0.418799,0.35498,0.302026,switching_rate,endpoint,T25_T100,75,8,0.0071875,0.0120625,0.0122444,0.00432903,-0.00304903,0.017424,1.6603,0.140812,0.882794,False,False,9.58333e-05,0.000160833
K8-medium-r04088,8,medium,0.918701,1.31213,0.596631,174.858,94.978,0.698291,0.270996,0.389038,switching_rate,endpoint,T25_T100,75,8,-0.001,0.001625,0.00217124,0.000767649,-0.0028152,0.000815203,-1.30268,0.233901,0.961264,False,False,-1.33333e-05,2.16667e-05
K8-medium-r06128,8,medium,1.54126,1.30408,0.984229,54.0674,24.7095,0.86792,0.650879,0.257642,switching_rate,endpoint,T25_T100,75,8,0.000125,0.0015,0.00201335,0.000711826,-0.0015582,0.0018082,0.175605,0.865576,1,False,False,1.66667e-06,2e-05
K8-medium-r08179,8,medium,2.05396,1.76599,1.99409,168.55,195.906,0.491748,0.766113,0.381567,switching_rate,endpoint,T25_T100,75,8,0.000125,0.00075,0.000916125,0.000323899,-0.0006409,0.0008909,0.385922,0.711015,1,False,False,1.66667e-06,1e-05
K8-medium-r10239,8,medium,2.78638,1.47595,1.64604,178.198,118.972,0.889014,0.48877,0.3552,switching_rate,endpoint,T25_T100,75,8,-0.0001875,0.0001875,0.000258775,9.14906e-05,-0.000403841,2.8841e-05,-2.04939,0.079602,0.882794,False,False,-2.5e-06,2.5e-06
K9-high-r00002,9,high,0.503662,2.09631,1.50894,102.495,113.64,0.759814,0.241699,0.314331,switching_rate,endpoint,T25_T100,75,8,-0.000125,0.0005,0.00064087,0.000226582,-0.000660781,0.000410781,-0.551677,0.598331,1,False,False,-1.66667e-06,6.66667e-06
K9-high-r02072,9,high,0.70874,2.53674,1.60386,161.128,102.214,0.193799,0.60498,0.414526,switching_rate,endpoint,T25_T100,75,8,0.0020625,0.0113125,0.0178574,0.00631356,-0.0128667,0.0169917,0.326678,0.753462,1,False,False,2.75e-05,0.000150833
K9-high-r04090,9,high,2.1687,2.68713,1.94663,79.8584,192.478,0.248291,0.770996,0.209741,switching_rate,endpoint,T25_T100,75,8,0.0010625,0.0030625,0.00351971,0.00124441,-0.00188006,0.00400506,0.85382,0.421459,1,False,False,1.41667e-05,4.08333e-05
K9-high-r06159,9,high,0.974854,2.17957,0.617725,170.405,29.4702,0.0821777,0.443848,0.370142,switching_rate,endpoint,T25_T100,75,8,-0.003,0.013375,0.0161798,0.00572042,-0.0165266,0.0105266,-0.524437,0.616167,1,False,False,-4e-05,0.000178333
K9-high-r08178,9,high,1.9563,2.69519,1.39028,92.29,163.723,0.700928,0.223145,0.381567,switching_rate,endpoint,T25_T100,75,8,0.000375,0.004,0.00506211,0.00178973,-0.00385703,0.00460703,0.209529,0.840003,1,False,False,5e-06,5.33333e-05
K9-high-r10229,9,high,1.53638,2.85095,2.99604,83.1982,21.4722,0.439014,0.98877,0.1302,switching_rate,endpoint,T25_T100,75,8,-0.000125,0.00325,0.00397986,0.00140709,-0.00345225,0.00320225,-0.0888356,0.931701,1,False,False,-1.66667e-06,4.33333e-05
K9-low-r00012,9,low,1.75366,0.721313,2.85894,197.495,16.1401,0.309814,0.741699,0.0893311,switching_rate,endpoint,T25_T100,75,8,-6.25e-05,0.0003125,0.000417261,0.000147524,-0.000411339,0.000286339,-0.423659,0.684528,1,False,False,-8.33333e-07,4.16667e-06
K9-low-r02027,9,low,2.89624,0.973755,1.26636,137.378,126.589,0.531299,0.972168,0.358276,switching_rate,endpoint,T25_T100,75,8,6.25e-05,0.0001875,0.000320435,0.000113291,-0.00020539,0.00033039,0.551677,0.598331,1,False,False,8.33333e-07,2.5e-06
K9-low-r04112,9,low,1.5437,0.7052,2.62163,32.3584,46.228,0.473291,0.520996,0.322241,switching_rate,endpoint,T25_T100,75,8,0.0010625,0.0031875,0.00444359,0.00157105,-0.00265244,0.00477744,0.6763,0.520562,1,False,False,1.41667e-05,4.25e-05
K9-low-r06143,9,low,2.16626,0.616577,1.96772,101.567,170.959,0.19292,0.900879,0.39563,switching_rate,endpoint,T25_T100,75,8,-6.25e-05,0.0011875,0.00156838,0.000554507,-0.0013737,0.0012487,-0.112713,0.913423,1,False,False,-8.33333e-07,1.58333e-05
K9-low-r08201,9,low,2.99146,0.28894,1.05278,21.04,41.8481,0.363428,0.848145,0.361353,switching_rate,endpoint,T25_T100,75,8,-6.25e-05,0.0003125,0.000417261,0.000147524,-0.000411339,0.000286339,-0.423659,0.684528,1,False,False,-8.33333e-07,4.16667e-06
K9-low-r10228,9,low,1.75122,0.600464,1.46411,171.704,30.4224,0.141943,0.617676,0.1302,switching_rate,endpoint,T25_T100,75,8,0.00025,0.000375,0.00046291,0.000163663,-0.000137002,0.000637002,1.52753,0.170471,0.882794,False,False,3.33333e-06,5e-06
K9-medium-r00000,9,medium,0.503662,1.28528,1.50894,102.495,113.64,0.759814,0.241699,0.314331,switching_rate,endpoint,T25_T100,75,8,0,0.00025,0.000377964,0.000133631,-0.000315986,0.000315986,0,1,1,False,False,0,3.33333e-06
K9-medium-r02040,9,medium,1.33374,1.3175,2.27886,18.6279,53.4644,0.418799,0.35498,0.302026,switching_rate,endpoint,T25_T100,75,8,0.0100625,0.0181875,0.0186537,0.00659507,-0.00553237,0.0256574,1.52576,0.170901,0.882794,False,False,0.000134167,0.0002425
K9-medium-r04088,9,medium,0.918701,1.31213,0.596631,174.858,94.978,0.698291,0.270996,0.389038,switching_rate,endpoint,T25_T100,75,8,-0.000875,0.00275,0.00350255,0.00123834,-0.00380321,0.00205321,-0.706592,0.502655,1,False,False,-1.16667e-05,3.66667e-05
K9-medium-r06128,9,medium,1.54126,1.30408,0.984229,54.0674,24.7095,0.86792,0.650879,0.257642,switching_rate,endpoint,T25_T100,75,8,-0.00025,0.000875,0.0010351,0.000365963,-0.00111536,0.000615364,-0.68313,0.51649,1,False,False,-3.33333e-06,1.16667e-05
K9-medium-r08179,9,medium,2.05396,1.76599,1.99409,168.55,195.906,0.491748,0.766113,0.381567,switching_rate,endpoint,T25_T100,75,8,0.0008125,0.0016875,0.00259033,0.000915821,-0.00135307,0.00297807,0.887182,0.40443,1,False,False,1.08333e-05,2.25e-05
K9-medium-r10239,9,medium,2.78638,1.47595,1.64604,178.198,118.972,0.889014,0.48877,0.3552,switching_rate,endpoint,T25_T100,75,8,-6.25e-05,0.0001875,0.000320435,0.000113291,-0.00033039,0.00020539,-0.551677,0.598331,1,False,False,-8.33333e-07,2.5e-06
K6-high-r00002,6,high,0.503662,2.09631,1.50894,102.495,113.64,0.759814,0.241699,0.314331,switching_rate,endpoint,T25_T50,25,8,-6.25e-05,0.0001875,0.000320435,0.000113291,-0.00033039,0.00020539,-0.551677,0.598331,1,False,False,-2.5e-06,7.5e-06
K6-high-r02072,6,high,0.70874,2.53674,1.60386,161.128,102.214,0.193799,0.60498,0.414526,switching_rate,endpoint,T25_T50,25,8,0.006,0.008375,0.0104335,0.00368879,-0.00272259,0.0147226,1.62655,0.147859,0.947087,False,False,0.00024,0.000335
K6-high-r04090,6,high,2.1687,2.68713,1.94663,79.8584,192.478,0.248291,0.770996,0.209741,switching_rate,endpoint,T25_T50,25,8,0.0015625,0.0040625,0.0052877,0.00186949,-0.00285813,0.00598313,0.835791,0.430873,0.947087,False,False,6.25e-05,0.0001625
K6-high-r06159,6,high,0.974854,2.17957,0.617725,170.405,29.4702,0.0821777,0.443848,0.370142,switching_rate,endpoint,T25_T50,25,8,-0.00575,0.0105,0.0154249,0.00545354,-0.0186456,0.00714557,-1.05436,0.326744,0.947087,False,False,-0.00023,0.00042
K6-high-r08178,6,high,1.9563,2.69519,1.39028,92.29,163.723,0.700928,0.223145,0.381567,switching_rate,endpoint,T25_T50,25,8,0.0008125,0.0056875,0.00690206,0.00244025,-0.00495776,0.00658276,0.332958,0.748916,1,False,False,3.25e-05,0.0002275
K6-high-r10229,6,high,1.53638,2.85095,2.99604,83.1982,21.4722,0.439014,0.98877,0.1302,switching_rate,endpoint,T25_T50,25,8,0.000375,0.001875,0.00221601,0.000783479,-0.00147763,0.00222763,0.478634,0.646787,1,False,False,1.5e-05,7.5e-05
K6-low-r00012,6,low,1.75366,0.721313,2.85894,197.495,16.1401,0.309814,0.741699,0.0893311,switching_rate,endpoint,T25_T50,25,8,0,0,0,0,0,0,0,1,1,False,False,0,0
K6-low-r02027,6,low,2.89624,0.973755,1.26636,137.378,126.589,0.531299,0.972168,0.358276,switching_rate,endpoint,T25_T50,25,8,0,0,0,0,0,0,0,1,1,False,False,0,0
K6-low-r04112,6,low,1.5437,0.7052,2.62163,32.3584,46.228,0.473291,0.520996,0.322241,switching_rate,endpoint,T25_T50,25,8,0.001625,0.003125,0.00366206,0.00129474,-0.00143656,0.00468656,1.25508,0.249725,0.947087,False,False,6.5e-05,0.000125
K6-low-r06143,6,low,2.16626,0.616577,1.96772,101.567,170.959,0.19292,0.900879,0.39563,switching_rate,endpoint,T25_T50,25,8,-6.25e-05,6.25e-05,0.000176777,6.25e-05,-0.000210289,8.5289e-05,-1,0.350617,0.947087,False,False,-2.5e-06,2.5e-06
K6-low-r08201,6,low,2.99146,0.28894,1.05278,21.04,41.8481,0.363428,0.848145,0.361353,switching_rate,endpoint,T25_T50,25,8,0,0,0,0,0,0,0,1,1,False,False,0,0
K6-low-r10228,6,low,1.75122,0.600464,1.46411,171.704,30.4224,0.141943,0.617676,0.1302,switching_rate,endpoint,T25_T50,25,8,-6.25e-05,0.0001875,0.000417261,0.000147524,-0.000411339,0.000286339,-0.423659,0.684528,1,False,False,-2.5e-06,7.5e-06
K6-medium-r00000,6,medium,0.503662,1.28528,1.50894,102.495,113.64,0.759814,0.241699,0.314331,switching_rate,endpoint,T25_T50,25,8,0,0.000125,0.000267261,9.44911e-05,-0.000223436,0.000223436,0,1,1,False,False,0,5e-06
K6-medium-r02040,6,medium,1.33374,1.3175,2.27886,18.6279,53.4644,0.418799,0.35498,0.302026,switching_rate,endpoint,T25_T50,25,8,0.002125,0.019375,0.0246428,0.00871255,-0.0184769,0.0227269,0.243901,0.814301,1,False,False,8.5e-05,0.000775
K6-medium-r04088,6,medium,0.918701,1.31213,0.596631,174.858,94.978,0.698291,0.270996,0.389038,switching_rate,endpoint,T25_T50,25,8,-0.0003125,0.0026875,0.00439104,0.00155247,-0.0039835,0.0033585,-0.201292,0.846194,1,False,False,-1.25e-05,0.0001075
K6-medium-r06128,6,medium,1.54126,1.30408,0.984229,54.0674,24.7095,0.86792,0.650879,0.257642,switching_rate,endpoint,T25_T50,25,8,-0.000625,0.001125,0.00138229,0.000488712,-0.00178062,0.00053062,-1.27887,0.241704,0.947087,False,False,-2.5e-05,4.5e-05
K6-medium-r08179,6,medium,2.05396,1.76599,1.99409,168.55,195.906,0.491748,0.766113,0.381567,switching_rate,endpoint,T25_T50,25,8,-0.0004375,0.0011875,0.00156838,0.000554507,-0.0017487,0.0008737,-0.78899,0.456005,0.947087,False,False,-1.75e-05,4.75e-05
K6-medium-r10239,6,medium,2.78638,1.47595,1.64604,178.198,118.972,0.889014,0.48877,0.3552,switching_rate,endpoint,T25_T50,25,8,0,0.000125,0.000267261,9.44911e-05,-0.000223436,0.000223436,0,1,1,False,False,0,5e-06
K8-high-r00002,8,high,0.503662,2.09631,1.50894,102.495,113.64,0.759814,0.241699,0.314331,switching_rate,endpoint,T25_T50,25,8,0.000125,0.00025,0.000353553,0.000125,-0.000170578,0.000420578,1,0.350617,0.947087,False,False,5e-06,1e-05
K8-high-r02072,8,high,0.70874,2.53674,1.60386,161.128,102.214,0.193799,0.60498,0.414526,switching_rate,endpoint,T25_T50,25,8,-0.001,0.00375,0.00430116,0.00152069,-0.00459586,0.00259586,-0.657596,0.531818,0.990282,False,False,-4e-05,0.00015
K8-high-r04090,8,high,2.1687,2.68713,1.94663,79.8584,192.478,0.248291,0.770996,0.209741,switching_rate,endpoint,T25_T50,25,8,0.000625,0.0025,0.00297309,0.00105115,-0.00186057,0.00311057,0.594588,0.570829,1,False,False,2.5e-05,0.0001
K8-high-r06159,8,high,0.974854,2.17957,0.617725,170.405,29.4702,0.0821777,0.443848,0.370142,switching_rate,endpoint,T25_T50,25,8,-0.004125,0.013,0.0163702,0.00578773,-0.0178108,0.0095608,-0.712715,0.499084,0.990282,False,False,-0.000165,0.00052
K8-high-r08178,8,high,1.9563,2.69519,1.39028,92.29,163.723,0.700928,0.223145,0.381567,switching_rate,endpoint,T25_T50,25,8,0.0035,0.004875,0.00640312,0.00226385,-0.00185315,0.00885315,1.54604,0.166014,0.947087,False,False,0.00014,0.000195
K8-high-r10229,8,high,1.53638,2.85095,2.99604,83.1982,21.4722,0.439014,0.98877,0.1302,switching_rate,endpoint,T25_T50,25,8,-0.0008125,0.0019375,0.00247758,0.000875956,-0.00288381,0.00125881,-0.927558,0.384504,0.947087,False,False,-3.25e-05,7.75e-05
K8-low-r00012,8,low,1.75366,0.721313,2.85894,197.495,16.1401,0.309814,0.741699,0.0893311,switching_rate,endpoint,T25_T50,25,8,-0.0001875,0.0004375,0.000651235,0.000230246,-0.000731946,0.000356946,-0.814345,0.442266,0.947087,False,False,-7.5e-06,1.75e-05
K8-low-r02027,8,low,2.89624,0.973755,1.26636,137.378,126.589,0.531299,0.972168,0.358276,switching_rate,endpoint,T25_T50,25,8,0,0,0,0,0,0,0,1,1,False,False,0,0
K8-low-r04112,8,low,1.5437,0.7052,2.62163,32.3584,46.228,0.473291,0.520996,0.322241,switching_rate,endpoint,T25_T50,25,8,0.0014375,0.0056875,0.00977766,0.00345693,-0.00673683,0.00961183,0.415832,0.689985,1,False,False,5.75e-05,0.0002275
K8-low-r06143,8,low,2.16626,0.616577,1.96772,101.567,170.959,0.19292,0.900879,0.39563,switching_rate,endpoint,T25_T50,25,8,0.0003125,0.0004375,0.000651235,0.000230246,-0.000231946,0.000856946,1.35724,0.216838,0.947087,False,False,1.25e-05,1.75e-05
K8-low-r08201,8,low,2.99146,0.28894,1.05278,21.04,41.8481,0.363428,0.848145,0.361353,switching_rate,endpoint,T25_T50,25,8,0,0,0,0,0,0,0,1,1,False,False,0,0
K8-low-r10228,8,low,1.75122,0.600464,1.46411,171.704,30.4224,0.141943,0.617676,0.1302,switching_rate,endpoint,T25_T50,25,8,-0.000125,0.000375,0.000517549,0.000182981,-0.000557682,0.000307682,-0.68313,0.51649,0.990282,False,False,-5e-06,1.5e-05
K8-medium-r00000,8,medium,0.503662,1.28528,1.50894,102.495,113.64,0.759814,0.241699,0.314331,switching_rate,endpoint,T25_T50,25,8,6.25e-05,0.0001875,0.000320435,0.000113291,-0.00020539,0.00033039,0.551677,0.598331,1,False,False,2.5e-06,7.5e-06
K8-medium-r02040,8,medium,1.33374,1.3175,2.27886,18.6279,53.4644,0.418799,0.35498,0.302026,switching_rate,endpoint,T25_T50,25,8,-0.01125,0.015,0.0228129,0.00806558,-0.0303221,0.00782206,-1.39482,0.205733,0.947087,False,False,-0.00045,0.0006
K8-medium-r04088,8,medium,0.918701,1.31213,0.596631,174.858,94.978,0.698291,0.270996,0.389038,switching_rate,endpoint,T25_T50,25,8,-6.25e-05,0.0019375,0.00284652,0.0010064,-0.00244225,0.00231725,-0.0621027,0.952217,1,False,False,-2.5e-06,7.75e-05
K8-medium-r06128,8,medium,1.54126,1.30408,0.984229,54.0674,24.7095,0.86792,0.650879,0.257642,switching_rate,endpoint,T25_T50,25,8,-6.25e-05,0.0019375,0.00249911,0.000883568,-0.00215181,0.00202681,-0.0707359,0.945586,1,False,False,-2.5e-06,7.75e-05
K8-medium-r08179,8,medium,2.05396,1.76599,1.99409,168.55,195.906,0.491748,0.766113,0.381567,switching_rate,endpoint,T25_T50,25,8,0.0004375,0.0010625,0.00154544,0.000546396,-0.000854522,0.00172952,0.800701,0.449623,0.947087,False,False,1.75e-05,4.25e-05
K8-medium-r10239,8,medium,2.78638,1.47595,1.64604,178.198,118.972,0.889014,0.48877,0.3552,switching_rate,endpoint,T25_T50,25,8,-6.25e-05,6.25e-05,0.000176777,6.25e-05,-0.000210289,8.5289e-05,-1,0.350617,0.947087,False,False,-2.5e-06,2.5e-06
K9-high-r00002,9,high,0.503662,2.09631,1.50894,102.495,113.64,0.759814,0.241699,0.314331,switching_rate,endpoint,T25_T50,25,8,-0.00025,0.0005,0.000534522,0.000188982,-0.000696872,0.000196872,-1.32288,0.227453,0.947087,False,False,-1e-05,2e-05
K9-high-r02072,9,high,0.70874,2.53674,1.60386,161.128,102.214,0.193799,0.60498,0.414526,switching_rate,endpoint,T25_T50,25,8,-0.001625,0.004,0.00509026,0.00179968,-0.00588056,0.00263056,-0.90294,0.396565,0.947087,False,False,-6.5e-05,0.00016
K9-high-r04090,9,high,2.1687,2.68713,1.94663,79.8584,192.478,0.248291,0.770996,0.209741,switching_rate,endpoint,T25_T50,25,8,0.001625,0.00275,0.00299702,0.00105961,-0.000880573,0.00413057,1.53359,0.169,0.947087,False,False,6.5e-05,0.00011
K9-high-r06159,9,high,0.974854,2.17957,0.617725,170.405,29.4702,0.0821777,0.443848,0.370142,switching_rate,endpoint,T25_T50,25,8,0.001375,0.01425,0.0178421,0.00630812,-0.0135413,0.0162913,0.217973,0.833668,1,False,False,5.5e-05,0.00057
K9-high-r08178,9,high,1.9563,2.69519,1.39028,92.29,163.723,0.700928,0.223145,0.381567,switching_rate,endpoint,T25_T50,25,8,-0.0021875,0.0041875,0.00497808,0.00176002,-0.00634928,0.00197428,-1.24289,0.253925,0.947087,False,False,-8.75e-05,0.0001675
K9-high-r10229,9,high,1.53638,2.85095,2.99604,83.1982,21.4722,0.439014,0.98877,0.1302,switching_rate,endpoint,T25_T50,25,8,0.0003125,0.0023125,0.00303477,0.00107295,-0.00222463,0.00284963,0.291252,0.779299,1,False,False,1.25e-05,9.25e-05
K9-low-r00012,9,low,1.75366,0.721313,2.85894,197.495,16.1401,0.309814,0.741699,0.0893311,switching_rate,endpoint,T25_T50,25,8,0.00025,0.0005,0.000654654,0.000231455,-0.000297304,0.000797304,1.08012,0.315891,0.947087,False,False,1e-05,2e-05
K9-low-r02027,9,low,2.89624,0.973755,1.26636,137.378,126.589,0.531299,0.972168,0.358276,switching_rate,endpoint,T25_T50,25,8,-6.25e-05,0.0001875,0.000417261,0.000147524,-0.000411339,0.000286339,-0.423659,0.684528,1,False,False,-2.5e-06,7.5e-06
K9-low-r04112,9,low,1.5437,0.7052,2.62163,32.3584,46.228,0.473291,0.520996,0.322241,switching_rate,endpoint,T25_T50,25,8,0.0003125,0.0033125,0.0046209,0.00163373,-0.00355067,0.00417567,0.19128,0.853736,1,False,False,1.25e-05,0.0001325
K9-low-r06143,9,low,2.16626,0.616577,1.96772,101.567,170.959,0.19292,0.900879,0.39563,switching_rate,endpoint,T25_T50,25,8,0.00025,0.001625,0.00201778,0.000713392,-0.0014369,0.0019369,0.350438,0.736318,1,False,False,1e-05,6.5e-05
K9-low-r08201,9,low,2.99146,0.28894,1.05278,21.04,41.8481,0.363428,0.848145,0.361353,switching_rate,endpoint,T25_T50,25,8,0.0005,0.000625,0.000801784,0.000283473,-0.000170308,0.00117031,1.76383,0.121122,0.947087,False,False,2e-05,2.5e-05
K9-low-r10228,9,low,1.75122,0.600464,1.46411,171.704,30.4224,0.141943,0.617676,0.1302,switching_rate,endpoint,T25_T50,25,8,0.0005625,0.0005625,0.000623212,0.000220339,4.1482e-05,0.00108352,2.55289,0.0379433,0.947087,True,False,2.25e-05,2.25e-05
K9-medium-r00000,9,medium,0.503662,1.28528,1.50894,102.495,113.64,0.759814,0.241699,0.314331,switching_rate,endpoint,T25_T50,25,8,0,0,0,0,0,0,0,1,1,False,False,0,0
K9-medium-r02040,9,medium,1.33374,1.3175,2.27886,18.6279,53.4644,0.418799,0.35498,0.302026,switching_rate,endpoint,T25_T50,25,8,-0.0058125,0.0146875,0.0174498,0.00616944,-0.0204009,0.0087759,-0.942144,0.377488,0.947087,False,False,-0.0002325,0.0005875
K9-medium-r04088,9,medium,0.918701,1.31213,0.596631,174.858,94.978,0.698291,0.270996,0.389038,switching_rate,endpoint,T25_T50,25,8,0.0013125,0.0038125,0.00454295,0.00160618,-0.0024855,0.0051105,0.817159,0.440759,0.947087,False,False,5.25e-05,0.0001525
K9-medium-r06128,9,medium,1.54126,1.30408,0.984229,54.0674,24.7095,0.86792,0.650879,0.257642,switching_rate,endpoint,T25_T50,25,8,-0.0003125,0.0014375,0.00213705,0.00075556,-0.00209911,0.00147411,-0.413601,0.691544,1,False,False,-1.25e-05,5.75e-05
K9-medium-r08179,9,medium,2.05396,1.76599,1.99409,168.55,195.906,0.491748,0.766113,0.381567,switching_rate,endpoint,T25_T50,25,8,-0.0010625,0.0021875,0.00259722,0.000918255,-0.00323383,0.00110883,-1.15709,0.285192,0.947087,False,False,-4.25e-05,8.75e-05
K9-medium-r10239,9,medium,2.78638,1.47595,1.64604,178.198,118.972,0.889014,0.48877,0.3552,switching_rate,endpoint,T25_T50,25,8,-0.000125,0.00025,0.000353553,0.000125,-0.000420578,0.000170578,-1,0.350617,0.947087,False,False,-5e-06,1e-05
K6-high-r00002,6,high,0.503662,2.09631,1.50894,102.495,113.64,0.759814,0.241699,0.314331,switching_rate,endpoint,T50_T100,50,8,0.000125,0.000125,0.000231455,8.18317e-05,-6.85012e-05,0.000318501,1.52753,0.170471,0.541495,False,False,2.5e-06,2.5e-06
K6-high-r02072,6,high,0.70874,2.53674,1.60386,161.128,102.214,0.193799,0.60498,0.414526,switching_rate,endpoint,T50_T100,50,8,-0.012125,0.01325,0.0140528,0.00496843,-0.0238735,-0.000376537,-2.44041,0.044732,0.390774,True,False,-0.0002425,0.000265
K6-high-r04090,6,high,2.1687,2.68713,1.94663,79.8584,192.478,0.248291,0.770996,0.209741,switching_rate,endpoint,T50_T100,50,8,-0.0035,0.004625,0.00445614,0.00157548,-0.00722542,0.000225422,-2.22154,0.0617365,0.390774,False,False,-7e-05,9.25e-05
K6-high-r06159,6,high,0.974854,2.17957,0.617725,170.405,29.4702,0.0821777,0.443848,0.370142,switching_rate,endpoint,T50_T100,50,8,0.0074375,0.0159375,0.020907,0.00739174,-0.0100412,0.0249162,1.00619,0.347831,0.701233,False,False,0.00014875,0.00031875
K6-high-r08178,6,high,1.9563,2.69519,1.39028,92.29,163.723,0.700928,0.223145,0.381567,switching_rate,endpoint,T50_T100,50,8,0.0006875,0.0075625,0.00888794,0.00314236,-0.00674301,0.00811801,0.218784,0.83306,0.999672,False,False,1.375e-05,0.00015125
K6-high-r10229,6,high,1.53638,2.85095,2.99604,83.1982,21.4722,0.439014,0.98877,0.1302,switching_rate,endpoint,T50_T100,50,8,-0.0003125,0.0011875,0.00171,0.000604577,-0.0017421,0.0011171,-0.51689,0.621158,0.906555,False,False,-6.25e-06,2.375e-05
K6-low-r00012,6,low,1.75366,0.721313,2.85894,197.495,16.1401,0.309814,0.741699,0.0893311,switching_rate,endpoint,T50_T100,50,8,0.0001875,0.0001875,0.000258775,9.14906e-05,-2.8841e-05,0.000403841,2.04939,0.079602,0.390774,False,False,3.75e-06,3.75e-06
K6-low-r02027,6,low,2.89624,0.973755,1.26636,137.378,126.589,0.531299,0.972168,0.358276,switching_rate,endpoint,T50_T100,50,8,0,0,0,0,0,0,0,1,1,False,False,0,0
K6-low-r04112,6,low,1.5437,0.7052,2.62163,32.3584,46.228,0.473291,0.520996,0.322241,switching_rate,endpoint,T50_T100,50,8,-0.0021875,0.0038125,0.00467468,0.00165275,-0.00609563,0.00172063,-1.32355,0.22724,0.557771,False,False,-4.375e-05,7.625e-05
K6-low-r06143,6,low,2.16626,0.616577,1.96772,101.567,170.959,0.19292,0.900879,0.39563,switching_rate,endpoint,T50_T100,50,8,6.25e-05,6.25e-05,0.000176777,6.25e-05,-8.5289e-05,0.000210289,1,0.350617,0.701233,False,False,1.25e-06,1.25e-06
K6-low-r08201,6,low,2.99146,0.28894,1.05278,21.04,41.8481,0.363428,0.848145,0.361353,switching_rate,endpoint,T50_T100,50,8,0,0,0,0,0,0,0,1,1,False,False,0,0
K6-low-r10228,6,low,1.75122,0.600464,1.46411,171.704,30.4224,0.141943,0.617676,0.1302,switching_rate,endpoint,T50_T100,50,8,0.0001875,0.0001875,0.000372012,0.000131526,-0.00012351,0.00049851,1.42557,0.197022,0.557771,False,False,3.75e-06,3.75e-06
K6-medium-r00000,6,medium,0.503662,1.28528,1.50894,102.495,113.64,0.759814,0.241699,0.314331,switching_rate,endpoint,T50_T100,50,8,6.25e-05,6.25e-05,0.000176777,6.25e-05,-8.5289e-05,0.000210289,1,0.350617,0.701233,False,False,1.25e-06,1.25e-06
K6-medium-r02040,6,medium,1.33374,1.3175,2.27886,18.6279,53.4644,0.418799,0.35498,0.302026,switching_rate,endpoint,T50_T100,50,8,-0.0015625,0.0204375,0.0269648,0.00953351,-0.0241057,0.0209807,-0.163896,0.874445,1,False,False,-3.125e-05,0.00040875
K6-medium-r04088,6,medium,0.918701,1.31213,0.596631,174.858,94.978,0.698291,0.270996,0.389038,switching_rate,endpoint,T50_T100,50,8,0.00125,0.004375,0.00588582,0.00208095,-0.00367067,0.00617067,0.600687,0.566981,0.897497,False,False,2.5e-05,8.75e-05
K6-medium-r06128,6,medium,1.54126,1.30408,0.984229,54.0674,24.7095,0.86792,0.650879,0.257642,switching_rate,endpoint,T50_T100,50,8,-6.25e-05,0.0010625,0.00145006,0.000512674,-0.00127478,0.00114978,-0.12191,0.906396,1,False,False,-1.25e-06,2.125e-05
K6-medium-r08179,6,medium,2.05396,1.76599,1.99409,168.55,195.906,0.491748,0.766113,0.381567,switching_rate,endpoint,T50_T100,50,8,-0.000375,0.0015,0.00192261,0.000679745,-0.00198234,0.00123234,-0.551677,0.598331,0.897497,False,False,-7.5e-06,3e-05
K6-medium-r10239,6,medium,2.78638,1.47595,1.64604,178.198,118.972,0.889014,0.48877,0.3552,switching_rate,endpoint,T50_T100,50,8,-0.000125,0.000125,0.000231455,8.18317e-05,-0.000318501,6.85012e-05,-1.52753,0.170471,0.541495,False,False,-2.5e-06,2.5e-06
K8-high-r00002,8,high,0.503662,2.09631,1.50894,102.495,113.64,0.759814,0.241699,0.314331,switching_rate,endpoint,T50_T100,50,8,-0.000375,0.000375,0.000231455,8.18317e-05,-0.000568501,-0.000181499,-4.58258,0.002536,0.136944,True,False,-7.5e-06,7.5e-06
K8-high-r02072,8,high,0.70874,2.53674,1.60386,161.128,102.214,0.193799,0.60498,0.414526,switching_rate,endpoint,T50_T100,50,8,0.0025625,0.0073125,0.0116449,0.00411708,-0.00717284,0.0122978,0.622407,0.5534,0.897497,False,False,5.125e-05,0.00014625
K8-high-r04090,8,high,2.1687,2.68713,1.94663,79.8584,192.478,0.248291,0.770996,0.209741,switching_rate,endpoint,T50_T100,50,8,0.0018125,0.0025625,0.00308148,0.00108947,-0.000763684,0.00438868,1.66366,0.14013,0.541495,False,False,3.625e-05,5.125e-05
K8-high-r06159,8,high,0.974854,2.17957,0.617725,170.405,29.4702,0.0821777,0.443848,0.370142,switching_rate,endpoint,T50_T100,50,8,0.0083125,0.0146875,0.0175864,0.00621773,-0.00639009,0.0230151,1.3369,0.223066,0.557771,False,False,0.00016625,0.00029375
K8-high-r08178,8,high,1.9563,2.69519,1.39028,92.29,163.723,0.700928,0.223145,0.381567,switching_rate,endpoint,T50_T100,50,8,-0.003125,0.00375,0.00403334,0.001426,-0.00649696,0.000246959,-2.19144,0.0645413,0.390774,False,False,-6.25e-05,7.5e-05
K8-high-r10229,8,high,1.53638,2.85095,2.99604,83.1982,21.4722,0.439014,0.98877,0.1302,switching_rate,endpoint,T50_T100,50,8,-0.000125,0.002375,0.00319318,0.00112896,-0.00279457,0.00254457,-0.110721,0.914945,1,False,False,-2.5e-06,4.75e-05
K8-low-r00012,8,low,1.75366,0.721313,2.85894,197.495,16.1401,0.309814,0.741699,0.0893311,switching_rate,endpoint,T50_T100,50,8,0.000375,0.000375,0.000517549,0.000182981,-5.76819e-05,0.000807682,2.04939,0.079602,0.390774,False,False,7.5e-06,7.5e-06
K8-low-r02027,8,low,2.89624,0.973755,1.26636,137.378,126.589,0.531299,0.972168,0.358276,switching_rate,endpoint,T50_T100,50,8,0,0,0,0,0,0,0,1,1,False,False,0,0
K8-low-r04112,8,low,1.5437,0.7052,2.62163,32.3584,46.228,0.473291,0.520996,0.322241,switching_rate,endpoint,T50_T100,50,8,-0.00125,0.00525,0.0082851,0.00292922,-0.00817652,0.00567652,-0.426734,0.68239,0.924113,False,False,-2.5e-05,0.000105
K8-low-r06143,8,low,2.16626,0.616577,1.96772,101.567,170.959,0.19292,0.900879,0.39563,switching_rate,endpoint,T50_T100,50,8,-0.0001875,0.0010625,0.00188864,0.000667735,-0.00176644,0.00139144,-0.2808,0.786982,0.965842,False,False,-3.75e-06,2.125e-05
K8-low-r08201,8,low,2.99146,0.28894,1.05278,21.04,41.8481,0.363428,0.848145,0.361353,switching_rate,endpoint,T50_T100,50,8,0,0,0,0,0,0,0,1,1,False,False,0,0
K8-low-r10228,8,low,1.75122,0.600464,1.46411,171.704,30.4224,0.141943,0.617676,0.1302,switching_rate,endpoint,T50_T100,50,8,0.000375,0.0005,0.000790569,0.000279508,-0.000285933,0.00103593,1.34164,0.221601,0.557771,False,False,7.5e-06,1e-05
K8-medium-r00000,8,medium,0.503662,1.28528,1.50894,102.495,113.64,0.759814,0.241699,0.314331,switching_rate,endpoint,T50_T100,50,8,-0.000125,0.000125,0.000353553,0.000125,-0.000420578,0.000170578,-1,0.350617,0.701233,False,False,-2.5e-06,2.5e-06
K8-medium-r02040,8,medium,1.33374,1.3175,2.27886,18.6279,53.4644,0.418799,0.35498,0.302026,switching_rate,endpoint,T50_T100,50,8,0.0184375,0.0194375,0.0191338,0.00676482,0.00244123,0.0344338,2.7255,0.0295302,0.390774,True,False,0.00036875,0.00038875
K8-medium-r04088,8,medium,0.918701,1.31213,0.596631,174.858,94.978,0.698291,0.270996,0.389038,switching_rate,endpoint,T50_T100,50,8,-0.0009375,0.0013125,0.00165697,0.000585826,-0.00232276,0.000447758,-1.6003,0.153564,0.541495,False,False,-1.875e-05,2.625e-05
K8-medium-r06128,8,medium,1.54126,1.30408,0.984229,54.0674,24.7095,0.86792,0.650879,0.257642,switching_rate,endpoint,T50_T100,50,8,0.0001875,0.0014375,0.00173076,0.000611917,-0.00125945,0.00163445,0.306414,0.768202,0.965842,False,False,3.75e-06,2.875e-05
K8-medium-r08179,8,medium,2.05396,1.76599,1.99409,168.55,195.906,0.491748,0.766113,0.381567,switching_rate,endpoint,T50_T100,50,8,-0.0003125,0.0013125,0.00160217,0.000566454,-0.00165195,0.00102695,-0.551677,0.598331,0.897497,False,False,-6.25e-06,2.625e-05
K8-medium-r10239,8,medium,2.78638,1.47595,1.64604,178.198,118.972,0.889014,0.48877,0.3552,switching_rate,endpoint,T50_T100,50,8,-0.000125,0.000125,0.000231455,8.18317e-05,-0.000318501,6.85012e-05,-1.52753,0.170471,0.541495,False,False,-2.5e-06,2.5e-06
K9-high-r00002,9,high,0.503662,2.09631,1.50894,102.495,113.64,0.759814,0.241699,0.314331,switching_rate,endpoint,T50_T100,50,8,0.000125,0.000375,0.000517549,0.000182981,-0.000307682,0.000557682,0.68313,0.51649,0.897497,False,False,2.5e-06,7.5e-06
K9-high-r02072,9,high,0.70874,2.53674,1.60386,161.128,102.214,0.193799,0.60498,0.414526,switching_rate,endpoint,T50_T100,50,8,0.0036875,0.0101875,0.0139154,0.00491984,-0.00794607,0.0153211,0.749517,0.477973,0.883721,False,False,7.375e-05,0.00020375
K9-high-r04090,9,high,2.1687,2.68713,1.94663,79.8584,192.478,0.248291,0.770996,0.209741,switching_rate,endpoint,T50_T100,50,8,-0.0005625,0.0040625,0.00531465,0.00187901,-0.00500566,0.00388066,-0.299359,0.773359,0.965842,False,False,-1.125e-05,8.125e-05
K9-high-r06159,9,high,0.974854,2.17957,0.617725,170.405,29.4702,0.0821777,0.443848,0.370142,switching_rate,endpoint,T50_T100,50,8,-0.004375,0.014125,0.0170268,0.00601987,-0.0186097,0.00985973,-0.72676,0.490956,0.883721,False,False,-8.75e-05,0.0002825
K9-high-r08178,9,high,1.9563,2.69519,1.39028,92.29,163.723,0.700928,0.223145,0.381567,switching_rate,endpoint,T50_T100,50,8,0.0025625,0.0041875,0.00502449,0.00177643,-0.00163808,0.00676308,1.4425,0.19237,0.557771,False,False,5.125e-05,8.375e-05
K9-high-r10229,9,high,1.53638,2.85095,2.99604,83.1982,21.4722,0.439014,0.98877,0.1302,switching_rate,endpoint,T50_T100,50,8,-0.0004375,0.0035625,0.00432961,0.00153075,-0.00405715,0.00318215,-0.285808,0.783298,0.965842,False,False,-8.75e-06,7.125e-05
K9-low-r00012,9,low,1.75366,0.721313,2.85894,197.495,16.1401,0.309814,0.741699,0.0893311,switching_rate,endpoint,T50_T100,50,8,-0.0003125,0.0003125,0.000372012,0.000131526,-0.00062351,-1.49026e-06,-2.37595,0.0491737,0.390774,True,False,-6.25e-06,6.25e-06
K9-low-r02027,9,low,2.89624,0.973755,1.26636,137.378,126.589,0.531299,0.972168,0.358276,switching_rate,endpoint,T50_T100,50,8,0.000125,0.00025,0.000443203,0.000156696,-0.000245527,0.000495527,0.797724,0.451239,0.870246,False,False,2.5e-06,5e-06
K9-low-r04112,9,low,1.5437,0.7052,2.62163,32.3584,46.228,0.473291,0.520996,0.322241,switching_rate,endpoint,T50_T100,50,8,0.00075,0.00325,0.00438341,0.00154977,-0.00291462,0.00441462,0.483943,0.643199,0.91402,False,False,1.5e-05,6.5e-05
K9-low-r06143,9,low,2.16626,0.616577,1.96772,101.567,170.959,0.19292,0.900879,0.39563,switching_rate,endpoint,T50_T100,50,8,-0.0003125,0.0010625,0.00146232,0.00051701,-0.00153503,0.000910034,-0.604437,0.564622,0.897497,False,False,-6.25e-06,2.125e-05
K9-low-r08201,9,low,2.99146,0.28894,1.05278,21.04,41.8481,0.363428,0.848145,0.361353,switching_rate,endpoint,T50_T100,50,8,-0.0005625,0.0005625,0.000678101,0.000239745,-0.00112941,4.40691e-06,-2.34624,0.0513708,0.390774,False,False,-1.125e-05,1.125e-05
K9-low-r10228,9,low,1.75122,0.600464,1.46411,171.704,30.4224,0.141943,0.617676,0.1302,switching_rate,endpoint,T50_T100,50,8,-0.0003125,0.0005625,0.000842509,0.000297872,-0.00101686,0.000391855,-1.04911,0.328993,0.701233,False,False,-6.25e-06,1.125e-05
K9-medium-r00000,9,medium,0.503662,1.28528,1.50894,102.495,113.64,0.759814,0.241699,0.314331,switching_rate,endpoint,T50_T100,50,8,0,0.00025,0.000377964,0.000133631,-0.000315986,0.000315986,0,1,1,False,False,0,5e-06
K9-medium-r02040,9,medium,1.33374,1.3175,2.27886,18.6279,53.4644,0.418799,0.35498,0.302026,switching_rate,endpoint,T50_T100,50,8,0.015875,0.0205,0.021059,0.00744549,-0.00173078,0.0334808,2.13216,0.0704447,0.390774,False,False,0.0003175,0.00041
K9-medium-r04088,9,medium,0.918701,1.31213,0.596631,174.858,94.978,0.698291,0.270996,0.389038,switching_rate,endpoint,T50_T100,50,8,-0.0021875,0.0035625,0.00388162,0.00137236,-0.00543261,0.00105761,-1.59397,0.154972,0.541495,False,False,-4.375e-05,7.125e-05
K9-medium-r06128,9,medium,1.54126,1.30408,0.984229,54.0674,24.7095,0.86792,0.650879,0.257642,switching_rate,endpoint,T50_T100,50,8,6.25e-05,0.0016875,0.00211183,0.000746644,-0.00170303,0.00182803,0.0837079,0.935632,1,False,False,1.25e-06,3.375e-05
K9-medium-r08179,9,medium,2.05396,1.76599,1.99409,168.55,195.906,0.491748,0.766113,0.381567,switching_rate,endpoint,T50_T100,50,8,0.001875,0.002,0.00172689,0.000610547,0.000431285,0.00331871,3.07102,0.0180417,0.390774,True,False,3.75e-05,4e-05
K9-medium-r10239,9,medium,2.78638,1.47595,1.64604,178.198,118.972,0.889014,0.48877,0.3552,switching_rate,endpoint,T50_T100,50,8,6.25e-05,0.0001875,0.000417261,0.000147524,-0.000286339,0.000411339,0.423659,0.684528,0.924113,False,False,1.25e-06,3.75e-06
K6-high-r00002,6,high,0.503662,2.09631,1.50894,102.495,113.64,0.759814,0.241699,0.314331,switching_rate,tail,T25_T100,75,8,1.25e-05,8.75e-05,0.000121743,4.30428e-05,-8.92799e-05,0.00011428,0.290409,0.779918,0.979432,False,False,1.66667e-07,1.16667e-06
K6-high-r02072,6,high,0.70874,2.53674,1.60386,161.128,102.214,0.193799,0.60498,0.414526,switching_rate,tail,T25_T100,75,8,-0.0001125,0.0021875,0.00254849,0.000901029,-0.00224309,0.00201809,-0.124857,0.904147,1,False,False,-1.5e-06,2.91667e-05
K6-high-r04090,6,high,2.1687,2.68713,1.94663,79.8584,192.478,0.248291,0.770996,0.209741,switching_rate,tail,T25_T100,75,8,0.0008875,0.0013,0.00131387,0.000464523,-0.000210921,0.00198592,1.91056,0.0976765,0.6329,False,False,1.18333e-05,1.73333e-05
K6-high-r06159,6,high,0.974854,2.17957,0.617725,170.405,29.4702,0.0821777,0.443848,0.370142,switching_rate,tail,T25_T100,75,8,0.0021125,0.007175,0.0107932,0.00381599,-0.00691088,0.0111359,0.553592,0.597088,0.934587,False,False,2.81667e-05,9.56667e-05
K6-high-r08178,6,high,1.9563,2.69519,1.39028,92.29,163.723,0.700928,0.223145,0.381567,switching_rate,tail,T25_T100,75,8,0.00035625,0.00196875,0.00254593,0.000900121,-0.0017722,0.0024847,0.39578,0.704053,0.947786,False,False,4.75e-06,2.625e-05
K6-high-r10229,6,high,1.53638,2.85095,2.99604,83.1982,21.4722,0.439014,0.98877,0.1302,switching_rate,tail,T25_T100,75,8,0.00016875,0.00045625,0.000559296,0.000197741,-0.000298834,0.000636334,0.853388,0.421683,0.840238,False,False,2.25e-06,6.08333e-06
K6-low-r00012,6,low,1.75366,0.721313,2.85894,197.495,16.1401,0.309814,0.741699,0.0893311,switching_rate,tail,T25_T100,75,8,4.375e-05,6.875e-05,9.79705e-05,3.46378e-05,-3.81554e-05,0.000125655,1.26307,0.247007,0.788887,False,False,5.83333e-07,9.16667e-07
K6-low-r02027,6,low,2.89624,0.973755,1.26636,137.378,126.589,0.531299,0.972168,0.358276,switching_rate,tail,T25_T100,75,8,0,0,0,0,0,0,0,1,1,False,False,0,0
K6-low-r04112,6,low,1.5437,0.7052,2.62163,32.3584,46.228,0.473291,0.520996,0.322241,switching_rate,tail,T25_T100,75,8,-1.875e-05,0.00088125,0.00112851,0.000398987,-0.000962205,0.000924705,-0.046994,0.963831,1,False,False,-2.5e-07,1.175e-05
K6-low-r06143,6,low,2.16626,0.616577,1.96772,101.567,170.959,0.19292,0.900879,0.39563,switching_rate,tail,T25_T100,75,8,-7.5e-05,0.0001,0.000198206,7.00765e-05,-0.000240705,9.07046e-05,-1.07026,0.320012,0.788887,False,False,-1e-06,1.33333e-06
K6-low-r08201,6,low,2.99146,0.28894,1.05278,21.04,41.8481,0.363428,0.848145,0.361353,switching_rate,tail,T25_T100,75,8,0,0,0,0,0,0,0,1,1,False,False,0,0
K6-low-r10228,6,low,1.75122,0.600464,1.46411,171.704,30.4224,0.141943,0.617676,0.1302,switching_rate,tail,T25_T100,75,8,-3.75e-05,5e-05,9.54314e-05,3.37401e-05,-0.000117283,4.22826e-05,-1.11144,0.303091,0.788887,False,False,-5e-07,6.66667e-07
K6-medium-r00000,6,medium,0.503662,1.28528,1.50894,102.495,113.64,0.759814,0.241699,0.314331,switching_rate,tail,T25_T100,75,8,2.5e-05,7.5e-05,0.00010351,3.65963e-05,-6.15364e-05,0.000111536,0.68313,0.51649,0.899691,False,False,3.33333e-07,1e-06
K6-medium-r02040,6,medium,1.33374,1.3175,2.27886,18.6279,53.4644,0.418799,0.35498,0.302026,switching_rate,tail,T25_T100,75,8,-0.0046625,0.0061875,0.00682437,0.00241278,-0.0103678,0.00104281,-1.93242,0.0945847,0.6329,False,False,-6.21667e-05,8.25e-05
K6-medium-r04088,6,medium,0.918701,1.31213,0.596631,174.858,94.978,0.698291,0.270996,0.389038,switching_rate,tail,T25_T100,75,8,0.00033125,0.00131875,0.00167672,0.000592809,-0.00107052,0.00173302,0.55878,0.593728,0.934587,False,False,4.41667e-06,1.75833e-05
K6-medium-r06128,6,medium,1.54126,1.30408,0.984229,54.0674,24.7095,0.86792,0.650879,0.257642,switching_rate,tail,T25_T100,75,8,-0.0002125,0.0003,0.000349234,0.000123473,-0.000504467,7.94668e-05,-1.72103,0.128924,0.6329,False,False,-2.83333e-06,4e-06
K6-medium-r08179,6,medium,2.05396,1.76599,1.99409,168.55,195.906,0.491748,0.766113,0.381567,switching_rate,tail,T25_T100,75,8,-0.00023125,0.00048125,0.000497808,0.000176002,-0.000647428,0.000184928,-1.31391,0.230296,0.788887,False,False,-3.08333e-06,6.41667e-06
K6-medium-r10239,6,medium,2.78638,1.47595,1.64604,178.198,118.972,0.889014,0.48877,0.3552,switching_rate,tail,T25_T100,75,8,-1.875e-05,3.125e-05,5.3033e-05,1.875e-05,-6.30867e-05,2.55867e-05,-1,0.350617,0.788887,False,False,-2.5e-07,4.16667e-07
K8-high-r00002,8,high,0.503662,2.09631,1.50894,102.495,113.64,0.759814,0.241699,0.314331,switching_rate,tail,T25_T100,75,8,0.00013125,0.00018125,0.000246312,8.70845e-05,-7.46721e-05,0.000337172,1.50716,0.175499,0.737978,False,False,1.75e-06,2.41667e-06
K8-high-r02072,8,high,0.70874,2.53674,1.60386,161.128,102.214,0.193799,0.60498,0.414526,switching_rate,tail,T25_T100,75,8,-0.00059375,0.00379375,0.00480843,0.00170004,-0.0046137,0.0034262,-0.349257,0.737167,0.947786,False,False,-7.91667e-06,5.05833e-05
K8-high-r04090,8,high,2.1687,2.68713,1.94663,79.8584,192.478,0.248291,0.770996,0.209741,switching_rate,tail,T25_T100,75,8,0.00026875,0.00113125,0.00157728,0.000557653,-0.00104989,0.00158739,0.481931,0.644558,0.940706,False,False,3.58333e-06,1.50833e-05
K8-high-r06159,8,high,0.974854,2.17957,0.617725,170.405,29.4702,0.0821777,0.443848,0.370142,switching_rate,tail,T25_T100,75,8,0.00248125,0.00453125,0.00468317,0.00165575,-0.00143398,0.00639648,1.49856,0.177661,0.737978,False,False,3.30833e-05,6.04167e-05
K8-high-r08178,8,high,1.9563,2.69519,1.39028,92.29,163.723,0.700928,0.223145,0.381567,switching_rate,tail,T25_T100,75,8,-0.00109375,0.00145625,0.0015188,0.000536975,-0.0023635,0.000175995,-2.03687,0.0810864,0.6329,False,False,-1.45833e-05,1.94167e-05
K8-high-r10229,8,high,1.53638,2.85095,2.99604,83.1982,21.4722,0.439014,0.98877,0.1302,switching_rate,tail,T25_T100,75,8,0.00028125,0.00066875,0.000728471,0.000257553,-0.000327767,0.000890267,1.09201,0.310983,0.788887,False,False,3.75e-06,8.91667e-06
K8-low-r00012,8,low,1.75366,0.721313,2.85894,197.495,16.1401,0.309814,0.741699,0.0893311,switching_rate,tail,T25_T100,75,8,-1.875e-05,0.00010625,0.000148655,5.25574e-05,-0.000143028,0.000105528,-0.356753,0.731788,0.947786,False,False,-2.5e-07,1.41667e-06
K8-low-r02027,8,low,2.89624,0.973755,1.26636,137.378,126.589,0.531299,0.972168,0.358276,switching_rate,tail,T25_T100,75,8,-6.25e-06,6.25e-06,1.76777e-05,6.25e-06,-2.10289e-05,8.5289e-06,-1,0.350617,0.788887,False,False,-8.33333e-08,8.33333e-08
K8-low-r04112,8,low,1.5437,0.7052,2.62163,32.3584,46.228,0.473291,0.520996,0.322241,switching_rate,tail,T25_T100,75,8,0.00068125,0.00114375,0.0016797,0.000593863,-0.000723012,0.00208551,1.14715,0.289012,0.788887,False,False,9.08333e-06,1.525e-05
K8-low-r06143,8,low,2.16626,0.616577,1.96772,101.567,170.959,0.19292,0.900879,0.39563,switching_rate,tail,T25_T100,75,8,-5.625e-05,0.00030625,0.000427983,0.000151315,-0.000414053,0.000301553,-0.371741,0.721083,0.947786,False,False,-7.5e-07,4.08333e-06
K8-low-r08201,8,low,2.99146,0.28894,1.05278,21.04,41.8481,0.363428,0.848145,0.361353,switching_rate,tail,T25_T100,75,8,6.25e-06,6.25e-06,1.76777e-05,6.25e-06,-8.5289e-06,2.10289e-05,1,0.350617,0.788887,False,False,8.33333e-08,8.33333e-08
K8-low-r10228,8,low,1.75122,0.600464,1.46411,171.704,30.4224,0.141943,0.617676,0.1302,switching_rate,tail,T25_T100,75,8,-1.875e-05,0.00010625,0.000138712,4.90422e-05,-0.000134716,9.72163e-05,-0.382324,0.713564,0.947786,False,False,-2.5e-07,1.41667e-06
K8-medium-r00000,8,medium,0.503662,1.28528,1.50894,102.495,113.64,0.759814,0.241699,0.314331,switching_rate,tail,T25_T100,75,8,5.42101e-20,7.5e-05,0.000133631,4.72456e-05,-0.000111718,0.000111718,1.14741e-15,1,1,False,False,7.22801e-22,1e-06
K8-medium-r02040,8,medium,1.33374,1.3175,2.27886,18.6279,53.4644,0.418799,0.35498,0.302026,switching_rate,tail,T25_T100,75,8,3.125e-05,0.00418125,0.00515931,0.00182409,-0.00428204,0.00434454,0.0171318,0.98681,1,False,False,4.16667e-07,5.575e-05
K8-medium-r04088,8,medium,0.918701,1.31213,0.596631,174.858,94.978,0.698291,0.270996,0.389038,switching_rate,tail,T25_T100,75,8,6.25e-06,0.00114375,0.00156352,0.000552788,-0.00130089,0.00131339,0.0113063,0.991295,1,False,False,8.33333e-08,1.525e-05
K8-medium-r06128,8,medium,1.54126,1.30408,0.984229,54.0674,24.7095,0.86792,0.650879,0.257642,switching_rate,tail,T25_T100,75,8,-2.5e-05,0.000525,0.000641984,0.000226975,-0.000561712,0.000511712,-0.110144,0.915386,1,False,False,-3.33333e-07,7e-06
K8-medium-r08179,8,medium,2.05396,1.76599,1.99409,168.55,195.906,0.491748,0.766113,0.381567,switching_rate,tail,T25_T100,75,8,0.00019375,0.00030625,0.000304065,0.000107503,-6.04545e-05,0.000447954,1.80227,0.114503,0.6329,False,False,2.58333e-06,4.08333e-06
K8-medium-r10239,8,medium,2.78638,1.47595,1.64604,178.198,118.972,0.889014,0.48877,0.3552,switching_rate,tail,T25_T100,75,8,-6.25e-05,7.5e-05,9.16125e-05,3.23899e-05,-0.00013909,1.409e-05,-1.92961,0.0949765,0.6329,False,False,-8.33333e-07,1e-06
K9-high-r00002,9,high,0.503662,2.09631,1.50894,102.495,113.64,0.759814,0.241699,0.314331,switching_rate,tail,T25_T100,75,8,-6.25e-06,0.00021875,0.000284652,0.00010064,-0.000244225,0.000231725,-0.0621027,0.952217,1,False,False,-8.33333e-08,2.91667e-06
K9-high-r02072,9,high,0.70874,2.53674,1.60386,161.128,102.214,0.193799,0.60498,0.414526,switching_rate,tail,T25_T100,75,8,0.00355,0.003825,0.00309192,0.00109316,0.000965086,0.00613491,3.24746,0.0141067,0.383753,True,False,4.73333e-05,5.1e-05
K9-high-r04090,9,high,2.1687,2.68713,1.94663,79.8584,192.478,0.248291,0.770996,0.209741,switching_rate,tail,T25_T100,75,8,-0.00061875,0.00086875,0.00125725,0.000444504,-0.00166983,0.000432335,-1.392,0.206547,0.788887,False,False,-8.25e-06,1.15833e-05
K9-high-r06159,9,high,0.974854,2.17957,0.617725,170.405,29.4702,0.0821777,0.443848,0.370142,switching_rate,tail,T25_T100,75,8,-0.0027375,0.0050875,0.00619901,0.00219168,-0.00792,0.002445,-1.24904,0.251798,0.788887,False,False,-3.65e-05,6.78333e-05
K9-high-r08178,9,high,1.9563,2.69519,1.39028,92.29,163.723,0.700928,0.223145,0.381567,switching_rate,tail,T25_T100,75,8,8.75e-05,0.001225,0.00141061,0.000498726,-0.0010918,0.0012668,0.175447,0.865696,1,False,False,1.16667e-06,1.63333e-05
K9-high-r10229,9,high,1.53638,2.85095,2.99604,83.1982,21.4722,0.439014,0.98877,0.1302,switching_rate,tail,T25_T100,75,8,0.00074375,0.00075625,0.000648866,0.000229409,0.000201285,0.00128622,3.24203,0.0142131,0.383753,True,False,9.91667e-06,1.00833e-05
K9-low-r00012,9,low,1.75366,0.721313,2.85894,197.495,16.1401,0.309814,0.741699,0.0893311,switching_rate,tail,T25_T100,75,8,6.875e-05,0.00016875,0.000231359,8.17976e-05,-0.000124671,0.000262171,0.840489,0.428406,0.840238,False,False,9.16667e-07,2.25e-06
K9-low-r02027,9,low,2.89624,0.973755,1.26636,137.378,126.589,0.531299,0.972168,0.358276,switching_rate,tail,T25_T100,75,8,-2.5e-05,7.5e-05,8.86405e-05,3.13392e-05,-9.91053e-05,4.91053e-05,-0.797724,0.451239,0.840238,False,False,-3.33333e-07,1e-06
K9-low-r04112,9,low,1.5437,0.7052,2.62163,32.3584,46.228,0.473291,0.520996,0.322241,switching_rate,tail,T25_T100,75,8,-0.00015625,0.00139375,0.00220963,0.000781221,-0.00200355,0.00169105,-0.200007,0.847161,1,False,False,-2.08333e-06,1.85833e-05
K9-low-r06143,9,low,2.16626,0.616577,1.96772,101.567,170.959,0.19292,0.900879,0.39563,switching_rate,tail,T25_T100,75,8,-0.0001875,0.000425,0.00056363,0.000199273,-0.000658706,0.000283706,-0.940919,0.378074,0.81664,False,False,-2.5e-06,5.66667e-06
K9-low-r08201,9,low,2.99146,0.28894,1.05278,21.04,41.8481,0.363428,0.848145,0.361353,switching_rate,tail,T25_T100,75,8,4.375e-05,0.00018125,0.000229031,8.09748e-05,-0.000147725,0.000235225,0.540291,0.605751,0.934587,False,False,5.83333e-07,2.41667e-06
K9-low-r10228,9,low,1.75122,0.600464,1.46411,171.704,30.4224,0.141943,0.617676,0.1302,switching_rate,tail,T25_T100,75,8,4.375e-05,0.00013125,0.000189807,6.7107e-05,-0.000114933,0.000202433,0.651944,0.535249,0.903233,False,False,5.83333e-07,1.75e-06
K9-medium-r00000,9,medium,0.503662,1.28528,1.50894,102.495,113.64,0.759814,0.241699,0.314331,switching_rate,tail,T25_T100,75,8,-2.5e-05,0.0001,0.000146385,5.17549e-05,-0.000147381,9.73809e-05,-0.483046,0.643805,0.940706,False,False,-3.33333e-07,1.33333e-06
K9-medium-r02040,9,medium,1.33374,1.3175,2.27886,18.6279,53.4644,0.418799,0.35498,0.302026,switching_rate,tail,T25_T100,75,8,0.0014875,0.00485,0.00607617,0.00214825,-0.0035923,0.0065673,0.692424,0.51098,0.899691,False,False,1.98333e-05,6.46667e-05
K9-medium-r04088,9,medium,0.918701,1.31213,0.596631,174.858,94.978,0.698291,0.270996,0.389038,switching_rate,tail,T25_T100,75,8,-0.0006875,0.0008875,0.00105788,0.000374017,-0.00157191,0.000196909,-1.83815,0.108639,0.6329,False,False,-9.16667e-06,1.18333e-05
K9-medium-r06128,9,medium,1.54126,1.30408,0.984229,54.0674,24.7095,0.86792,0.650879,0.257642,switching_rate,tail,T25_T100,75,8,-0.00041875,0.00048125,0.000423369,0.000149683,-0.000772695,-6.48049e-05,-2.79757,0.026617,0.479107,True,False,-5.58333e-06,6.41667e-06
K9-medium-r08179,9,medium,2.05396,1.76599,1.99409,168.55,195.906,0.491748,0.766113,0.381567,switching_rate,tail,T25_T100,75,8,0.0001375,0.0003375,0.000477905,0.000168965,-0.000262038,0.000537038,0.813779,0.442569,0.840238,False,False,1.83333e-06,4.5e-06
K9-medium-r10239,9,medium,2.78638,1.47595,1.64604,178.198,118.972,0.889014,0.48877,0.3552,switching_rate,tail,T25_T100,75,8,-8.75e-05,0.0001,0.000140789,4.97763e-05,-0.000205202,3.02022e-05,-1.75787,0.122182,0.6329,False,False,-1.16667e-06,1.33333e-06
K6-high-r00002,6,high,0.503662,2.09631,1.50894,102.495,113.64,0.759814,0.241699,0.314331,switching_rate,tail,T25_T50,25,8,-3.125e-05,0.00013125,0.000175128,6.19169e-05,-0.00017766,0.00011516,-0.504709,0.629261,0.930338,False,False,-1.25e-06,5.25e-06
K6-high-r02072,6,high,0.70874,2.53674,1.60386,161.128,102.214,0.193799,0.60498,0.414526,switching_rate,tail,T25_T50,25,8,0.0012875,0.0034,0.00420762,0.00148762,-0.00223016,0.00480516,0.865476,0.415451,0.825883,False,False,5.15e-05,0.000136
K6-high-r04090,6,high,2.1687,2.68713,1.94663,79.8584,192.478,0.248291,0.770996,0.209741,switching_rate,tail,T25_T50,25,8,0.00025625,0.00069375,0.000892604,0.000315583,-0.000489985,0.00100249,0.811989,0.44353,0.825883,False,False,1.025e-05,2.775e-05
K6-high-r06159,6,high,0.974854,2.17957,0.617725,170.405,29.4702,0.0821777,0.443848,0.370142,switching_rate,tail,T25_T50,25,8,-0.00456875,0.00588125,0.0067979,0.00240342,-0.0102519,0.00111443,-1.90094,0.0990693,0.722984,False,False,-0.00018275,0.00023525
K6-high-r08178,6,high,1.9563,2.69519,1.39028,92.29,163.723,0.700928,0.223145,0.381567,switching_rate,tail,T25_T50,25,8,-0.0002375,0.0019375,0.00293352,0.00103716,-0.00268998,0.00221498,-0.228992,0.825422,1,False,False,-9.5e-06,7.75e-05
K6-high-r10229,6,high,1.53638,2.85095,2.99604,83.1982,21.4722,0.439014,0.98877,0.1302,switching_rate,tail,T25_T50,25,8,0.00024375,0.00040625,0.000463247,0.000163783,-0.000143535,0.000631035,1.48825,0.180288,0.722984,False,False,9.75e-06,1.625e-05
K6-low-r00012,6,low,1.75366,0.721313,2.85894,197.495,16.1401,0.309814,0.741699,0.0893311,switching_rate,tail,T25_T50,25,8,-8.47033e-22,3.75e-05,5.97614e-05,2.11289e-05,-4.99618e-05,4.99618e-05,-4.00889e-17,1,1,False,False,-3.38813e-23,1.5e-06
K6-low-r02027,6,low,2.89624,0.973755,1.26636,137.378,126.589,0.531299,0.972168,0.358276,switching_rate,tail,T25_T50,25,8,0,0,0,0,0,0,0,1,1,False,False,0,0
K6-low-r04112,6,low,1.5437,0.7052,2.62163,32.3584,46.228,0.473291,0.520996,0.322241,switching_rate,tail,T25_T50,25,8,0.00084375,0.00134375,0.00142564,0.000504041,-0.000348117,0.00203562,1.67397,0.138049,0.722984,False,False,3.375e-05,5.375e-05
K6-low-r06143,6,low,2.16626,0.616577,1.96772,101.567,170.959,0.19292,0.900879,0.39563,switching_rate,tail,T25_T50,25,8,-5e-05,0.0001,0.000215473,7.61812e-05,-0.00023014,0.00013014,-0.65633,0.532586,0.871504,False,False,-2e-06,4e-06
K6-low-r08201,6,low,2.99146,0.28894,1.05278,21.04,41.8481,0.363428,0.848145,0.361353,switching_rate,tail,T25_T50,25,8,0,0,0,0,0,0,0,1,1,False,False,0,0
K6-low-r10228,6,low,1.75122,0.600464,1.46411,171.704,30.4224,0.141943,0.617676,0.1302,switching_rate,tail,T25_T50,25,8,-3.125e-05,9.375e-05,0.000160217,5.66454e-05,-0.000165195,0.000102695,-0.551677,0.598331,0.923139,False,False,-1.25e-06,3.75e-06
K6-medium-r00000,6,medium,0.503662,1.28528,1.50894,102.495,113.64,0.759814,0.241699,0.314331,switching_rate,tail,T25_T50,25,8,-3.75e-05,8.75e-05,0.000143303,5.06652e-05,-0.000157304,8.23042e-05,-0.740153,0.483287,0.835618,False,False,-1.5e-06,3.5e-06
K6-medium-r02040,6,medium,1.33374,1.3175,2.27886,18.6279,53.4644,0.418799,0.35498,0.302026,switching_rate,tail,T25_T50,25,8,-0.00150625,0.00690625,0.0091226,0.00322532,-0.00913293,0.00612043,-0.467007,0.654682,0.930338,False,False,-6.025e-05,0.00027625
K6-medium-r04088,6,medium,0.918701,1.31213,0.596631,174.858,94.978,0.698291,0.270996,0.389038,switching_rate,tail,T25_T50,25,8,0.000775,0.00145,0.00153878,0.000544042,-0.000511456,0.00206146,1.42452,0.197314,0.722984,False,False,3.1e-05,5.8e-05
K6-medium-r06128,6,medium,1.54126,1.30408,0.984229,54.0674,24.7095,0.86792,0.650879,0.257642,switching_rate,tail,T25_T50,25,8,-0.00013125,0.00024375,0.000328348,0.000116089,-0.000405756,0.000143256,-1.1306,0.295467,0.759773,False,False,-5.25e-06,9.75e-06
K6-medium-r08179,6,medium,2.05396,1.76599,1.99409,168.55,195.906,0.491748,0.766113,0.381567,switching_rate,tail,T25_T50,25,8,-5e-05,0.0004,0.000545108,0.000192725,-0.000505722,0.000405722,-0.259437,0.802762,1,False,False,-2e-06,1.6e-05
K6-medium-r10239,6,medium,2.78638,1.47595,1.64604,178.198,118.972,0.889014,0.48877,0.3552,switching_rate,tail,T25_T50,25,8,-3.75e-05,5e-05,8.76275e-05,3.0981e-05,-0.000110758,3.57584e-05,-1.21042,0.265398,0.75286,False,False,-1.5e-06,2e-06
K8-high-r00002,8,high,0.503662,2.09631,1.50894,102.495,113.64,0.759814,0.241699,0.314331,switching_rate,tail,T25_T50,25,8,0.0001375,0.0001625,0.000155265,5.48944e-05,7.69542e-06,0.000267305,2.50481,0.0407047,0.549514,True,False,5.5e-06,6.5e-06
K8-high-r02072,8,high,0.70874,2.53674,1.60386,161.128,102.214,0.193799,0.60498,0.414526,switching_rate,tail,T25_T50,25,8,-0.00030625,0.00279375,0.00343807,0.00121554,-0.00318055,0.00256805,-0.251946,0.80832,1,False,False,-1.225e-05,0.00011175
K8-high-r04090,8,high,2.1687,2.68713,1.94663,79.8584,192.478,0.248291,0.770996,0.209741,switching_rate,tail,T25_T50,25,8,-0.0004375,0.0013625,0.00172,0.000608111,-0.00187545,0.00100045,-0.719441,0.495181,0.835618,False,False,-1.75e-05,5.45e-05
K8-high-r06159,8,high,0.974854,2.17957,0.617725,170.405,29.4702,0.0821777,0.443848,0.370142,switching_rate,tail,T25_T50,25,8,0.0025875,0.0038875,0.00439381,0.00155345,-0.00108581,0.00626081,1.66565,0.139725,0.722984,False,False,0.0001035,0.0001555
K8-high-r08178,8,high,1.9563,2.69519,1.39028,92.29,163.723,0.700928,0.223145,0.381567,switching_rate,tail,T25_T50,25,8,-0.00039375,0.00175625,0.00236891,0.000837537,-0.00237421,0.00158671,-0.470129,0.652558,0.930338,False,False,-1.575e-05,7.025e-05
K8-high-r10229,8,high,1.53638,2.85095,2.99604,83.1982,21.4722,0.439014,0.98877,0.1302,switching_rate,tail,T25_T50,25,8,-0.00028125,0.00063125,0.000866824,0.000306469,-0.00100593,0.000443433,-0.917712,0.389294,0.825883,False,False,-1.125e-05,2.525e-05
K8-low-r00012,8,low,1.75366,0.721313,2.85894,197.495,16.1401,0.309814,0.741699,0.0893311,switching_rate,tail,T25_T50,25,8,3.75e-05,7.5e-05,0.000112599,3.98098e-05,-5.66353e-05,0.000131635,0.941979,0.377568,0.825883,False,False,1.5e-06,3e-06
K8-low-r02027,8,low,2.89624,0.973755,1.26636,137.378,126.589,0.531299,0.972168,0.358276,switching_rate,tail,T25_T50,25,8,-1.25e-05,1.25e-05,2.31455e-05,8.18317e-06,-3.18501e-05,6.85012e-06,-1.52753,0.170471,0.722984,False,False,-5e-07,5e-07
K8-low-r04112,8,low,1.5437,0.7052,2.62163,32.3584,46.228,0.473291,0.520996,0.322241,switching_rate,tail,T25_T50,25,8,0.00019375,0.00065625,0.000886984,0.000313596,-0.000547787,0.000935287,0.617833,0.556244,0.883446,False,False,7.75e-06,2.625e-05
K8-low-r06143,8,low,2.16626,0.616577,1.96772,101.567,170.959,0.19292,0.900879,0.39563,switching_rate,tail,T25_T50,25,8,4.375e-05,0.00035625,0.000472408,0.000167022,-0.000351193,0.000438693,0.261942,0.800907,1,False,False,1.75e-06,1.425e-05
K8-low-r08201,8,low,2.99146,0.28894,1.05278,21.04,41.8481,0.363428,0.848145,0.361353,switching_rate,tail,T25_T50,25,8,0,0,0,0,0,0,0,1,1,False,False,0,0
K8-low-r10228,8,low,1.75122,0.600464,1.46411,171.704,30.4224,0.141943,0.617676,0.1302,switching_rate,tail,T25_T50,25,8,4.375e-05,0.00011875,0.000165697,5.85826e-05,-9.47758e-05,0.000182276,0.746809,0.479506,0.835618,False,False,1.75e-06,4.75e-06
K8-medium-r00000,8,medium,0.503662,1.28528,1.50894,102.495,113.64,0.759814,0.241699,0.314331,switching_rate,tail,T25_T50,25,8,3.125e-05,5.625e-05,7.5297e-05,2.66215e-05,-3.16999e-05,9.41999e-05,1.17386,0.278837,0.75286,False,False,1.25e-06,2.25e-06
K8-medium-r02040,8,medium,1.33374,1.3175,2.27886,18.6279,53.4644,0.418799,0.35498,0.302026,switching_rate,tail,T25_T50,25,8,-6.25e-05,0.0052125,0.00663803,0.0023469,-0.00561203,0.00548703,-0.0266309,0.979497,1,False,False,-2.5e-06,0.0002085
K8-medium-r04088,8,medium,0.918701,1.31213,0.596631,174.858,94.978,0.698291,0.270996,0.389038,switching_rate,tail,T25_T50,25,8,6.875e-05,0.00086875,0.00126659,0.000447806,-0.000990143,0.00112764,0.153526,0.882315,1,False,False,2.75e-06,3.475e-05
K8-medium-r06128,8,medium,1.54126,1.30408,0.984229,54.0674,24.7095,0.86792,0.650879,0.257642,switching_rate,tail,T25_T50,25,8,1.875e-05,0.00055625,0.000636922,0.000225186,-0.00051373,0.00055123,0.0832645,0.935972,1,False,False,7.5e-07,2.225e-05
K8-medium-r08179,8,medium,2.05396,1.76599,1.99409,168.55,195.906,0.491748,0.766113,0.381567,switching_rate,tail,T25_T50,25,8,0.00031875,0.00044375,0.000427566,0.000151167,-3.87039e-05,0.000676204,2.10859,0.0729401,0.656461,False,False,1.275e-05,1.775e-05
K8-medium-r10239,8,medium,2.78638,1.47595,1.64604,178.198,118.972,0.889014,0.48877,0.3552,switching_rate,tail,T25_T50,25,8,-4.375e-05,6.875e-05,9.42546e-05,3.3324e-05,-0.000122549,3.50488e-05,-1.31287,0.230629,0.722984,False,False,-1.75e-06,2.75e-06
K9-high-r00002,9,high,0.503662,2.09631,1.50894,102.495,113.64,0.759814,0.241699,0.314331,switching_rate,tail,T25_T50,25,8,-2.5e-05,0.0001375,0.000177281,6.26783e-05,-0.000173211,0.000123211,-0.398862,0.701882,0.971837,False,False,-1e-06,5.5e-06
K9-high-r02072,9,high,0.70874,2.53674,1.60386,161.128,102.214,0.193799,0.60498,0.414526,switching_rate,tail,T25_T50,25,8,0.003,0.0032,0.00322446,0.00114002,0.000304284,0.00569572,2.63154,0.033837,0.549514,True,False,0.00012,0.000128
K9-high-r04090,9,high,2.1687,2.68713,1.94663,79.8584,192.478,0.248291,0.770996,0.209741,switching_rate,tail,T25_T50,25,8,-6.875e-05,0.00123125,0.00144443,0.000510684,-0.00127633,0.00113883,-0.134623,0.896699,1,False,False,-2.75e-06,4.925e-05
K9-high-r06159,9,high,0.974854,2.17957,0.617725,170.405,29.4702,0.0821777,0.443848,0.370142,switching_rate,tail,T25_T50,25,8,-0.00133125,0.00384375,0.00462029,0.00163352,-0.00519391,0.00253141,-0.814958,0.441937,0.825883,False,False,-5.325e-05,0.00015375
K9-high-r08178,9,high,1.9563,2.69519,1.39028,92.29,163.723,0.700928,0.223145,0.381567,switching_rate,tail,T25_T50,25,8,-0.0005875,0.0009875,0.00129718,0.000458623,-0.00167197,0.00049697,-1.28101,0.240995,0.722984,False,False,-2.35e-05,3.95e-05
K9-high-r10229,9,high,1.53638,2.85095,2.99604,83.1982,21.4722,0.439014,0.98877,0.1302,switching_rate,tail,T25_T50,25,8,0.00109375,0.00118125,0.000844917,0.000298723,0.000387382,0.00180012,3.66142,0.00805519,0.43498,True,False,4.375e-05,4.725e-05
K9-low-r00012,9,low,1.75366,0.721313,2.85894,197.495,16.1401,0.309814,0.741699,0.0893311,switching_rate,tail,T25_T50,25,8,0.0001125,0.00015,0.000138229,4.88712e-05,-3.06199e-06,0.000228062,2.30197,0.0548317,0.592182,False,False,4.5e-06,6e-06
K9-low-r02027,9,low,2.89624,0.973755,1.26636,137.378,126.589,0.531299,0.972168,0.358276,switching_rate,tail,T25_T50,25,8,-6.875e-05,8.125e-05,7.5297e-05,2.66215e-05,-0.0001317,-5.80011e-06,-2.5825,0.0363398,0.549514,True,False,-2.75e-06,3.25e-06
K9-low-r04112,9,low,1.5437,0.7052,2.62163,32.3584,46.228,0.473291,0.520996,0.322241,switching_rate,tail,T25_T50,25,8,7.5e-05,0.00105,0.00164838,0.000582789,-0.00130308,0.00145308,0.128692,0.901221,1,False,False,3e-06,4.2e-05
K9-low-r06143,9,low,2.16626,0.616577,1.96772,101.567,170.959,0.19292,0.900879,0.39563,switching_rate,tail,T25_T50,25,8,-0.0001625,0.0003125,0.000311391,0.000110093,-0.000422829,9.78293e-05,-1.47602,0.183449,0.722984,False,False,-6.5e-06,1.25e-05
K9-low-r08201,9,low,2.99146,0.28894,1.05278,21.04,41.8481,0.363428,0.848145,0.361353,switching_rate,tail,T25_T50,25,8,3.75e-05,0.000225,0.000307931,0.00010887,-0.000219937,0.000294937,0.344447,0.740626,0.999845,False,False,1.5e-06,9e-06
K9-low-r10228,9,low,1.75122,0.600464,1.46411,171.704,30.4224,0.141943,0.617676,0.1302,switching_rate,tail,T25_T50,25,8,0.00011875,0.00023125,0.000259033,9.15821e-05,-9.78072e-05,0.000335307,1.29665,0.235856,0.722984,False,False,4.75e-06,9.25e-06
K9-medium-r00000,9,medium,0.503662,1.28528,1.50894,102.495,113.64,0.759814,0.241699,0.314331,switching_rate,tail,T25_T50,25,8,-4.375e-05,0.00010625,0.000134795,4.76572e-05,-0.000156441,6.89413e-05,-0.918015,0.389146,0.825883,False,False,-1.75e-06,4.25e-06
K9-medium-r02040,9,medium,1.33374,1.3175,2.27886,18.6279,53.4644,0.418799,0.35498,0.302026,switching_rate,tail,T25_T50,25,8,0.00224375,0.00416875,0.00482371,0.00170544,-0.00178897,0.00627647,1.31564,0.229744,0.722984,False,False,8.975e-05,0.00016675
K9-medium-r04088,9,medium,0.918701,1.31213,0.596631,174.858,94.978,0.698291,0.270996,0.389038,switching_rate,tail,T25_T50,25,8,-0.000325,0.0008,0.000855236,0.000302372,-0.00104,0.000389995,-1.07484,0.318094,0.780777,False,False,-1.3e-05,3.2e-05
K9-medium-r06128,9,medium,1.54126,1.30408,0.984229,54.0674,24.7095,0.86792,0.650879,0.257642,switching_rate,tail,T25_T50,25,8,-0.00028125,0.00041875,0.000492035,0.000173961,-0.000692601,0.000130101,-1.61675,0.149967,0.722984,False,False,-1.125e-05,1.675e-05
K9-medium-r08179,9,medium,2.05396,1.76599,1.99409,168.55,195.906,0.491748,0.766113,0.381567,switching_rate,tail,T25_T50,25,8,0.0001125,0.0002875,0.000363269,0.000128435,-0.0001912,0.0004162,0.87593,0.410117,0.825883,False,False,4.5e-06,1.15e-05
K9-medium-r10239,9,medium,2.78638,1.47595,1.64604,178.198,118.972,0.889014,0.48877,0.3552,switching_rate,tail,T25_T50,25,8,6.25e-06,6.875e-05,9.03861e-05,3.19563e-05,-6.93147e-05,8.18147e-05,0.19558,0.850495,1,False,False,2.5e-07,2.75e-06
K6-high-r00002,6,high,0.503662,2.09631,1.50894,102.495,113.64,0.759814,0.241699,0.314331,switching_rate,tail,T50_T100,50,8,4.375e-05,6.875e-05,7.76324e-05,2.74472e-05,-2.11523e-05,0.000108652,1.59397,0.154972,0.87189,False,False,8.75e-07,1.375e-06
K6-high-r02072,6,high,0.70874,2.53674,1.60386,161.128,102.214,0.193799,0.60498,0.414526,switching_rate,tail,T50_T100,50,8,-0.0014,0.0034625,0.00431484,0.00152553,-0.0050073,0.0022073,-0.917716,0.389292,0.87189,False,False,-2.8e-05,6.925e-05
K6-high-r04090,6,high,2.1687,2.68713,1.94663,79.8584,192.478,0.248291,0.770996,0.209741,switching_rate,tail,T50_T100,50,8,0.00063125,0.00091875,0.0010603,0.000374873,-0.000255185,0.00151768,1.6839,0.136074,0.87189,False,False,1.2625e-05,1.8375e-05
K6-high-r06159,6,high,0.974854,2.17957,0.617725,170.405,29.4702,0.0821777,0.443848,0.370142,switching_rate,tail,T50_T100,50,8,0.00668125,0.00696875,0.0094431,0.00333864,-0.00121338,0.0145759,2.00119,0.0854693,0.87189,False,False,0.000133625,0.000139375
K6-high-r08178,6,high,1.9563,2.69519,1.39028,92.29,163.723,0.700928,0.223145,0.381567,switching_rate,tail,T50_T100,50,8,0.00059375,0.00214375,0.00275492,0.000974012,-0.00170942,0.00289692,0.609592,0.561389,0.902595,False,False,1.1875e-05,4.2875e-05
K6-high-r10229,6,high,1.53638,2.85095,2.99604,83.1982,21.4722,0.439014,0.98877,0.1302,switching_rate,tail,T50_T100,50,8,-7.5e-05,0.0002875,0.000362531,0.000128174,-0.000378083,0.000228083,-0.585142,0.57682,0.902595,False,False,-1.5e-06,5.75e-06
K6-low-r00012,6,low,1.75366,0.721313,2.85894,197.495,16.1401,0.309814,0.741699,0.0893311,switching_rate,tail,T50_T100,50,8,4.375e-05,5.625e-05,6.23212e-05,2.20339e-05,-8.3518e-06,9.58518e-05,1.98558,0.0874593,0.87189,False,False,8.75e-07,1.125e-06
K6-low-r02027,6,low,2.89624,0.973755,1.26636,137.378,126.589,0.531299,0.972168,0.358276,switching_rate,tail,T50_T100,50,8,0,0,0,0,0,0,0,1,1,False,False,0,0
K6-low-r04112,6,low,1.5437,0.7052,2.62163,32.3584,46.228,0.473291,0.520996,0.322241,switching_rate,tail,T50_T100,50,8,-0.0008625,0.0013375,0.00155856,0.000551034,-0.00216549,0.000440488,-1.56524,0.161507,0.87189,False,False,-1.725e-05,2.675e-05
K6-low-r06143,6,low,2.16626,0.616577,1.96772,101.567,170.959,0.19292,0.900879,0.39563,switching_rate,tail,T50_T100,50,8,-2.5e-05,5e-05,0.000113389,4.00892e-05,-0.000119796,6.97959e-05,-0.62361,0.552654,0.902595,False,False,-5e-07,1e-06
K6-low-r08201,6,low,2.99146,0.28894,1.05278,21.04,41.8481,0.363428,0.848145,0.361353,switching_rate,tail,T50_T100,50,8,0,0,0,0,0,0,0,1,1,False,False,0,0
K6-low-r10228,6,low,1.75122,0.600464,1.46411,171.704,30.4224,0.141943,0.617676,0.1302,switching_rate,tail,T50_T100,50,8,-6.25e-06,8.125e-05,0.000129387,4.57453e-05,-0.00011442,0.00010192,-0.136626,0.895173,0.996079,False,False,-1.25e-07,1.625e-06
K6-medium-r00000,6,medium,0.503662,1.28528,1.50894,102.495,113.64,0.759814,0.241699,0.314331,switching_rate,tail,T50_T100,50,8,6.25e-05,8.75e-05,0.000121743,4.30428e-05,-3.92799e-05,0.00016428,1.45204,0.189791,0.87189,False,False,1.25e-06,1.75e-06
K6-medium-r02040,6,medium,1.33374,1.3175,2.27886,18.6279,53.4644,0.418799,0.35498,0.302026,switching_rate,tail,T50_T100,50,8,-0.00315625,0.00716875,0.00887736,0.00313862,-0.0105779,0.00426541,-1.00562,0.348088,0.87189,False,False,-6.3125e-05,0.000143375
K6-medium-r04088,6,medium,0.918701,1.31213,0.596631,174.858,94.978,0.698291,0.270996,0.389038,switching_rate,tail,T50_T100,50,8,-0.00044375,0.00175625,0.00204598,0.000723363,-0.00215423,0.00126673,-0.613455,0.558974,0.902595,False,False,-8.875e-06,3.5125e-05
K6-medium-r06128,6,medium,1.54126,1.30408,0.984229,54.0674,24.7095,0.86792,0.650879,0.257642,switching_rate,tail,T50_T100,50,8,-8.125e-05,0.00040625,0.000502805,0.000177768,-0.000501605,0.000339105,-0.457056,0.661477,0.902595,False,False,-1.625e-06,8.125e-06
K6-medium-r08179,6,medium,2.05396,1.76599,1.99409,168.55,195.906,0.491748,0.766113,0.381567,switching_rate,tail,T50_T100,50,8,-0.00018125,0.00054375,0.000598174,0.000211487,-0.000681336,0.000318836,-0.857028,0.419799,0.87189,False,False,-3.625e-06,1.0875e-05
K6-medium-r10239,6,medium,2.78638,1.47595,1.64604,178.198,118.972,0.889014,0.48877,0.3552,switching_rate,tail,T50_T100,50,8,1.875e-05,5.625e-05,9.97765e-05,3.52763e-05,-6.46653e-05,0.000102165,0.531518,0.611503,0.902595,False,False,3.75e-07,1.125e-06
K8-high-r00002,8,high,0.503662,2.09631,1.50894,102.495,113.64,0.759814,0.241699,0.314331,switching_rate,tail,T50_T100,50,8,-6.25e-06,0.00011875,0.000154544,5.46396e-05,-0.000135452,0.000122952,-0.114386,0.912144,0.996079,False,False,-1.25e-07,2.375e-06
K8-high-r02072,8,high,0.70874,2.53674,1.60386,161.128,102.214,0.193799,0.60498,0.414526,switching_rate,tail,T50_T100,50,8,-0.0002875,0.003475,0.00455332,0.00160984,-0.00409417,0.00351917,-0.178589,0.863319,0.996079,False,False,-5.75e-06,6.95e-05
K8-high-r04090,8,high,2.1687,2.68713,1.94663,79.8584,192.478,0.248291,0.770996,0.209741,switching_rate,tail,T50_T100,50,8,0.00070625,0.00170625,0.00214267,0.000757548,-0.00108507,0.00249757,0.932285,0.38222,0.87189,False,False,1.4125e-05,3.4125e-05
K8-high-r06159,8,high,0.974854,2.17957,0.617725,170.405,29.4702,0.0821777,0.443848,0.370142,switching_rate,tail,T50_T100,50,8,-0.00010625,0.00340625,0.00419663,0.00148373,-0.00361472,0.00340222,-0.0716099,0.944915,0.996079,False,False,-2.125e-06,6.8125e-05
K8-high-r08178,8,high,1.9563,2.69519,1.39028,92.29,163.723,0.700928,0.223145,0.381567,switching_rate,tail,T50_T100,50,8,-0.0007,0.0013625,0.00152503,0.000539179,-0.00197496,0.000574956,-1.29827,0.235329,0.87189,False,False,-1.4e-05,2.725e-05
K8-high-r10229,8,high,1.53638,2.85095,2.99604,83.1982,21.4722,0.439014,0.98877,0.1302,switching_rate,tail,T50_T100,50,8,0.0005625,0.0006,0.000468851,0.000165764,0.000170531,0.000954469,3.39338,0.0115461,0.623491,True,False,1.125e-05,1.2e-05
K8-low-r00012,8,low,1.75366,0.721313,2.85894,197.495,16.1401,0.309814,0.741699,0.0893311,switching_rate,tail,T50_T100,50,8,-5.625e-05,9.375e-05,0.00011783,4.16592e-05,-0.000154758,4.22584e-05,-1.35024,0.218964,0.87189,False,False,-1.125e-06,1.875e-06
K8-low-r02027,8,low,2.89624,0.973755,1.26636,137.378,126.589,0.531299,0.972168,0.358276,switching_rate,tail,T50_T100,50,8,6.25e-06,6.25e-06,1.76777e-05,6.25e-06,-8.5289e-06,2.10289e-05,1,0.350617,0.87189,False,False,1.25e-07,1.25e-07
K8-low-r04112,8,low,1.5437,0.7052,2.62163,32.3584,46.228,0.473291,0.520996,0.322241,switching_rate,tail,T50_T100,50,8,0.0004875,0.0012375,0.00146671,0.000518562,-0.000738704,0.0017137,0.9401,0.378466,0.87189,False,False,9.75e-06,2.475e-05
K8-low-r06143,8,low,2.16626,0.616577,1.96772,101.567,170.959,0.19292,0.900879,0.39563,switching_rate,tail,T50_T100,50,8,-0.0001,0.000225,0.00030355,0.000107321,-0.000353775,0.000153775,-0.931782,0.382462,0.87189,False,False,-2e-06,4.5e-06
K8-low-r08201,8,low,2.99146,0.28894,1.05278,21.04,41.8481,0.363428,0.848145,0.361353,switching_rate,tail,T50_T100,50,8,6.25e-06,6.25e-06,1.76777e-05,6.25e-06,-8.5289e-06,2.10289e-05,1,0.350617,0.87189,False,False,1.25e-07,1.25e-07
K8-low-r10228,8,low,1.75122,0.600464,1.46411,171.704,30.4224,0.141943,0.617676,0.1302,switching_rate,tail,T50_T100,50,8,-6.25e-05,0.0001375,0.000155265,5.48944e-05,-0.000192305,6.73046e-05,-1.13855,0.292352,0.87189,False,False,-1.25e-06,2.75e-06
K8-medium-r00000,8,medium,0.503662,1.28528,1.50894,102.495,113.64,0.759814,0.241699,0.314331,switching_rate,tail,T50_T100,50,8,-3.125e-05,8.125e-05,0.000128,4.52547e-05,-0.00013826,7.57604e-05,-0.690535,0.512097,0.902595,False,False,-6.25e-07,1.625e-06
K8-medium-r02040,8,medium,1.33374,1.3175,2.27886,18.6279,53.4644,0.418799,0.35498,0.302026,switching_rate,tail,T50_T100,50,8,9.375e-05,0.00351875,0.00500003,0.00176778,-0.00408638,0.00427388,0.0530327,0.959188,0.996079,False,False,1.875e-06,7.0375e-05
K8-medium-r04088,8,medium,0.918701,1.31213,0.596631,174.858,94.978,0.698291,0.270996,0.389038,switching_rate,tail,T50_T100,50,8,-6.25e-05,0.000775,0.000995615,0.000352003,-0.000894855,0.000769855,-0.177555,0.864101,0.996079,False,False,-1.25e-06,1.55e-05
K8-medium-r06128,8,medium,1.54126,1.30408,0.984229,54.0674,24.7095,0.86792,0.650879,0.257642,switching_rate,tail,T50_T100,50,8,-4.375e-05,0.00023125,0.000277022,9.7942e-05,-0.000275346,0.000187846,-0.446693,0.668589,0.902595,False,False,-8.75e-07,4.625e-06
K8-medium-r08179,8,medium,2.05396,1.76599,1.99409,168.55,195.906,0.491748,0.766113,0.381567,switching_rate,tail,T50_T100,50,8,-0.000125,0.000225,0.000387298,0.000136931,-0.00044879,0.00019879,-0.912871,0.391666,0.87189,False,False,-2.5e-06,4.5e-06
K8-medium-r10239,8,medium,2.78638,1.47595,1.64604,178.198,118.972,0.889014,0.48877,0.3552,switching_rate,tail,T50_T100,50,8,-1.875e-05,9.375e-05,0.000141263,4.99442e-05,-0.000136849,9.93492e-05,-0.375419,0.718466,0.946272,False,False,-3.75e-07,1.875e-06
K9-high-r00002,9,high,0.503662,2.09631,1.50894,102.495,113.64,0.759814,0.241699,0.314331,switching_rate,tail,T50_T100,50,8,1.875e-05,0.00014375,0.000190746,6.74388e-05,-0.000140717,0.000178217,0.27803,0.789022,0.990865,False,False,3.75e-07,2.875e-06
K9-high-r02072,9,high,0.70874,2.53674,1.60386,161.128,102.214,0.193799,0.60498,0.414526,switching_rate,tail,T50_T100,50,8,0.00055,0.0022875,0.00278747,0.00098552,-0.00178038,0.00288038,0.558081,0.59418,0.902595,False,False,1.1e-05,4.575e-05
K9-high-r04090,9,high,2.1687,2.68713,1.94663,79.8584,192.478,0.248291,0.770996,0.209741,switching_rate,tail,T50_T100,50,8,-0.00055,0.001075,0.00121479,0.000429493,-0.00156559,0.00046559,-1.28058,0.241137,0.87189,False,False,-1.1e-05,2.15e-05
K9-high-r06159,9,high,0.974854,2.17957,0.617725,170.405,29.4702,0.0821777,0.443848,0.370142,switching_rate,tail,T50_T100,50,8,-0.00140625,0.00474375,0.00582326,0.00205883,-0.00627461,0.00346211,-0.683033,0.516547,0.902595,False,False,-2.8125e-05,9.4875e-05
K9-high-r08178,9,high,1.9563,2.69519,1.39028,92.29,163.723,0.700928,0.223145,0.381567,switching_rate,tail,T50_T100,50,8,0.000675,0.0009125,0.000804008,0.00028426,2.83264e-06,0.00134717,2.37459,0.0492726,0.87189,True,False,1.35e-05,1.825e-05
K9-high-r10229,9,high,1.53638,2.85095,2.99604,83.1982,21.4722,0.439014,0.98877,0.1302,switching_rate,tail,T50_T100,50,8,-0.00035,0.0008,0.00107869,0.000381374,-0.00125181,0.000551807,-0.917733,0.389284,0.87189,False,False,-7e-06,1.6e-05
K9-low-r00012,9,low,1.75366,0.721313,2.85894,197.495,16.1401,0.309814,0.741699,0.0893311,switching_rate,tail,T50_T100,50,8,-4.375e-05,0.00019375,0.00027573,9.74851e-05,-0.000274266,0.000186766,-0.448786,0.667149,0.902595,False,False,-8.75e-07,3.875e-06
K9-low-r02027,9,low,2.89624,0.973755,1.26636,137.378,126.589,0.531299,0.972168,0.358276,switching_rate,tail,T50_T100,50,8,4.375e-05,6.875e-05,9.42546e-05,3.3324e-05,-3.50488e-05,0.000122549,1.31287,0.230629,0.87189,False,False,8.75e-07,1.375e-06
K9-low-r04112,9,low,1.5437,0.7052,2.62163,32.3584,46.228,0.473291,0.520996,0.322241,switching_rate,tail,T50_T100,50,8,-0.00023125,0.00105625,0.00136485,0.000482547,-0.00137229,0.000909792,-0.479228,0.646386,0.902595,False,False,-4.625e-06,2.1125e-05
K9-low-r06143,9,low,2.16626,0.616577,1.96772,101.567,170.959,0.19292,0.900879,0.39563,switching_rate,tail,T50_T100,50,8,-2.5e-05,0.0003625,0.000507093,0.000179284,-0.00044894,0.00039894,-0.139443,0.893027,0.996079,False,False,-5e-07,7.25e-06
K9-low-r08201,9,low,2.99146,0.28894,1.05278,21.04,41.8481,0.363428,0.848145,0.361353,switching_rate,tail,T50_T100,50,8,6.25e-06,0.00021875,0.000267845,9.46976e-05,-0.000217674,0.000230174,0.0659996,0.949224,0.996079,False,False,1.25e-07,4.375e-06
K9-low-r10228,9,low,1.75122,0.600464,1.46411,171.704,30.4224,0.141943,0.617676,0.1302,switching_rate,tail,T50_T100,50,8,-7.5e-05,0.000175,0.000201778,7.13392e-05,-0.00024369,9.36905e-05,-1.05131,0.328047,0.87189,False,False,-1.5e-06,3.5e-06
K9-medium-r00000,9,medium,0.503662,1.28528,1.50894,102.495,113.64,0.759814,0.241699,0.314331,switching_rate,tail,T50_T100,50,8,1.875e-05,0.00011875,0.000153384,5.42296e-05,-0.000109483,0.000146983,0.345752,0.739687,0.951026,False,False,3.75e-07,2.375e-06
K9-medium-r02040,9,medium,1.33374,1.3175,2.27886,18.6279,53.4644,0.418799,0.35498,0.302026,switching_rate,tail,T50_T100,50,8,-0.00075625,0.00356875,0.00471104,0.0016656,-0.00469478,0.00318228,-0.45404,0.663543,0.902595,False,False,-1.5125e-05,7.1375e-05
K9-medium-r04088,9,medium,0.918701,1.31213,0.596631,174.858,94.978,0.698291,0.270996,0.389038,switching_rate,tail,T50_T100,50,8,-0.0003625,0.001075,0.00127553,0.000450966,-0.00142887,0.000703866,-0.80383,0.447928,0.895856,False,False,-7.25e-06,2.15e-05
K9-medium-r06128,9,medium,1.54126,1.30408,0.984229,54.0674,24.7095,0.86792,0.650879,0.257642,switching_rate,tail,T50_T100,50,8,-0.0001375,0.0003875,0.000447812,0.000158326,-0.00051188,0.00023688,-0.868464,0.413922,0.87189,False,False,-2.75e-06,7.75e-06
K9-medium-r08179,9,medium,2.05396,1.76599,1.99409,168.55,195.906,0.491748,0.766113,0.381567,switching_rate,tail,T50_T100,50,8,2.5e-05,0.0003625,0.000607689,0.00021485,-0.000483041,0.000533041,0.11636,0.910635,0.996079,False,False,5e-07,7.25e-06
K9-medium-r10239,9,medium,2.78638,1.47595,1.64604,178.198,118.972,0.889014,0.48877,0.3552,switching_rate,tail,T50_T100,50,8,-9.375e-05,0.00010625,0.000105009,3.71261e-05,-0.000181539,-5.96069e-06,-2.52518,0.0395104,0.87189,True,False,-1.875e-06,2.125e-06
K6-high-r00002,6,high,0.503662,2.09631,1.50894,102.495,113.64,0.759814,0.241699,0.314331,trigger_rate,endpoint,T25_T100,75,8,-0.0035,0.0055,0.00641427,0.00226779,-0.00886246,0.00186246,-1.54335,0.166654,0.740859,False,False,-4.66667e-05,7.33333e-05
K6-high-r02072,6,high,0.70874,2.53674,1.60386,161.128,102.214,0.193799,0.60498,0.414526,trigger_rate,endpoint,T25_T100,75,8,-0.007375,0.0295,0.0370682,0.0131056,-0.0383648,0.0236148,-0.562737,0.591173,0.766352,False,False,-9.83333e-05,0.000393333
K6-high-r04090,6,high,2.1687,2.68713,1.94663,79.8584,192.478,0.248291,0.770996,0.209741,trigger_rate,endpoint,T25_T100,75,8,0.036375,0.131625,0.162994,0.0576272,-0.0998918,0.172642,0.631212,0.547951,0.766352,False,False,0.000485,0.001755
K6-high-r06159,6,high,0.974854,2.17957,0.617725,170.405,29.4702,0.0821777,0.443848,0.370142,trigger_rate,endpoint,T25_T100,75,8,0.0091875,0.0429375,0.0623257,0.0220355,-0.0429181,0.0612931,0.416941,0.68921,0.791858,False,False,0.0001225,0.0005725
K6-high-r08178,6,high,1.9563,2.69519,1.39028,92.29,163.723,0.700928,0.223145,0.381567,trigger_rate,endpoint,T25_T100,75,8,-0.0115625,0.0308125,0.0386379,0.0136606,-0.0438646,0.0207396,-0.846414,0.425308,0.740859,False,False,-0.000154167,0.000410833
K6-high-r10229,6,high,1.53638,2.85095,2.99604,83.1982,21.4722,0.439014,0.98877,0.1302,trigger_rate,endpoint,T25_T100,75,8,-0.0125,0.027125,0.0394824,0.0139591,-0.0455081,0.0205081,-0.895472,0.400278,0.740859,False,False,-0.000166667,0.000361667
K6-low-r00012,6,low,1.75366,0.721313,2.85894,197.495,16.1401,0.309814,0.741699,0.0893311,trigger_rate,endpoint,T25_T100,75,8,0.0006875,0.0023125,0.00335876,0.0011875,-0.00212049,0.00349549,0.578947,0.580768,0.766352,False,False,9.16667e-06,3.08333e-05
K6-low-r02027,6,low,2.89624,0.973755,1.26636,137.378,126.589,0.531299,0.972168,0.358276,trigger_rate,endpoint,T25_T100,75,8,0.00375,0.00475,0.0113169,0.00400112,-0.00571114,0.0132111,0.937239,0.379837,0.740859,False,False,5e-05,6.33333e-05
K6-low-r04112,6,low,1.5437,0.7052,2.62163,32.3584,46.228,0.473291,0.520996,0.322241,trigger_rate,endpoint,T25_T100,75,8,-0.0204375,0.0264375,0.031375,0.0110927,-0.0466676,0.00579263,-1.84242,0.10796,0.740859,False,False,-0.0002725,0.0003525
K6-low-r06143,6,low,2.16626,0.616577,1.96772,101.567,170.959,0.19292,0.900879,0.39563,trigger_rate,endpoint,T25_T100,75,8,-0.0024375,0.0053125,0.0109787,0.00388155,-0.0116159,0.0067409,-0.627971,0.549953,0.766352,False,False,-3.25e-05,7.08333e-05
K6-low-r08201,6,low,2.99146,0.28894,1.05278,21.04,41.8481,0.363428,0.848145,0.361353,trigger_rate,endpoint,T25_T100,75,8,0,0,0,0,0,0,0,1,1,False,False,0,0
K6-low-r10228,6,low,1.75122,0.600464,1.46411,171.704,30.4224,0.141943,0.617676,0.1302,trigger_rate,endpoint,T25_T100,75,8,0,0,0,0,0,0,0,1,1,False,False,0,0
K6-medium-r00000,6,medium,0.503662,1.28528,1.50894,102.495,113.64,0.759814,0.241699,0.314331,trigger_rate,endpoint,T25_T100,75,8,-0.003625,0.00775,0.00845893,0.00299068,-0.0106968,0.00344685,-1.2121,0.264795,0.740859,False,False,-4.83333e-05,0.000103333
K6-medium-r02040,6,medium,1.33374,1.3175,2.27886,18.6279,53.4644,0.418799,0.35498,0.302026,trigger_rate,endpoint,T25_T100,75,8,0.0345625,0.0409375,0.0441996,0.0156269,-0.00238927,0.0715143,2.21173,0.0626371,0.740859,False,False,0.000460833,0.000545833
K6-medium-r04088,6,medium,0.918701,1.31213,0.596631,174.858,94.978,0.698291,0.270996,0.389038,trigger_rate,endpoint,T25_T100,75,8,0.0029375,0.0064375,0.00820469,0.0029008,-0.00392179,0.00979679,1.01265,0.344942,0.740859,False,False,3.91667e-05,8.58333e-05
K6-medium-r06128,6,medium,1.54126,1.30408,0.984229,54.0674,24.7095,0.86792,0.650879,0.257642,trigger_rate,endpoint,T25_T100,75,8,0.0019375,0.0048125,0.00582751,0.00206033,-0.00293442,0.00680942,0.940381,0.378331,0.740859,False,False,2.58333e-05,6.41667e-05
K6-medium-r08179,6,medium,2.05396,1.76599,1.99409,168.55,195.906,0.491748,0.766113,0.381567,trigger_rate,endpoint,T25_T100,75,8,-0.026,0.04425,0.045986,0.0162585,-0.0644453,0.0124453,-1.59916,0.153817,0.740859,False,False,-0.000346667,0.00059
K6-medium-r10239,6,medium,2.78638,1.47595,1.64604,178.198,118.972,0.889014,0.48877,0.3552,trigger_rate,endpoint,T25_T100,75,8,-0.00225,0.004375,0.00444811,0.00157265,-0.00596872,0.00146872,-1.43071,0.1956,0.740859,False,False,-3e-05,5.83333e-05
K8-high-r00002,8,high,0.503662,2.09631,1.50894,102.495,113.64,0.759814,0.241699,0.314331,trigger_rate,endpoint,T25_T100,75,8,-0.0044375,0.0078125,0.0111753,0.00395108,-0.0137803,0.00490532,-1.12311,0.298429,0.740859,False,False,-5.91667e-05,0.000104167
K8-high-r02072,8,high,0.70874,2.53674,1.60386,161.128,102.214,0.193799,0.60498,0.414526,trigger_rate,endpoint,T25_T100,75,8,-0.0074375,0.0268125,0.0345103,0.0122012,-0.0362888,0.0214138,-0.60957,0.561403,0.766352,False,False,-9.91667e-05,0.0003575
K8-high-r04090,8,high,2.1687,2.68713,1.94663,79.8584,192.478,0.248291,0.770996,0.209741,trigger_rate,endpoint,T25_T100,75,8,0.0573125,0.0678125,0.0603915,0.0213516,0.00682391,0.107801,2.68422,0.031347,0.740859,True,False,0.000764167,0.000904167
K8-high-r06159,8,high,0.974854,2.17957,0.617725,170.405,29.4702,0.0821777,0.443848,0.370142,trigger_rate,endpoint,T25_T100,75,8,-0.0143125,0.0403125,0.0591964,0.0209291,-0.0638019,0.0351769,-0.683857,0.516057,0.766352,False,False,-0.000190833,0.0005375
K8-high-r08178,8,high,1.9563,2.69519,1.39028,92.29,163.723,0.700928,0.223145,0.381567,trigger_rate,endpoint,T25_T100,75,8,0.00775,0.01525,0.0226479,0.00800725,-0.0111841,0.0266841,0.967873,0.365351,0.740859,False,False,0.000103333,0.000203333
K8-high-r10229,8,high,1.53638,2.85095,2.99604,83.1982,21.4722,0.439014,0.98877,0.1302,trigger_rate,endpoint,T25_T100,75,8,-0.0096875,0.0216875,0.0273652,0.00967505,-0.0325654,0.0131904,-1.00129,0.350036,0.740859,False,False,-0.000129167,0.000289167
K8-low-r00012,8,low,1.75366,0.721313,2.85894,197.495,16.1401,0.309814,0.741699,0.0893311,trigger_rate,endpoint,T25_T100,75,8,-0.000375,0.000625,0.000834523,0.000295048,-0.00107268,0.000322679,-1.27098,0.244341,0.740859,False,False,-5e-06,8.33333e-06
K8-low-r02027,8,low,2.89624,0.973755,1.26636,137.378,126.589,0.531299,0.972168,0.358276,trigger_rate,endpoint,T25_T100,75,8,-0.0003125,0.0015625,0.00268511,0.00094933,-0.00255731,0.00193231,-0.329179,0.75165,0.828349,False,False,-4.16667e-06,2.08333e-05
K8-low-r04112,8,low,1.5437,0.7052,2.62163,32.3584,46.228,0.473291,0.520996,0.322241,trigger_rate,endpoint,T25_T100,75,8,0.025625,0.029125,0.043033,0.0152145,-0.0103515,0.0616015,1.68425,0.136005,0.740859,False,False,0.000341667,0.000388333
K8-low-r06143,8,low,2.16626,0.616577,1.96772,101.567,170.959,0.19292,0.900879,0.39563,trigger_rate,endpoint,T25_T100,75,8,0.0005,0.000625,0.00162569,0.000574767,-0.000859108,0.00185911,0.869918,0.413179,0.740859,False,False,6.66667e-06,8.33333e-06
K8-low-r08201,8,low,2.99146,0.28894,1.05278,21.04,41.8481,0.363428,0.848145,0.361353,trigger_rate,endpoint,T25_T100,75,8,0.0004375,0.0006875,0.00167838,0.000593397,-0.000965662,0.00184066,0.73728,0.484926,0.766352,False,False,5.83333e-06,9.16667e-06
K8-low-r10228,8,low,1.75122,0.600464,1.46411,171.704,30.4224,0.141943,0.617676,0.1302,trigger_rate,endpoint,T25_T100,75,8,0,0,0,0,0,0,0,1,1,False,False,0,0
K8-medium-r00000,8,medium,0.503662,1.28528,1.50894,102.495,113.64,0.759814,0.241699,0.314331,trigger_rate,endpoint,T25_T100,75,8,0.007375,0.0095,0.0118616,0.00419369,-0.00254151,0.0172915,1.75859,0.122053,0.740859,False,False,9.83333e-05,0.000126667
K8-medium-r02040,8,medium,1.33374,1.3175,2.27886,18.6279,53.4644,0.418799,0.35498,0.302026,trigger_rate,endpoint,T25_T100,75,8,-0.0190625,0.0509375,0.0736165,0.0260274,-0.0806074,0.0424824,-0.732402,0.487716,0.766352,False,False,-0.000254167,0.000679167
K8-medium-r04088,8,medium,0.918701,1.31213,0.596631,174.858,94.978,0.698291,0.270996,0.389038,trigger_rate,endpoint,T25_T100,75,8,-0.000875,0.001375,0.00162019,0.000572822,-0.00222951,0.000479509,-1.52753,0.170471,0.740859,False,False,-1.16667e-05,1.83333e-05
K8-medium-r06128,8,medium,1.54126,1.30408,0.984229,54.0674,24.7095,0.86792,0.650879,0.257642,trigger_rate,endpoint,T25_T100,75,8,0.001625,0.00225,0.0020831,0.000736485,-0.000116511,0.00336651,2.20643,0.0631294,0.740859,False,False,2.16667e-05,3e-05
K8-medium-r08179,8,medium,2.05396,1.76599,1.99409,168.55,195.906,0.491748,0.766113,0.381567,trigger_rate,endpoint,T25_T100,75,8,-0.0059375,0.0098125,0.0160856,0.00568711,-0.0193854,0.00751037,-1.04403,0.33118,0.740859,False,False,-7.91667e-05,0.000130833
K8-medium-r10239,8,medium,2.78638,1.47595,1.64604,178.198,118.972,0.889014,0.48877,0.3552,trigger_rate,endpoint,T25_T100,75,8,0.000625,0.002875,0.00331393,0.00117165,-0.00214552,0.00339552,0.533435,0.610244,0.766352,False,False,8.33333e-06,3.83333e-05
K9-high-r00002,9,high,0.503662,2.09631,1.50894,102.495,113.64,0.759814,0.241699,0.314331,trigger_rate,endpoint,T25_T100,75,8,0.0010625,0.0034375,0.00459377,0.00162414,-0.00277798,0.00490298,0.654192,0.533883,0.766352,False,False,1.41667e-05,4.58333e-05
K9-high-r02072,9,high,0.70874,2.53674,1.60386,161.128,102.214,0.193799,0.60498,0.414526,trigger_rate,endpoint,T25_T100,75,8,0.006375,0.027625,0.0387969,0.0137168,-0.02606,0.03881,0.46476,0.656214,0.784061,False,False,8.5e-05,0.000368333
K9-high-r04090,9,high,2.1687,2.68713,1.94663,79.8584,192.478,0.248291,0.770996,0.209741,trigger_rate,endpoint,T25_T100,75,8,0.0125625,0.0609375,0.0793678,0.0280608,-0.0537906,0.0789156,0.447689,0.667904,0.784061,False,False,0.0001675,0.0008125
K9-high-r06159,9,high,0.974854,2.17957,0.617725,170.405,29.4702,0.0821777,0.443848,0.370142,trigger_rate,endpoint,T25_T100,75,8,0.0255,0.026375,0.0320803,0.0113421,-0.00131977,0.0523198,2.24826,0.0593499,0.740859,False,False,0.00034,0.000351667
K9-high-r08178,9,high,1.9563,2.69519,1.39028,92.29,163.723,0.700928,0.223145,0.381567,trigger_rate,endpoint,T25_T100,75,8,0.016375,0.031625,0.0445082,0.015736,-0.0208348,0.0535848,1.04061,0.33266,0.740859,False,False,0.000218333,0.000421667
K9-high-r10229,9,high,1.53638,2.85095,2.99604,83.1982,21.4722,0.439014,0.98877,0.1302,trigger_rate,endpoint,T25_T100,75,8,-0.0243125,0.0376875,0.0372846,0.0131821,-0.0554832,0.00685817,-1.84436,0.107654,0.740859,False,False,-0.000324167,0.0005025
K9-low-r00012,9,low,1.75366,0.721313,2.85894,197.495,16.1401,0.309814,0.741699,0.0893311,trigger_rate,endpoint,T25_T100,75,8,0.000125,0.00125,0.00164208,0.000580563,-0.00124781,0.00149781,0.215308,0.835666,0.902519,False,False,1.66667e-06,1.66667e-05
K9-low-r02027,9,low,2.89624,0.973755,1.26636,137.378,126.589,0.531299,0.972168,0.358276,trigger_rate,endpoint,T25_T100,75,8,0.0013125,0.0024375,0.00323968,0.0011454,-0.00139594,0.00402094,1.14589,0.2895,0.740859,False,False,1.75e-05,3.25e-05
K9-low-r04112,9,low,1.5437,0.7052,2.62163,32.3584,46.228,0.473291,0.520996,0.322241,trigger_rate,endpoint,T25_T100,75,8,0.02275,0.038625,0.0610614,0.0215885,-0.0282986,0.0737986,1.0538,0.326983,0.740859,False,False,0.000303333,0.000515
K9-low-r06143,9,low,2.16626,0.616577,1.96772,101.567,170.959,0.19292,0.900879,0.39563,trigger_rate,endpoint,T25_T100,75,8,0.0114375,0.0120625,0.0248157,0.00877366,-0.00930891,0.0321839,1.30362,0.233598,0.740859,False,False,0.0001525,0.000160833
K9-low-r08201,9,low,2.99146,0.28894,1.05278,21.04,41.8481,0.363428,0.848145,0.361353,trigger_rate,endpoint,T25_T100,75,8,-0.0015,0.007625,0.0109283,0.00386375,-0.0106363,0.00763632,-0.388224,0.709387,0.79806,False,False,-2e-05,0.000101667
K9-low-r10228,9,low,1.75122,0.600464,1.46411,171.704,30.4224,0.141943,0.617676,0.1302,trigger_rate,endpoint,T25_T100,75,8,-0.0005,0.001375,0.00217124,0.000767649,-0.0023152,0.0013152,-0.651339,0.535617,0.766352,False,False,-6.66667e-06,1.83333e-05
K9-medium-r00000,9,medium,0.503662,1.28528,1.50894,102.495,113.64,0.759814,0.241699,0.314331,trigger_rate,endpoint,T25_T100,75,8,-0.002375,0.010125,0.0140757,0.00497651,-0.0141426,0.00939257,-0.477242,0.64773,0.784061,False,False,-3.16667e-05,0.000135
K9-medium-r02040,9,medium,1.33374,1.3175,2.27886,18.6279,53.4644,0.418799,0.35498,0.302026,trigger_rate,endpoint,T25_T100,75,8,0.034375,0.049875,0.0844299,0.0298505,-0.0362102,0.10496,1.15157,0.287306,0.740859,False,False,0.000458333,0.000665
K9-medium-r04088,9,medium,0.918701,1.31213,0.596631,174.858,94.978,0.698291,0.270996,0.389038,trigger_rate,endpoint,T25_T100,75,8,6.25e-05,0.0025625,0.00318969,0.00112772,-0.00260415,0.00272915,0.0554213,0.957351,1,False,False,8.33333e-07,3.41667e-05
K9-medium-r06128,9,medium,1.54126,1.30408,0.984229,54.0674,24.7095,0.86792,0.650879,0.257642,trigger_rate,endpoint,T25_T100,75,8,-0.0018125,0.0039375,0.00554809,0.00196154,-0.00645082,0.00282582,-0.924017,0.386222,0.740859,False,False,-2.41667e-05,5.25e-05
K9-medium-r08179,9,medium,2.05396,1.76599,1.99409,168.55,195.906,0.491748,0.766113,0.381567,trigger_rate,endpoint,T25_T100,75,8,-0.0035625,0.0093125,0.0184167,0.00651128,-0.0189592,0.0118342,-0.547127,0.60129,0.766352,False,False,-4.75e-05,0.000124167
K9-medium-r10239,9,medium,2.78638,1.47595,1.64604,178.198,118.972,0.889014,0.48877,0.3552,trigger_rate,endpoint,T25_T100,75,8,0.001375,0.001875,0.00199553,0.000705527,-0.000293305,0.00304331,1.9489,0.0923172,0.740859,False,False,1.83333e-05,2.5e-05
K6-high-r00002,6,high,0.503662,2.09631,1.50894,102.495,113.64,0.759814,0.241699,0.314331,trigger_rate,endpoint,T25_T50,25,8,-0.00525,0.006,0.00556135,0.00196623,-0.0098994,-0.000600598,-2.67008,0.031996,0.674338,True,False,-0.00021,0.00024
K6-high-r02072,6,high,0.70874,2.53674,1.60386,161.128,102.214,0.193799,0.60498,0.414526,trigger_rate,endpoint,T25_T50,25,8,-0.0090625,0.0330625,0.0391037,0.0138253,-0.041754,0.023629,-0.655503,0.533087,0.923373,False,False,-0.0003625,0.0013225
K6-high-r04090,6,high,2.1687,2.68713,1.94663,79.8584,192.478,0.248291,0.770996,0.209741,trigger_rate,endpoint,T25_T50,25,8,0.108437,0.178438,0.171393,0.0605965,-0.0348506,0.251726,1.7895,0.116663,0.899972,False,False,0.0043375,0.0071375
K6-high-r06159,6,high,0.974854,2.17957,0.617725,170.405,29.4702,0.0821777,0.443848,0.370142,trigger_rate,endpoint,T25_T50,25,8,0.0255625,0.0575625,0.0728013,0.0257392,-0.0353009,0.0864259,0.993137,0.353725,0.923373,False,False,0.0010225,0.0023025
K6-high-r08178,6,high,1.9563,2.69519,1.39028,92.29,163.723,0.700928,0.223145,0.381567,trigger_rate,endpoint,T25_T50,25,8,-0.015375,0.034625,0.046942,0.0165965,-0.0546195,0.0238695,-0.926399,0.385065,0.923373,False,False,-0.000615,0.001385
K6-high-r10229,6,high,1.53638,2.85095,2.99604,83.1982,21.4722,0.439014,0.98877,0.1302,trigger_rate,endpoint,T25_T50,25,8,-0.010125,0.04425,0.0630622,0.0222958,-0.0628463,0.0425963,-0.45412,0.663488,0.931269,False,False,-0.000405,0.00177
K6-low-r00012,6,low,1.75366,0.721313,2.85894,197.495,16.1401,0.309814,0.741699,0.0893311,trigger_rate,endpoint,T25_T50,25,8,0.00025,0.00075,0.00110195,0.000389597,-0.00067125,0.00117125,0.641689,0.541509,0.923373,False,False,1e-05,3e-05
K6-low-r02027,6,low,2.89624,0.973755,1.26636,137.378,126.589,0.531299,0.972168,0.358276,trigger_rate,endpoint,T25_T50,25,8,0.0030625,0.0044375,0.0103732,0.00366747,-0.00560969,0.0117347,0.835044,0.431266,0.923373,False,False,0.0001225,0.0001775
K6-low-r04112,6,low,1.5437,0.7052,2.62163,32.3584,46.228,0.473291,0.520996,0.322241,trigger_rate,endpoint,T25_T50,25,8,-0.013,0.029375,0.0366411,0.0129546,-0.0436327,0.0176327,-1.00351,0.349037,0.923373,False,False,-0.00052,0.001175
K6-low-r06143,6,low,2.16626,0.616577,1.96772,101.567,170.959,0.19292,0.900879,0.39563,trigger_rate,endpoint,T25_T50,25,8,-0.0021875,0.0056875,0.0115695,0.00409043,-0.0118598,0.00748482,-0.534785,0.609357,0.931269,False,False,-8.75e-05,0.0002275
K6-low-r08201,6,low,2.99146,0.28894,1.05278,21.04,41.8481,0.363428,0.848145,0.361353,trigger_rate,endpoint,T25_T50,25,8,0,0,0,0,0,0,0,1,1,False,False,0,0
K6-low-r10228,6,low,1.75122,0.600464,1.46411,171.704,30.4224,0.141943,0.617676,0.1302,trigger_rate,endpoint,T25_T50,25,8,0,0,0,0,0,0,0,1,1,False,False,0,0
K6-medium-r00000,6,medium,0.503662,1.28528,1.50894,102.495,113.64,0.759814,0.241699,0.314331,trigger_rate,endpoint,T25_T50,25,8,-0.0013125,0.0099375,0.0135249,0.00478179,-0.0126196,0.00999464,-0.274479,0.791641,0.994153,False,False,-5.25e-05,0.0003975
K6-medium-r02040,6,medium,1.33374,1.3175,2.27886,18.6279,53.4644,0.418799,0.35498,0.302026,trigger_rate,endpoint,T25_T50,25,8,-0.0011875,0.0503125,0.0573722,0.0202841,-0.0491518,0.0467768,-0.0585433,0.954952,1,False,False,-4.75e-05,0.0020125
K6-medium-r04088,6,medium,0.918701,1.31213,0.596631,174.858,94.978,0.698291,0.270996,0.389038,trigger_rate,endpoint,T25_T50,25,8,-0.0021875,0.0071875,0.00919991,0.00325266,-0.00987882,0.00550382,-0.672526,0.522821,0.923373,False,False,-8.75e-05,0.0002875
K6-medium-r06128,6,medium,1.54126,1.30408,0.984229,54.0674,24.7095,0.86792,0.650879,0.257642,trigger_rate,endpoint,T25_T50,25,8,0.0013125,0.0034375,0.00458988,0.00162277,-0.00252473,0.00514973,0.808804,0.445243,0.923373,False,False,5.25e-05,0.0001375
K6-medium-r08179,6,medium,2.05396,1.76599,1.99409,168.55,195.906,0.491748,0.766113,0.381567,trigger_rate,endpoint,T25_T50,25,8,-0.006,0.028625,0.0429019,0.0151681,-0.0418669,0.0298669,-0.395567,0.704203,0.931269,False,False,-0.00024,0.001145
K6-medium-r10239,6,medium,2.78638,1.47595,1.64604,178.198,118.972,0.889014,0.48877,0.3552,trigger_rate,endpoint,T25_T50,25,8,0.0011875,0.0041875,0.0065462,0.00231443,-0.00428526,0.00666026,0.513085,0.623683,0.931269,False,False,4.75e-05,0.0001675
K8-high-r00002,8,high,0.503662,2.09631,1.50894,102.495,113.64,0.759814,0.241699,0.314331,trigger_rate,endpoint,T25_T50,25,8,-0.002125,0.010625,0.0153524,0.0054279,-0.0149599,0.0107099,-0.391496,0.707075,0.931269,False,False,-8.5e-05,0.000425
K8-high-r02072,8,high,0.70874,2.53674,1.60386,161.128,102.214,0.193799,0.60498,0.414526,trigger_rate,endpoint,T25_T50,25,8,-0.0090625,0.0209375,0.0268041,0.00947668,-0.0314713,0.0133463,-0.956295,0.370776,0.923373,False,False,-0.0003625,0.0008375
K8-high-r04090,8,high,2.1687,2.68713,1.94663,79.8584,192.478,0.248291,0.770996,0.209741,trigger_rate,endpoint,T25_T50,25,8,0.0181875,0.0718125,0.0996429,0.0352291,-0.0651161,0.101491,0.516264,0.621574,0.931269,False,False,0.0007275,0.0028725
K8-high-r06159,8,high,0.974854,2.17957,0.617725,170.405,29.4702,0.0821777,0.443848,0.370142,trigger_rate,endpoint,T25_T50,25,8,-0.0378125,0.0459375,0.0540964,0.019126,-0.0830383,0.00741325,-1.97702,0.0885696,0.899972,False,False,-0.0015125,0.0018375
K8-high-r08178,8,high,1.9563,2.69519,1.39028,92.29,163.723,0.700928,0.223145,0.381567,trigger_rate,endpoint,T25_T50,25,8,0.032125,0.0325,0.0354711,0.0125409,0.00247045,0.0617796,2.56162,0.0374632,0.674338,True,False,0.001285,0.0013
K8-high-r10229,8,high,1.53638,2.85095,2.99604,83.1982,21.4722,0.439014,0.98877,0.1302,trigger_rate,endpoint,T25_T50,25,8,-0.013375,0.02175,0.0239833,0.00847936,-0.0334255,0.0066755,-1.57736,0.158719,0.923373,False,False,-0.000535,0.00087
K8-low-r00012,8,low,1.75366,0.721313,2.85894,197.495,16.1401,0.309814,0.741699,0.0893311,trigger_rate,endpoint,T25_T50,25,8,0.0015,0.002875,0.0030706,0.00108562,-0.00106708,0.00406708,1.3817,0.209551,0.923373,False,False,6e-05,0.000115
K8-low-r02027,8,low,2.89624,0.973755,1.26636,137.378,126.589,0.531299,0.972168,0.358276,trigger_rate,endpoint,T25_T50,25,8,0.0005,0.0015,0.00223607,0.000790569,-0.0013694,0.0023694,0.632456,0.547184,0.923373,False,False,2e-05,6e-05
K8-low-r04112,8,low,1.5437,0.7052,2.62163,32.3584,46.228,0.473291,0.520996,0.322241,trigger_rate,endpoint,T25_T50,25,8,0.0300625,0.0631875,0.102757,0.0363303,-0.0558449,0.11597,0.827478,0.435264,0.923373,False,False,0.0012025,0.0025275
K8-low-r06143,8,low,2.16626,0.616577,1.96772,101.567,170.959,0.19292,0.900879,0.39563,trigger_rate,endpoint,T25_T50,25,8,0,0,0,0,0,0,0,1,1,False,False,0,0
K8-low-r08201,8,low,2.99146,0.28894,1.05278,21.04,41.8481,0.363428,0.848145,0.361353,trigger_rate,endpoint,T25_T50,25,8,0.0005,0.000625,0.00162569,0.000574767,-0.000859108,0.00185911,0.869918,0.413179,0.923373,False,False,2e-05,2.5e-05
K8-low-r10228,8,low,1.75122,0.600464,1.46411,171.704,30.4224,0.141943,0.617676,0.1302,trigger_rate,endpoint,T25_T50,25,8,0,0,0,0,0,0,0,1,1,False,False,0,0
K8-medium-r00000,8,medium,0.503662,1.28528,1.50894,102.495,113.64,0.759814,0.241699,0.314331,trigger_rate,endpoint,T25_T50,25,8,0.0078125,0.0146875,0.018373,0.00649583,-0.00754771,0.0231727,1.20269,0.268192,0.923373,False,False,0.0003125,0.0005875
K8-medium-r02040,8,medium,1.33374,1.3175,2.27886,18.6279,53.4644,0.418799,0.35498,0.302026,trigger_rate,endpoint,T25_T50,25,8,-0.05675,0.107,0.130504,0.0461402,-0.165854,0.0523543,-1.22995,0.258446,0.923373,False,False,-0.00227,0.00428
K8-medium-r04088,8,medium,0.918701,1.31213,0.596631,174.858,94.978,0.698291,0.270996,0.389038,trigger_rate,endpoint,T25_T50,25,8,6.25e-05,0.0008125,0.00105009,0.000371261,-0.000815393,0.000940393,0.168345,0.871073,1,False,False,2.5e-06,3.25e-05
K8-medium-r06128,8,medium,1.54126,1.30408,0.984229,54.0674,24.7095,0.86792,0.650879,0.257642,trigger_rate,endpoint,T25_T50,25,8,-0.0008125,0.0028125,0.00336937,0.00119125,-0.00362937,0.00200437,-0.682055,0.517129,0.923373,False,False,-3.25e-05,0.0001125
K8-medium-r08179,8,medium,2.05396,1.76599,1.99409,168.55,195.906,0.491748,0.766113,0.381567,trigger_rate,endpoint,T25_T50,25,8,6.25e-05,0.0206875,0.0252805,0.008938,-0.0210725,0.0211975,0.00699262,0.994616,1,False,False,2.5e-06,0.0008275
K8-medium-r10239,8,medium,2.78638,1.47595,1.64604,178.198,118.972,0.889014,0.48877,0.3552,trigger_rate,endpoint,T25_T50,25,8,0.000625,0.001,0.00162019,0.000572822,-0.000729509,0.00197951,1.09109,0.311359,0.923373,False,False,2.5e-05,4e-05
K9-high-r00002,9,high,0.503662,2.09631,1.50894,102.495,113.64,0.759814,0.241699,0.314331,trigger_rate,endpoint,T25_T50,25,8,0.0019375,0.0056875,0.00738453,0.00261082,-0.00423612,0.00811112,0.742103,0.482178,0.923373,False,False,7.75e-05,0.0002275
K9-high-r02072,9,high,0.70874,2.53674,1.60386,161.128,102.214,0.193799,0.60498,0.414526,trigger_rate,endpoint,T25_T50,25,8,0.0049375,0.0180625,0.028402,0.0100416,-0.0188072,0.0286822,0.491703,0.637972,0.931269,False,False,0.0001975,0.0007225
K9-high-r04090,9,high,2.1687,2.68713,1.94663,79.8584,192.478,0.248291,0.770996,0.209741,trigger_rate,endpoint,T25_T50,25,8,0.0005625,0.0445625,0.0638488,0.022574,-0.0528165,0.0539415,0.0249181,0.980816,1,False,False,2.25e-05,0.0017825
K9-high-r06159,9,high,0.974854,2.17957,0.617725,170.405,29.4702,0.0821777,0.443848,0.370142,trigger_rate,endpoint,T25_T50,25,8,0.0331875,0.0460625,0.055775,0.0197194,-0.0134416,0.0798166,1.68298,0.136256,0.919727,False,False,0.0013275,0.0018425
K9-high-r08178,9,high,1.9563,2.69519,1.39028,92.29,163.723,0.700928,0.223145,0.381567,trigger_rate,endpoint,T25_T50,25,8,0.0010625,0.0198125,0.0305456,0.0107995,-0.0244742,0.0265992,0.0983843,0.924385,1,False,False,4.25e-05,0.0007925
K9-high-r10229,9,high,1.53638,2.85095,2.99604,83.1982,21.4722,0.439014,0.98877,0.1302,trigger_rate,endpoint,T25_T50,25,8,-0.010125,0.020625,0.0262757,0.00928985,-0.032092,0.011842,-1.0899,0.311849,0.923373,False,False,-0.000405,0.000825
K9-low-r00012,9,low,1.75366,0.721313,2.85894,197.495,16.1401,0.309814,0.741699,0.0893311,trigger_rate,endpoint,T25_T50,25,8,-0.00025,0.001375,0.00162569,0.000574767,-0.00160911,0.00110911,-0.434959,0.676687,0.931269,False,False,-1e-05,5.5e-05
K9-low-r02027,9,low,2.89624,0.973755,1.26636,137.378,126.589,0.531299,0.972168,0.358276,trigger_rate,endpoint,T25_T50,25,8,0.0004375,0.0024375,0.00398602,0.00140927,-0.0028949,0.0037699,0.310444,0.765263,0.983909,False,False,1.75e-05,9.75e-05
K9-low-r04112,9,low,1.5437,0.7052,2.62163,32.3584,46.228,0.473291,0.520996,0.322241,trigger_rate,endpoint,T25_T50,25,8,0.0205625,0.0259375,0.0269542,0.00952976,-0.00197181,0.0430968,2.15771,0.0678366,0.899972,False,False,0.0008225,0.0010375
K9-low-r06143,9,low,2.16626,0.616577,1.96772,101.567,170.959,0.19292,0.900879,0.39563,trigger_rate,endpoint,T25_T50,25,8,0.00225,0.0185,0.033027,0.0116768,-0.0253613,0.0298613,0.192689,0.852673,1,False,False,9e-05,0.00074
K9-low-r08201,9,low,2.99146,0.28894,1.05278,21.04,41.8481,0.363428,0.848145,0.361353,trigger_rate,endpoint,T25_T50,25,8,-0.0134375,0.0166875,0.0133669,0.00472591,-0.0246125,-0.00226249,-2.84337,0.0249241,0.674338,True,False,-0.0005375,0.0006675
K9-low-r10228,9,low,1.75122,0.600464,1.46411,171.704,30.4224,0.141943,0.617676,0.1302,trigger_rate,endpoint,T25_T50,25,8,-0.0006875,0.0016875,0.00259033,0.000915821,-0.00285307,0.00147807,-0.750693,0.477308,0.923373,False,False,-2.75e-05,6.75e-05
K9-medium-r00000,9,medium,0.503662,1.28528,1.50894,102.495,113.64,0.759814,0.241699,0.314331,trigger_rate,endpoint,T25_T50,25,8,0.004,0.009125,0.0146872,0.00519271,-0.00827882,0.0162788,0.77031,0.466313,0.923373,False,False,0.00016,0.000365
K9-medium-r02040,9,medium,1.33374,1.3175,2.27886,18.6279,53.4644,0.418799,0.35498,0.302026,trigger_rate,endpoint,T25_T50,25,8,0.001625,0.0605,0.0844849,0.0298699,-0.0690061,0.0722561,0.0544026,0.958135,1,False,False,6.5e-05,0.00242
K9-medium-r04088,9,medium,0.918701,1.31213,0.596631,174.858,94.978,0.698291,0.270996,0.389038,trigger_rate,endpoint,T25_T50,25,8,0.0011875,0.0034375,0.0042083,0.00148786,-0.00233073,0.00470573,0.798126,0.45102,0.923373,False,False,4.75e-05,0.0001375
K9-medium-r06128,9,medium,1.54126,1.30408,0.984229,54.0674,24.7095,0.86792,0.650879,0.257642,trigger_rate,endpoint,T25_T50,25,8,0.000625,0.003375,0.00387989,0.00137175,-0.00261867,0.00386867,0.455623,0.662458,0.931269,False,False,2.5e-05,0.000135
K9-medium-r08179,9,medium,2.05396,1.76599,1.99409,168.55,195.906,0.491748,0.766113,0.381567,trigger_rate,endpoint,T25_T50,25,8,-0.0173125,0.0241875,0.0268514,0.00949339,-0.0397608,0.0051358,-1.82364,0.110975,0.899972,False,False,-0.0006925,0.0009675
K9-medium-r10239,9,medium,2.78638,1.47595,1.64604,178.198,118.972,0.889014,0.48877,0.3552,trigger_rate,endpoint,T25_T50,25,8,-0.0008125,0.0024375,0.00326165,0.00115317,-0.00353931,0.00191431,-0.70458,0.503832,0.923373,False,False,-3.25e-05,9.75e-05
K6-high-r00002,6,high,0.503662,2.09631,1.50894,102.495,113.64,0.759814,0.241699,0.314331,trigger_rate,endpoint,T50_T100,50,8,0.00175,0.004375,0.00581255,0.00205505,-0.00310941,0.00660941,0.851562,0.42263,0.877769,False,False,3.5e-05,8.75e-05
K6-high-r02072,6,high,0.70874,2.53674,1.60386,161.128,102.214,0.193799,0.60498,0.414526,trigger_rate,endpoint,T50_T100,50,8,0.0016875,0.0243125,0.0358169,0.0126632,-0.0282562,0.0316312,0.13326,0.897738,1,False,False,3.375e-05,0.00048625
K6-high-r04090,6,high,2.1687,2.68713,1.94663,79.8584,192.478,0.248291,0.770996,0.209741,trigger_rate,endpoint,T50_T100,50,8,-0.0720625,0.0929375,0.0843384,0.0298181,-0.142571,-0.00155386,-2.41674,0.0463136,0.590754,True,False,-0.00144125,0.00185875
K6-high-r06159,6,high,0.974854,2.17957,0.617725,170.405,29.4702,0.0821777,0.443848,0.370142,trigger_rate,endpoint,T50_T100,50,8,-0.016375,0.052875,0.0607235,0.021469,-0.0671411,0.0343911,-0.762728,0.470542,0.907303,False,False,-0.0003275,0.0010575
K6-high-r08178,6,high,1.9563,2.69519,1.39028,92.29,163.723,0.700928,0.223145,0.381567,trigger_rate,endpoint,T50_T100,50,8,0.0038125,0.0443125,0.0613246,0.0216815,-0.0474562,0.0550812,0.175841,0.865398,1,False,False,7.625e-05,0.00088625
K6-high-r10229,6,high,1.53638,2.85095,2.99604,83.1982,21.4722,0.439014,0.98877,0.1302,trigger_rate,endpoint,T50_T100,50,8,-0.002375,0.030625,0.0450593,0.0159309,-0.0400455,0.0352955,-0.149082,0.885693,1,False,False,-4.75e-05,0.0006125
K6-low-r00012,6,low,1.75366,0.721313,2.85894,197.495,16.1401,0.309814,0.741699,0.0893311,trigger_rate,endpoint,T50_T100,50,8,0.0004375,0.0024375,0.00359998,0.00127278,-0.00257215,0.00344715,0.343735,0.741139,1,False,False,8.75e-06,4.875e-05
K6-low-r02027,6,low,2.89624,0.973755,1.26636,137.378,126.589,0.531299,0.972168,0.358276,trigger_rate,endpoint,T50_T100,50,8,0.0006875,0.0006875,0.00106695,0.000377226,-0.000204497,0.0015795,1.82252,0.111158,0.750315,False,False,1.375e-05,1.375e-05
K6-low-r04112,6,low,1.5437,0.7052,2.62163,32.3584,46.228,0.473291,0.520996,0.322241,trigger_rate,endpoint,T50_T100,50,8,-0.0074375,0.0235625,0.028691,0.0101438,-0.0314238,0.0165488,-0.733206,0.487255,0.907303,False,False,-0.00014875,0.00047125
K6-low-r06143,6,low,2.16626,0.616577,1.96772,101.567,170.959,0.19292,0.900879,0.39563,trigger_rate,endpoint,T50_T100,50,8,-0.00025,0.002125,0.00394606,0.00139514,-0.00354899,0.00304899,-0.179193,0.862863,1,False,False,-5e-06,4.25e-05
K6-low-r08201,6,low,2.99146,0.28894,1.05278,21.04,41.8481,0.363428,0.848145,0.361353,trigger_rate,endpoint,T50_T100,50,8,0,0,0,0,0,0,0,1,1,False,False,0,0
K6-low-r10228,6,low,1.75122,0.600464,1.46411,171.704,30.4224,0.141943,0.617676,0.1302,trigger_rate,endpoint,T50_T100,50,8,0,0,0,0,0,0,0,1,1,False,False,0,0
K6-medium-r00000,6,medium,0.503662,1.28528,1.50894,102.495,113.64,0.759814,0.241699,0.314331,trigger_rate,endpoint,T50_T100,50,8,-0.0023125,0.0108125,0.0133281,0.0047122,-0.0134551,0.00883007,-0.490748,0.638614,0.984875,False,False,-4.625e-05,0.00021625
K6-medium-r02040,6,medium,1.33374,1.3175,2.27886,18.6279,53.4644,0.418799,0.35498,0.302026,trigger_rate,endpoint,T50_T100,50,8,0.03575,0.065125,0.0772514,0.0273125,-0.0288338,0.100334,1.30892,0.23189,0.761734,False,False,0.000715,0.0013025
K6-medium-r04088,6,medium,0.918701,1.31213,0.596631,174.858,94.978,0.698291,0.270996,0.389038,trigger_rate,endpoint,T50_T100,50,8,0.005125,0.0055,0.00771247,0.00272677,-0.00132278,0.0115728,1.87951,0.102239,0.750315,False,False,0.0001025,0.00011
K6-medium-r06128,6,medium,1.54126,1.30408,0.984229,54.0674,24.7095,0.86792,0.650879,0.257642,trigger_rate,endpoint,T50_T100,50,8,0.000625,0.002625,0.0039438,0.00139434,-0.0026721,0.0039221,0.448239,0.667526,0.984875,False,False,1.25e-05,5.25e-05
K6-medium-r08179,6,medium,2.05396,1.76599,1.99409,168.55,195.906,0.491748,0.766113,0.381567,trigger_rate,endpoint,T50_T100,50,8,-0.02,0.055875,0.0646308,0.0228504,-0.0740327,0.0340327,-0.875256,0.410459,0.877769,False,False,-0.0004,0.0011175
K6-medium-r10239,6,medium,2.78638,1.47595,1.64604,178.198,118.972,0.889014,0.48877,0.3552,trigger_rate,endpoint,T50_T100,50,8,-0.0034375,0.0038125,0.00372671,0.00131759,-0.00655311,-0.00032189,-2.60893,0.034968,0.590754,True,False,-6.875e-05,7.625e-05
K8-high-r00002,8,high,0.503662,2.09631,1.50894,102.495,113.64,0.759814,0.241699,0.314331,trigger_rate,endpoint,T50_T100,50,8,-0.0023125,0.0078125,0.0110774,0.00391647,-0.0115735,0.00694848,-0.590455,0.573446,0.972433,False,False,-4.625e-05,0.00015625
K8-high-r02072,8,high,0.70874,2.53674,1.60386,161.128,102.214,0.193799,0.60498,0.414526,trigger_rate,endpoint,T50_T100,50,8,0.001625,0.01525,0.0189732,0.00670804,-0.014237,0.017487,0.242247,0.815533,1,False,False,3.25e-05,0.000305
K8-high-r04090,8,high,2.1687,2.68713,1.94663,79.8584,192.478,0.248291,0.770996,0.209741,trigger_rate,endpoint,T50_T100,50,8,0.039125,0.0975,0.121767,0.0430512,-0.062675,0.140925,0.908801,0.393668,0.877769,False,False,0.0007825,0.00195
K8-high-r06159,8,high,0.974854,2.17957,0.617725,170.405,29.4702,0.0821777,0.443848,0.370142,trigger_rate,endpoint,T50_T100,50,8,0.0235,0.0515,0.0623584,0.022047,-0.0286329,0.0756329,1.0659,0.321845,0.877769,False,False,0.00047,0.00103
K8-high-r08178,8,high,1.9563,2.69519,1.39028,92.29,163.723,0.700928,0.223145,0.381567,trigger_rate,endpoint,T50_T100,50,8,-0.024375,0.025875,0.0250325,0.00885032,-0.0453027,-0.00344732,-2.75414,0.0283344,0.590754,True,False,-0.0004875,0.0005175
K8-high-r10229,8,high,1.53638,2.85095,2.99604,83.1982,21.4722,0.439014,0.98877,0.1302,trigger_rate,endpoint,T50_T100,50,8,0.0036875,0.0180625,0.0218222,0.00771532,-0.0145563,0.0219313,0.477945,0.647254,0.984875,False,False,7.375e-05,0.00036125
K8-low-r00012,8,low,1.75366,0.721313,2.85894,197.495,16.1401,0.309814,0.741699,0.0893311,trigger_rate,endpoint,T50_T100,50,8,-0.001875,0.00325,0.00357321,0.00126332,-0.00486228,0.00111228,-1.48418,0.181334,0.761734,False,False,-3.75e-05,6.5e-05
K8-low-r02027,8,low,2.89624,0.973755,1.26636,137.378,126.589,0.531299,0.972168,0.358276,trigger_rate,endpoint,T50_T100,50,8,-0.0008125,0.0020625,0.00341151,0.00120615,-0.00366459,0.00203959,-0.673631,0.522159,0.939887,False,False,-1.625e-05,4.125e-05
K8-low-r04112,8,low,1.5437,0.7052,2.62163,32.3584,46.228,0.473291,0.520996,0.322241,trigger_rate,endpoint,T50_T100,50,8,-0.0044375,0.0438125,0.0675391,0.0238787,-0.0609016,0.0520266,-0.185835,0.857844,1,False,False,-8.875e-05,0.00087625
K8-low-r06143,8,low,2.16626,0.616577,1.96772,101.567,170.959,0.19292,0.900879,0.39563,trigger_rate,endpoint,T50_T100,50,8,0.0005,0.000625,0.00162569,0.000574767,-0.000859108,0.00185911,0.869918,0.413179,0.877769,False,False,1e-05,1.25e-05
K8-low-r08201,8,low,2.99146,0.28894,1.05278,21.04,41.8481,0.363428,0.848145,0.361353,trigger_rate,endpoint,T50_T100,50,8,-6.25e-05,6.25e-05,0.000176777,6.25e-05,-0.000210289,8.5289e-05,-1,0.350617,0.877769,False,False,-1.25e-06,1.25e-06
K8-low-r10228,8,low,1.75122,0.600464,1.46411,171.704,30.4224,0.141943,0.617676,0.1302,trigger_rate,endpoint,T50_T100,50,8,0,0,0,0,0,0,0,1,1,False,False,0,0
K8-medium-r00000,8,medium,0.503662,1.28528,1.50894,102.495,113.64,0.759814,0.241699,0.314331,trigger_rate,endpoint,T50_T100,50,8,-0.0004375,0.0123125,0.0155137,0.00548491,-0.0134073,0.0125323,-0.0797643,0.938657,1,False,False,-8.75e-06,0.00024625
K8-medium-r02040,8,medium,1.33374,1.3175,2.27886,18.6279,53.4644,0.418799,0.35498,0.302026,trigger_rate,endpoint,T50_T100,50,8,0.0376875,0.0734375,0.0862123,0.0304807,-0.0343878,0.109763,1.23644,0.256169,0.768506,False,False,0.00075375,0.00146875
K8-medium-r04088,8,medium,0.918701,1.31213,0.596631,174.858,94.978,0.698291,0.270996,0.389038,trigger_rate,endpoint,T50_T100,50,8,-0.0009375,0.0014375,0.00198993,0.000703547,-0.00260112,0.000726123,-1.33253,0.224424,0.761734,False,False,-1.875e-05,2.875e-05
K8-medium-r06128,8,medium,1.54126,1.30408,0.984229,54.0674,24.7095,0.86792,0.650879,0.257642,trigger_rate,endpoint,T50_T100,50,8,0.0024375,0.0038125,0.00398602,0.00140927,-0.0008949,0.0057699,1.72962,0.127321,0.761734,False,False,4.875e-05,7.625e-05
K8-medium-r08179,8,medium,2.05396,1.76599,1.99409,168.55,195.906,0.491748,0.766113,0.381567,trigger_rate,endpoint,T50_T100,50,8,-0.006,0.026,0.0359553,0.0127121,-0.0360594,0.0240594,-0.47199,0.651293,0.984875,False,False,-0.00012,0.00052
K8-medium-r10239,8,medium,2.78638,1.47595,1.64604,178.198,118.972,0.889014,0.48877,0.3552,trigger_rate,endpoint,T50_T100,50,8,1.73472e-18,0.002,0.00253546,0.000896421,-0.0021197,0.0021197,1.93517e-15,1,1,False,False,3.46945e-20,4e-05
K9-high-r00002,9,high,0.503662,2.09631,1.50894,102.495,113.64,0.759814,0.241699,0.314331,trigger_rate,endpoint,T50_T100,50,8,-0.000875,0.00525,0.00697316,0.00246539,-0.00670471,0.00495471,-0.354914,0.733106,1,False,False,-1.75e-05,0.000105
K9-high-r02072,9,high,0.70874,2.53674,1.60386,161.128,102.214,0.193799,0.60498,0.414526,trigger_rate,endpoint,T50_T100,50,8,0.0014375,0.0258125,0.0340603,0.0120421,-0.0270376,0.0299126,0.119373,0.908334,1,False,False,2.875e-05,0.00051625
K9-high-r04090,9,high,2.1687,2.68713,1.94663,79.8584,192.478,0.248291,0.770996,0.209741,trigger_rate,endpoint,T50_T100,50,8,0.012,0.079375,0.100412,0.0355009,-0.0719462,0.0959462,0.33802,0.745259,1,False,False,0.00024,0.0015875
K9-high-r06159,9,high,0.974854,2.17957,0.617725,170.405,29.4702,0.0821777,0.443848,0.370142,trigger_rate,endpoint,T50_T100,50,8,-0.0076875,0.0346875,0.0496818,0.0175652,-0.0492225,0.0338475,-0.437656,0.674822,0.984875,False,False,-0.00015375,0.00069375
K9-high-r08178,9,high,1.9563,2.69519,1.39028,92.29,163.723,0.700928,0.223145,0.381567,trigger_rate,endpoint,T50_T100,50,8,0.0153125,0.0264375,0.0321736,0.0113751,-0.0115853,0.0422103,1.34615,0.220217,0.761734,False,False,0.00030625,0.00052875
K9-high-r10229,9,high,1.53638,2.85095,2.99604,83.1982,21.4722,0.439014,0.98877,0.1302,trigger_rate,endpoint,T50_T100,50,8,-0.0141875,0.0230625,0.0248408,0.00878256,-0.034955,0.00657996,-1.61542,0.150254,0.761734,False,False,-0.00028375,0.00046125
K9-low-r00012,9,low,1.75366,0.721313,2.85894,197.495,16.1401,0.309814,0.741699,0.0893311,trigger_rate,endpoint,T50_T100,50,8,0.000375,0.001125,0.00140789,0.000497763,-0.000802022,0.00155202,0.753371,0.475797,0.907303,False,False,7.5e-06,2.25e-05
K9-low-r02027,9,low,2.89624,0.973755,1.26636,137.378,126.589,0.531299,0.972168,0.358276,trigger_rate,endpoint,T50_T100,50,8,0.000875,0.001625,0.00168502,0.000595744,-0.00053371,0.00228371,1.46875,0.185351,0.761734,False,False,1.75e-05,3.25e-05
K9-low-r04112,9,low,1.5437,0.7052,2.62163,32.3584,46.228,0.473291,0.520996,0.322241,trigger_rate,endpoint,T50_T100,50,8,0.0021875,0.0254375,0.0429925,0.0152001,-0.0337551,0.0381301,0.143913,0.889625,1,False,False,4.375e-05,0.00050875
K9-low-r06143,9,low,2.16626,0.616577,1.96772,101.567,170.959,0.19292,0.900879,0.39563,trigger_rate,endpoint,T50_T100,50,8,0.0091875,0.0091875,0.0202289,0.00715201,-0.00772431,0.0260993,1.2846,0.239805,0.761734,False,False,0.00018375,0.00018375
K9-low-r08201,9,low,2.99146,0.28894,1.05278,21.04,41.8481,0.363428,0.848145,0.361353,trigger_rate,endpoint,T50_T100,50,8,0.0119375,0.0121875,0.012108,0.00428081,0.00181499,0.02206,2.78861,0.0269623,0.590754,True,False,0.00023875,0.00024375
K9-low-r10228,9,low,1.75122,0.600464,1.46411,171.704,30.4224,0.141943,0.617676,0.1302,trigger_rate,endpoint,T50_T100,50,8,0.0001875,0.0024375,0.00293911,0.00103913,-0.00226966,0.00264466,0.180439,0.861921,1,False,False,3.75e-06,4.875e-05
K9-medium-r00000,9,medium,0.503662,1.28528,1.50894,102.495,113.64,0.759814,0.241699,0.314331,trigger_rate,endpoint,T50_T100,50,8,-0.006375,0.006625,0.00782738,0.0027674,-0.0129189,0.000168852,-2.30361,0.0546994,0.590754,False,False,-0.0001275,0.0001325
K9-medium-r02040,9,medium,1.33374,1.3175,2.27886,18.6279,53.4644,0.418799,0.35498,0.302026,trigger_rate,endpoint,T50_T100,50,8,0.03275,0.076875,0.0967142,0.0341936,-0.0481051,0.113605,0.95778,0.370076,0.877769,False,False,0.000655,0.0015375
K9-medium-r04088,9,medium,0.918701,1.31213,0.596631,174.858,94.978,0.698291,0.270996,0.389038,trigger_rate,endpoint,T50_T100,50,8,-0.001125,0.00425,0.00542975,0.00191971,-0.00566438,0.00341438,-0.586027,0.576257,0.972433,False,False,-2.25e-05,8.5e-05
K9-medium-r06128,9,medium,1.54126,1.30408,0.984229,54.0674,24.7095,0.86792,0.650879,0.257642,trigger_rate,endpoint,T50_T100,50,8,-0.0024375,0.0026875,0.00352985,0.00124799,-0.00538853,0.000513526,-1.95314,0.091742,0.750315,False,False,-4.875e-05,5.375e-05
K9-medium-r08179,9,medium,2.05396,1.76599,1.99409,168.55,195.906,0.491748,0.766113,0.381567,trigger_rate,endpoint,T50_T100,50,8,0.01375,0.031375,0.0381959,0.0135043,-0.0181826,0.0456826,1.01819,0.342479,0.877769,False,False,0.000275,0.0006275
K9-medium-r10239,9,medium,2.78638,1.47595,1.64604,178.198,118.972,0.889014,0.48877,0.3552,trigger_rate,endpoint,T50_T100,50,8,0.0021875,0.0031875,0.00398154,0.00140769,-0.00114115,0.00551615,1.55397,0.164139,0.761734,False,False,4.375e-05,6.375e-05
K6-high-r00002,6,high,0.503662,2.09631,1.50894,102.495,113.64,0.759814,0.241699,0.314331,trigger_rate,tail,T25_T100,75,8,0.0004375,0.0010875,0.00142045,0.000502205,-0.000750026,0.00162503,0.871158,0.412546,0.811463,False,False,5.83333e-06,1.45e-05
K6-high-r02072,6,high,0.70874,2.53674,1.60386,161.128,102.214,0.193799,0.60498,0.414526,trigger_rate,tail,T25_T100,75,8,0.00388125,0.00973125,0.0111507,0.00394237,-0.00544098,0.0132035,0.984496,0.357669,0.811463,False,False,5.175e-05,0.00012975
K6-high-r04090,6,high,2.1687,2.68713,1.94663,79.8584,192.478,0.248291,0.770996,0.209741,trigger_rate,tail,T25_T100,75,8,0.0410125,0.0451,0.0416435,0.0147232,0.00619766,0.0758273,2.78557,0.0270804,0.811463,True,False,0.000546833,0.000601333
K6-high-r06159,6,high,0.974854,2.17957,0.617725,170.405,29.4702,0.0821777,0.443848,0.370142,trigger_rate,tail,T25_T100,75,8,0.00264375,0.00968125,0.0121084,0.00428096,-0.00747912,0.0127666,0.61756,0.556414,0.828779,False,False,3.525e-05,0.000129083
K6-high-r08178,6,high,1.9563,2.69519,1.39028,92.29,163.723,0.700928,0.223145,0.381567,trigger_rate,tail,T25_T100,75,8,0.00309375,0.00815625,0.0100746,0.00356192,-0.00532885,0.0115164,0.868563,0.413871,0.811463,False,False,4.125e-05,0.00010875
K6-high-r10229,6,high,1.53638,2.85095,2.99604,83.1982,21.4722,0.439014,0.98877,0.1302,trigger_rate,tail,T25_T100,75,8,0.0014,0.0111625,0.0144027,0.00509211,-0.0106409,0.0134409,0.274935,0.791304,0.985643,False,False,1.86667e-05,0.000148833
K6-low-r00012,6,low,1.75366,0.721313,2.85894,197.495,16.1401,0.309814,0.741699,0.0893311,trigger_rate,tail,T25_T100,75,8,0.00044375,0.00089375,0.000910431,0.000321886,-0.000317389,0.00120489,1.37859,0.210464,0.811463,False,False,5.91667e-06,1.19167e-05
K6-low-r02027,6,low,2.89624,0.973755,1.26636,137.378,126.589,0.531299,0.972168,0.358276,trigger_rate,tail,T25_T100,75,8,4.375e-05,0.00103125,0.00162886,0.000575887,-0.00131801,0.00140551,0.0759697,0.941569,0.994631,False,False,5.83333e-07,1.375e-05
K6-low-r04112,6,low,1.5437,0.7052,2.62163,32.3584,46.228,0.473291,0.520996,0.322241,trigger_rate,tail,T25_T100,75,8,-0.00066875,0.00801875,0.0108241,0.00382691,-0.00971796,0.00838046,-0.174749,0.866224,0.994631,False,False,-8.91667e-06,0.000106917
K6-low-r06143,6,low,2.16626,0.616577,1.96772,101.567,170.959,0.19292,0.900879,0.39563,trigger_rate,tail,T25_T100,75,8,-0.0019375,0.0036375,0.00589672,0.0020848,-0.00686728,0.00299228,-0.929344,0.38364,0.811463,False,False,-2.58333e-05,4.85e-05
K6-low-r08201,6,low,2.99146,0.28894,1.05278,21.04,41.8481,0.363428,0.848145,0.361353,trigger_rate,tail,T25_T100,75,8,1.875e-05,0.00048125,0.000966931,0.000341862,-0.000789624,0.000827124,0.0548467,0.957793,0.994631,False,False,2.5e-07,6.41667e-06
K6-low-r10228,6,low,1.75122,0.600464,1.46411,171.704,30.4224,0.141943,0.617676,0.1302,trigger_rate,tail,T25_T100,75,8,0,0,0,0,0,0,0,1,1,False,False,0,0
K6-medium-r00000,6,medium,0.503662,1.28528,1.50894,102.495,113.64,0.759814,0.241699,0.314331,trigger_rate,tail,T25_T100,75,8,0.0002875,0.002525,0.0036846,0.0013027,-0.0027929,0.0033679,0.220695,0.831629,0.985643,False,False,3.83333e-06,3.36667e-05
K6-medium-r02040,6,medium,1.33374,1.3175,2.27886,18.6279,53.4644,0.418799,0.35498,0.302026,trigger_rate,tail,T25_T100,75,8,-0.00706875,0.0192188,0.0226022,0.00799108,-0.0259646,0.0118271,-0.88458,0.40574,0.811463,False,False,-9.425e-05,0.00025625
K6-medium-r04088,6,medium,0.918701,1.31213,0.596631,174.858,94.978,0.698291,0.270996,0.389038,trigger_rate,tail,T25_T100,75,8,0.0012875,0.0014375,0.00147594,0.000521823,5.3585e-05,0.00252142,2.46731,0.043002,0.811463,True,False,1.71667e-05,1.91667e-05
K6-medium-r06128,6,medium,1.54126,1.30408,0.984229,54.0674,24.7095,0.86792,0.650879,0.257642,trigger_rate,tail,T25_T100,75,8,0.000525,0.0015,0.00214093,0.000756932,-0.00126486,0.00231486,0.693589,0.510292,0.811463,False,False,7e-06,2e-05
K6-medium-r08179,6,medium,2.05396,1.76599,1.99409,168.55,195.906,0.491748,0.766113,0.381567,trigger_rate,tail,T25_T100,75,8,-0.0083125,0.01835,0.0263812,0.00932717,-0.0303677,0.0137427,-0.891214,0.402407,0.811463,False,False,-0.000110833,0.000244667
K6-medium-r10239,6,medium,2.78638,1.47595,1.64604,178.198,118.972,0.889014,0.48877,0.3552,trigger_rate,tail,T25_T100,75,8,-0.00030625,0.00086875,0.00102624,0.000362831,-0.00116421,0.000551709,-0.844057,0.426538,0.811463,False,False,-4.08333e-06,1.15833e-05
K8-high-r00002,8,high,0.503662,2.09631,1.50894,102.495,113.64,0.759814,0.241699,0.314331,trigger_rate,tail,T25_T100,75,8,-0.0024625,0.0030625,0.00293547,0.00103784,-0.00491661,-8.38849e-06,-2.37271,0.0494091,0.811463,True,False,-3.28333e-05,4.08333e-05
K8-high-r02072,8,high,0.70874,2.53674,1.60386,161.128,102.214,0.193799,0.60498,0.414526,trigger_rate,tail,T25_T100,75,8,-0.0002375,0.008275,0.0115229,0.00407397,-0.0098709,0.0093959,-0.058297,0.955141,0.994631,False,False,-3.16667e-06,0.000110333
K8-high-r04090,8,high,2.1687,2.68713,1.94663,79.8584,192.478,0.248291,0.770996,0.209741,trigger_rate,tail,T25_T100,75,8,0.0107312,0.0518562,0.0588353,0.0208014,-0.0384563,0.0599188,0.51589,0.621821,0.85121,False,False,0.000143083,0.000691417
K8-high-r06159,8,high,0.974854,2.17957,0.617725,170.405,29.4702,0.0821777,0.443848,0.370142,trigger_rate,tail,T25_T100,75,8,-0.000725,0.0221375,0.027344,0.00966757,-0.0235852,0.0221352,-0.074993,0.942318,0.994631,False,False,-9.66667e-06,0.000295167
K8-high-r08178,8,high,1.9563,2.69519,1.39028,92.29,163.723,0.700928,0.223145,0.381567,trigger_rate,tail,T25_T100,75,8,-0.0030625,0.0072375,0.00941722,0.00332949,-0.0109355,0.0048105,-0.91981,0.38827,0.811463,False,False,-4.08333e-05,9.65e-05
K8-high-r10229,8,high,1.53638,2.85095,2.99604,83.1982,21.4722,0.439014,0.98877,0.1302,trigger_rate,tail,T25_T100,75,8,-0.001225,0.0046375,0.00573741,0.00202848,-0.00602159,0.00357159,-0.6039,0.564959,0.828779,False,False,-1.63333e-05,6.18333e-05
K8-low-r00012,8,low,1.75366,0.721313,2.85894,197.495,16.1401,0.309814,0.741699,0.0893311,trigger_rate,tail,T25_T100,75,8,-0.000325,0.000875,0.0011726,0.000414578,-0.00130532,0.000655321,-0.783929,0.458782,0.811463,False,False,-4.33333e-06,1.16667e-05
K8-low-r02027,8,low,2.89624,0.973755,1.26636,137.378,126.589,0.531299,0.972168,0.358276,trigger_rate,tail,T25_T100,75,8,-0.0001,0.0004375,0.00056252,0.000198881,-0.000570278,0.000370278,-0.502814,0.630526,0.85121,False,False,-1.33333e-06,5.83333e-06
K8-low-r04112,8,low,1.5437,0.7052,2.62163,32.3584,46.228,0.473291,0.520996,0.322241,trigger_rate,tail,T25_T100,75,8,0.0021875,0.01495,0.0245382,0.00867557,-0.018327,0.022702,0.252145,0.808172,0.985643,False,False,2.91667e-05,0.000199333
K8-low-r06143,8,low,2.16626,0.616577,1.96772,101.567,170.959,0.19292,0.900879,0.39563,trigger_rate,tail,T25_T100,75,8,-0.00140625,0.00183125,0.00206388,0.000729692,-0.0031317,0.000319196,-1.92718,0.0953166,0.811463,False,False,-1.875e-05,2.44167e-05
K8-low-r08201,8,low,2.99146,0.28894,1.05278,21.04,41.8481,0.363428,0.848145,0.361353,trigger_rate,tail,T25_T100,75,8,0.00049375,0.00050625,0.000914736,0.000323408,-0.000270988,0.00125849,1.52671,0.170669,0.811463,False,False,6.58333e-06,6.75e-06
K8-low-r10228,8,low,1.75122,0.600464,1.46411,171.704,30.4224,0.141943,0.617676,0.1302,trigger_rate,tail,T25_T100,75,8,0,0,0,0,0,0,0,1,1,False,False,0,0
K8-medium-r00000,8,medium,0.503662,1.28528,1.50894,102.495,113.64,0.759814,0.241699,0.314331,trigger_rate,tail,T25_T100,75,8,0.00141875,0.00251875,0.00370376,0.00130948,-0.00167767,0.00451517,1.08345,0.314511,0.811463,False,False,1.89167e-05,3.35833e-05
K8-medium-r02040,8,medium,1.33374,1.3175,2.27886,18.6279,53.4644,0.418799,0.35498,0.302026,trigger_rate,tail,T25_T100,75,8,-0.00215,0.02575,0.0289527,0.0102363,-0.0263551,0.0220551,-0.210036,0.839622,0.985643,False,False,-2.86667e-05,0.000343333
K8-medium-r04088,8,medium,0.918701,1.31213,0.596631,174.858,94.978,0.698291,0.270996,0.389038,trigger_rate,tail,T25_T100,75,8,-0.00015625,0.00036875,0.000473918,0.000167555,-0.000552455,0.000239955,-0.932528,0.382103,0.811463,False,False,-2.08333e-06,4.91667e-06
K8-medium-r06128,8,medium,1.54126,1.30408,0.984229,54.0674,24.7095,0.86792,0.650879,0.257642,trigger_rate,tail,T25_T100,75,8,0.00050625,0.00079375,0.00094621,0.000334536,-0.000284801,0.0012973,1.51329,0.173971,0.811463,False,False,6.75e-06,1.05833e-05
K8-medium-r08179,8,medium,2.05396,1.76599,1.99409,168.55,195.906,0.491748,0.766113,0.381567,trigger_rate,tail,T25_T100,75,8,0.00126875,0.00986875,0.0162838,0.00575718,-0.0123448,0.0148823,0.220377,0.831867,0.985643,False,False,1.69167e-05,0.000131583
K8-medium-r10239,8,medium,2.78638,1.47595,1.64604,178.198,118.972,0.889014,0.48877,0.3552,trigger_rate,tail,T25_T100,75,8,-0.000275,0.0007,0.000926591,0.000327599,-0.00104965,0.00049965,-0.83944,0.428956,0.811463,False,False,-3.66667e-06,9.33333e-06
K9-high-r00002,9,high,0.503662,2.09631,1.50894,102.495,113.64,0.759814,0.241699,0.314331,trigger_rate,tail,T25_T100,75,8,-0.00239375,0.00345625,0.00342172,0.00120976,-0.00525438,0.00046688,-1.9787,0.0883513,0.811463,False,False,-3.19167e-05,4.60833e-05
K9-high-r02072,9,high,0.70874,2.53674,1.60386,161.128,102.214,0.193799,0.60498,0.414526,trigger_rate,tail,T25_T100,75,8,0.0053125,0.0092875,0.0103028,0.00364258,-0.00330083,0.0139258,1.45845,0.188079,0.811463,False,False,7.08333e-05,0.000123833
K9-high-r04090,9,high,2.1687,2.68713,1.94663,79.8584,192.478,0.248291,0.770996,0.209741,trigger_rate,tail,T25_T100,75,8,-0.0252438,0.0409063,0.047893,0.0169327,-0.0652833,0.0147958,-1.49082,0.179629,0.811463,False,False,-0.000336583,0.000545417
K9-high-r06159,9,high,0.974854,2.17957,0.617725,170.405,29.4702,0.0821777,0.443848,0.370142,trigger_rate,tail,T25_T100,75,8,0.00963125,0.0209812,0.0244729,0.00865247,-0.0108286,0.0300911,1.11312,0.302415,0.811463,False,False,0.000128417,0.00027975
K9-high-r08178,9,high,1.9563,2.69519,1.39028,92.29,163.723,0.700928,0.223145,0.381567,trigger_rate,tail,T25_T100,75,8,0.00300625,0.00810625,0.0116956,0.00413501,-0.0067715,0.012784,0.727023,0.490805,0.811463,False,False,4.00833e-05,0.000108083
K9-high-r10229,9,high,1.53638,2.85095,2.99604,83.1982,21.4722,0.439014,0.98877,0.1302,trigger_rate,tail,T25_T100,75,8,-0.00215,0.00965,0.0134574,0.00475792,-0.0134007,0.00910068,-0.451878,0.665026,0.875887,False,False,-2.86667e-05,0.000128667
K9-low-r00012,9,low,1.75366,0.721313,2.85894,197.495,16.1401,0.309814,0.741699,0.0893311,trigger_rate,tail,T25_T100,75,8,-0.0001125,0.000325,0.000420671,0.00014873,-0.00046419,0.00023919,-0.756406,0.474089,0.811463,False,False,-1.5e-06,4.33333e-06
K9-low-r02027,9,low,2.89624,0.973755,1.26636,137.378,126.589,0.531299,0.972168,0.358276,trigger_rate,tail,T25_T100,75,8,0.00044375,0.00079375,0.00103041,0.000364304,-0.000417693,0.00130519,1.21808,0.262654,0.811463,False,False,5.91667e-06,1.05833e-05
K9-low-r04112,9,low,1.5437,0.7052,2.62163,32.3584,46.228,0.473291,0.520996,0.322241,trigger_rate,tail,T25_T100,75,8,-0.00259375,0.00815625,0.012756,0.00450992,-0.013258,0.00807053,-0.575121,0.583215,0.828779,False,False,-3.45833e-05,0.00010875
K9-low-r06143,9,low,2.16626,0.616577,1.96772,101.567,170.959,0.19292,0.900879,0.39563,trigger_rate,tail,T25_T100,75,8,0.001275,0.0023125,0.00321014,0.00113496,-0.00140874,0.00395874,1.12339,0.298317,0.811463,False,False,1.7e-05,3.08333e-05
K9-low-r08201,9,low,2.99146,0.28894,1.05278,21.04,41.8481,0.363428,0.848145,0.361353,trigger_rate,tail,T25_T100,75,8,0.00185,0.00315,0.00365386,0.00129184,-0.00120471,0.00490471,1.43207,0.195225,0.811463,False,False,2.46667e-05,4.2e-05
K9-low-r10228,9,low,1.75122,0.600464,1.46411,171.704,30.4224,0.141943,0.617676,0.1302,trigger_rate,tail,T25_T100,75,8,-0.00021875,0.00060625,0.000837913,0.000296247,-0.000919263,0.000481763,-0.738404,0.484284,0.811463,False,False,-2.91667e-06,8.08333e-06
K9-medium-r00000,9,medium,0.503662,1.28528,1.50894,102.495,113.64,0.759814,0.241699,0.314331,trigger_rate,tail,T25_T100,75,8,-0.0018875,0.0053625,0.00700289,0.0024759,-0.00774207,0.00396707,-0.76235,0.470754,0.811463,False,False,-2.51667e-05,7.15e-05
K9-medium-r02040,9,medium,1.33374,1.3175,2.27886,18.6279,53.4644,0.418799,0.35498,0.302026,trigger_rate,tail,T25_T100,75,8,0.0109187,0.0340188,0.0374652,0.0132459,-0.0204029,0.0422404,0.824309,0.436946,0.811463,False,False,0.000145583,0.000453583
K9-medium-r04088,9,medium,0.918701,1.31213,0.596631,174.858,94.978,0.698291,0.270996,0.389038,trigger_rate,tail,T25_T100,75,8,0.00058125,0.00078125,0.000844705,0.000298648,-0.000124941,0.00128744,1.94627,0.0926755,0.811463,False,False,7.75e-06,1.04167e-05
K9-medium-r06128,9,medium,1.54126,1.30408,0.984229,54.0674,24.7095,0.86792,0.650879,0.257642,trigger_rate,tail,T25_T100,75,8,-3.75e-05,0.000875,0.00106058,0.00037497,-0.000924164,0.000849164,-0.100008,0.923142,0.994631,False,False,-5e-07,1.16667e-05
K9-medium-r08179,9,medium,2.05396,1.76599,1.99409,168.55,195.906,0.491748,0.766113,0.381567,trigger_rate,tail,T25_T100,75,8,-0.00271875,0.00858125,0.011104,0.00392585,-0.0120019,0.00656442,-0.692525,0.510921,0.811463,False,False,-3.625e-05,0.000114417
K9-medium-r10239,9,medium,2.78638,1.47595,1.64604,178.198,118.972,0.889014,0.48877,0.3552,trigger_rate,tail,T25_T100,75,8,-0.00016875,0.00056875,0.000798184,0.000282201,-0.000836049,0.000498549,-0.597979,0.568688,0.828779,False,False,-2.25e-06,7.58333e-06
K6-high-r00002,6,high,0.503662,2.09631,1.50894,102.495,113.64,0.759814,0.241699,0.314331,trigger_rate,tail,T25_T50,25,8,-0.00039375,0.00103125,0.00110887,0.000392046,-0.00132079,0.000533291,-1.00435,0.348659,0.90067,False,False,-1.575e-05,4.125e-05
K6-high-r02072,6,high,0.70874,2.53674,1.60386,161.128,102.214,0.193799,0.60498,0.414526,trigger_rate,tail,T25_T50,25,8,-0.00151875,0.0110813,0.013668,0.00483237,-0.0129455,0.00990798,-0.314287,0.762463,0.926485,False,False,-6.075e-05,0.00044325
K6-high-r04090,6,high,2.1687,2.68713,1.94663,79.8584,192.478,0.248291,0.770996,0.209741,trigger_rate,tail,T25_T50,25,8,0.0241563,0.0336938,0.0434499,0.0153618,-0.0121687,0.0604812,1.57248,0.159835,0.866748,False,False,0.00096625,0.00134775
K6-high-r06159,6,high,0.974854,2.17957,0.617725,170.405,29.4702,0.0821777,0.443848,0.370142,trigger_rate,tail,T25_T50,25,8,0.011625,0.0168125,0.0185578,0.00656119,-0.00388975,0.0271397,1.77178,0.119724,0.858273,False,False,0.000465,0.0006725
K6-high-r08178,6,high,1.9563,2.69519,1.39028,92.29,163.723,0.700928,0.223145,0.381567,trigger_rate,tail,T25_T50,25,8,-0.00218125,0.00733125,0.00855474,0.00302456,-0.00933319,0.00497069,-0.72118,0.494175,0.90067,False,False,-8.725e-05,0.00029325
K6-high-r10229,6,high,1.53638,2.85095,2.99604,83.1982,21.4722,0.439014,0.98877,0.1302,trigger_rate,tail,T25_T50,25,8,0.000325,0.0090375,0.0101901,0.00360275,-0.00819415,0.00884415,0.0902088,0.930648,0.989266,False,False,1.3e-05,0.0003615
K6-low-r00012,6,low,1.75366,0.721313,2.85894,197.495,16.1401,0.309814,0.741699,0.0893311,trigger_rate,tail,T25_T50,25,8,-0.000125,0.0007125,0.000895624,0.000316651,-0.000873761,0.000623761,-0.394756,0.704775,0.926485,False,False,-5e-06,2.85e-05
K6-low-r02027,6,low,2.89624,0.973755,1.26636,137.378,126.589,0.531299,0.972168,0.358276,trigger_rate,tail,T25_T50,25,8,-0.0004875,0.00055,0.00101445,0.000358662,-0.0013356,0.000360601,-1.35922,0.21624,0.866748,False,False,-1.95e-05,2.2e-05
K6-low-r04112,6,low,1.5437,0.7052,2.62163,32.3584,46.228,0.473291,0.520996,0.322241,trigger_rate,tail,T25_T50,25,8,0.00389375,0.00728125,0.00824853,0.00291629,-0.00300219,0.0107897,1.33517,0.223604,0.866748,False,False,0.00015575,0.00029125
K6-low-r06143,6,low,2.16626,0.616577,1.96772,101.567,170.959,0.19292,0.900879,0.39563,trigger_rate,tail,T25_T50,25,8,-0.0016125,0.002625,0.00432441,0.00152891,-0.0052278,0.0020028,-1.05467,0.326611,0.90067,False,False,-6.45e-05,0.000105
K6-low-r08201,6,low,2.99146,0.28894,1.05278,21.04,41.8481,0.363428,0.848145,0.361353,trigger_rate,tail,T25_T50,25,8,0.00026875,0.00073125,0.00160645,0.000567965,-0.00107427,0.00161177,0.473181,0.650484,0.90067,False,False,1.075e-05,2.925e-05
K6-low-r10228,6,low,1.75122,0.600464,1.46411,171.704,30.4224,0.141943,0.617676,0.1302,trigger_rate,tail,T25_T50,25,8,0,0,0,0,0,0,0,1,1,False,False,0,0
K6-medium-r00000,6,medium,0.503662,1.28528,1.50894,102.495,113.64,0.759814,0.241699,0.314331,trigger_rate,tail,T25_T50,25,8,0.00116875,0.00189375,0.0024825,0.000877697,-0.000906673,0.00324417,1.33161,0.224713,0.866748,False,False,4.675e-05,7.575e-05
K6-medium-r02040,6,medium,1.33374,1.3175,2.27886,18.6279,53.4644,0.418799,0.35498,0.302026,trigger_rate,tail,T25_T50,25,8,-0.00779375,0.0194437,0.0221124,0.0078179,-0.0262802,0.0106927,-0.996911,0.352013,0.90067,False,False,-0.00031175,0.00077775
K6-medium-r04088,6,medium,0.918701,1.31213,0.596631,174.858,94.978,0.698291,0.270996,0.389038,trigger_rate,tail,T25_T50,25,8,0.00035625,0.00164375,0.00211347,0.000747223,-0.00141065,0.00212315,0.476765,0.648053,0.90067,False,False,1.425e-05,6.575e-05
K6-medium-r06128,6,medium,1.54126,1.30408,0.984229,54.0674,24.7095,0.86792,0.650879,0.257642,trigger_rate,tail,T25_T50,25,8,-0.00045625,0.00146875,0.00178274,0.000630295,-0.00194666,0.00103416,-0.723868,0.492623,0.90067,False,False,-1.825e-05,5.875e-05
K6-medium-r08179,6,medium,2.05396,1.76599,1.99409,168.55,195.906,0.491748,0.766113,0.381567,trigger_rate,tail,T25_T50,25,8,0.00166875,0.0106687,0.0145192,0.00513332,-0.0104696,0.0138071,0.325082,0.754619,0.926485,False,False,6.675e-05,0.00042675
K6-medium-r10239,6,medium,2.78638,1.47595,1.64604,178.198,118.972,0.889014,0.48877,0.3552,trigger_rate,tail,T25_T50,25,8,-0.00045625,0.00120625,0.00138472,0.000489573,-0.00161391,0.000701407,-0.931934,0.382389,0.90067,False,False,-1.825e-05,4.825e-05
K8-high-r00002,8,high,0.503662,2.09631,1.50894,102.495,113.64,0.759814,0.241699,0.314331,trigger_rate,tail,T25_T50,25,8,-0.0012125,0.0031375,0.00401522,0.00141959,-0.00456931,0.00214431,-0.854118,0.421305,0.90067,False,False,-4.85e-05,0.0001255
K8-high-r02072,8,high,0.70874,2.53674,1.60386,161.128,102.214,0.193799,0.60498,0.414526,trigger_rate,tail,T25_T50,25,8,0.0011625,0.0038125,0.00527167,0.00186382,-0.00324473,0.00556973,0.62372,0.552586,0.90067,False,False,4.65e-05,0.0001525
K8-high-r04090,8,high,2.1687,2.68713,1.94663,79.8584,192.478,0.248291,0.770996,0.209741,trigger_rate,tail,T25_T50,25,8,-0.00535625,0.0439313,0.0545443,0.0192843,-0.0509564,0.0402439,-0.277751,0.789228,0.926485,False,False,-0.00021425,0.00175725
K8-high-r06159,8,high,0.974854,2.17957,0.617725,170.405,29.4702,0.0821777,0.443848,0.370142,trigger_rate,tail,T25_T50,25,8,-0.00105,0.013425,0.01841,0.00650892,-0.0164411,0.0143411,-0.161317,0.876401,0.985951,False,False,-4.2e-05,0.000537
K8-high-r08178,8,high,1.9563,2.69519,1.39028,92.29,163.723,0.700928,0.223145,0.381567,trigger_rate,tail,T25_T50,25,8,0.00306875,0.00580625,0.00629569,0.00222586,-0.00219458,0.00833208,1.37868,0.210439,0.866748,False,False,0.00012275,0.00023225
K8-high-r10229,8,high,1.53638,2.85095,2.99604,83.1982,21.4722,0.439014,0.98877,0.1302,trigger_rate,tail,T25_T50,25,8,-0.00279375,0.00663125,0.00933555,0.00330061,-0.0105985,0.00501096,-0.846433,0.425298,0.90067,False,False,-0.00011175,0.00026525
K8-low-r00012,8,low,1.75366,0.721313,2.85894,197.495,16.1401,0.309814,0.741699,0.0893311,trigger_rate,tail,T25_T50,25,8,-0.00029375,0.00120625,0.00148959,0.00052665,-0.00153908,0.00095158,-0.557771,0.594381,0.90067,False,False,-1.175e-05,4.825e-05
K8-low-r02027,8,low,2.89624,0.973755,1.26636,137.378,126.589,0.531299,0.972168,0.358276,trigger_rate,tail,T25_T50,25,8,-8.75e-05,0.0003125,0.000389826,0.000137824,-0.000413403,0.000238403,-0.634866,0.545699,0.90067,False,False,-3.5e-06,1.25e-05
K8-low-r04112,8,low,1.5437,0.7052,2.62163,32.3584,46.228,0.473291,0.520996,0.322241,trigger_rate,tail,T25_T50,25,8,-0.00269375,0.0105188,0.0176598,0.00624369,-0.0174577,0.0120702,-0.431436,0.679127,0.916822,False,False,-0.00010775,0.00042075
K8-low-r06143,8,low,2.16626,0.616577,1.96772,101.567,170.959,0.19292,0.900879,0.39563,trigger_rate,tail,T25_T50,25,8,-0.00011875,0.00226875,0.00340472,0.00120375,-0.00296516,0.00272766,-0.0986501,0.924182,0.989266,False,False,-4.75e-06,9.075e-05
K8-low-r08201,8,low,2.99146,0.28894,1.05278,21.04,41.8481,0.363428,0.848145,0.361353,trigger_rate,tail,T25_T50,25,8,0.00033125,0.00079375,0.00116095,0.000410459,-0.000639331,0.00130183,0.807023,0.446203,0.90067,False,False,1.325e-05,3.175e-05
K8-low-r10228,8,low,1.75122,0.600464,1.46411,171.704,30.4224,0.141943,0.617676,0.1302,trigger_rate,tail,T25_T50,25,8,0,0,0,0,0,0,0,1,1,False,False,0,0
K8-medium-r00000,8,medium,0.503662,1.28528,1.50894,102.495,113.64,0.759814,0.241699,0.314331,trigger_rate,tail,T25_T50,25,8,0.00155,0.0039875,0.0049051,0.00173421,-0.00255077,0.00565077,0.893776,0.401125,0.90067,False,False,6.2e-05,0.0001595
K8-medium-r02040,8,medium,1.33374,1.3175,2.27886,18.6279,53.4644,0.418799,0.35498,0.302026,trigger_rate,tail,T25_T50,25,8,0.0003125,0.0231375,0.0311749,0.011022,-0.0257503,0.0263753,0.0283524,0.978172,1,False,False,1.25e-05,0.0009255
K8-medium-r04088,8,medium,0.918701,1.31213,0.596631,174.858,94.978,0.698291,0.270996,0.389038,trigger_rate,tail,T25_T50,25,8,-3.125e-05,0.00021875,0.000277666,9.81696e-05,-0.000263384,0.000200884,-0.318327,0.759524,0.926485,False,False,-1.25e-06,8.75e-06
K8-medium-r06128,8,medium,1.54126,1.30408,0.984229,54.0674,24.7095,0.86792,0.650879,0.257642,trigger_rate,tail,T25_T50,25,8,0.00011875,0.00053125,0.000692788,0.000244938,-0.000460435,0.000697935,0.484817,0.642609,0.90067,False,False,4.75e-06,2.125e-05
K8-medium-r08179,8,medium,2.05396,1.76599,1.99409,168.55,195.906,0.491748,0.766113,0.381567,trigger_rate,tail,T25_T50,25,8,0.00263125,0.00853125,0.0128483,0.00454255,-0.00811017,0.0133727,0.579246,0.580577,0.90067,False,False,0.00010525,0.00034125
K8-medium-r10239,8,medium,2.78638,1.47595,1.64604,178.198,118.972,0.889014,0.48877,0.3552,trigger_rate,tail,T25_T50,25,8,-0.000575,0.0008875,0.00093694,0.000331258,-0.0013583,0.000208302,-1.7358,0.126178,0.858273,False,False,-2.3e-05,3.55e-05
K9-high-r00002,9,high,0.503662,2.09631,1.50894,102.495,113.64,0.759814,0.241699,0.314331,trigger_rate,tail,T25_T50,25,8,-0.00098125,0.00298125,0.00400793,0.00141702,-0.00433197,0.00236947,-0.692475,0.51095,0.90067,False,False,-3.925e-05,0.00011925
K9-high-r02072,9,high,0.70874,2.53674,1.60386,161.128,102.214,0.193799,0.60498,0.414526,trigger_rate,tail,T25_T50,25,8,0.00775,0.0109375,0.0109208,0.00386108,-0.00138001,0.01688,2.00721,0.0847137,0.858273,False,False,0.00031,0.0004375
K9-high-r04090,9,high,2.1687,2.68713,1.94663,79.8584,192.478,0.248291,0.770996,0.209741,trigger_rate,tail,T25_T50,25,8,-0.0304437,0.0420063,0.0571685,0.0202121,-0.0782378,0.0173503,-1.50621,0.175736,0.866748,False,False,-0.00121775,0.00168025
K9-high-r06159,9,high,0.974854,2.17957,0.617725,170.405,29.4702,0.0821777,0.443848,0.370142,trigger_rate,tail,T25_T50,25,8,0.0176687,0.0222312,0.0166495,0.00588648,0.00374944,0.0315881,3.00158,0.0198975,0.816314,True,False,0.00070675,0.00088925
K9-high-r08178,9,high,1.9563,2.69519,1.39028,92.29,163.723,0.700928,0.223145,0.381567,trigger_rate,tail,T25_T50,25,8,-0.0028,0.0062625,0.00734283,0.00259608,-0.00893876,0.00333876,-1.07855,0.316546,0.90067,False,False,-0.000112,0.0002505
K9-high-r10229,9,high,1.53638,2.85095,2.99604,83.1982,21.4722,0.439014,0.98877,0.1302,trigger_rate,tail,T25_T50,25,8,0.0022625,0.0043875,0.00650773,0.00230083,-0.0031781,0.0077031,0.983341,0.358198,0.90067,False,False,9.05e-05,0.0001755
K9-low-r00012,9,low,1.75366,0.721313,2.85894,197.495,16.1401,0.309814,0.741699,0.0893311,trigger_rate,tail,T25_T50,25,8,-0.000575,0.0007875,0.000787854,0.000278549,-0.00123366,8.36626e-05,-2.06427,0.0778724,0.858273,False,False,-2.3e-05,3.15e-05
K9-low-r02027,9,low,2.89624,0.973755,1.26636,137.378,126.589,0.531299,0.972168,0.358276,trigger_rate,tail,T25_T50,25,8,0.00015625,0.00061875,0.00077618,0.000274421,-0.000492653,0.000805153,0.56938,0.586896,0.90067,False,False,6.25e-06,2.475e-05
K9-low-r04112,9,low,1.5437,0.7052,2.62163,32.3584,46.228,0.473291,0.520996,0.322241,trigger_rate,tail,T25_T50,25,8,0.0044625,0.005825,0.00519194,0.00183563,0.000121929,0.00880307,2.43105,0.0453508,0.816314,True,False,0.0001785,0.000233
K9-low-r06143,9,low,2.16626,0.616577,1.96772,101.567,170.959,0.19292,0.900879,0.39563,trigger_rate,tail,T25_T50,25,8,-0.00224375,0.00426875,0.00514354,0.00181852,-0.00654386,0.00205636,-1.23384,0.25708,0.90067,False,False,-8.975e-05,0.00017075
K9-low-r08201,9,low,2.99146,0.28894,1.05278,21.04,41.8481,0.363428,0.848145,0.361353,trigger_rate,tail,T25_T50,25,8,-0.00066875,0.00283125,0.00354441,0.00125314,-0.00363195,0.00229445,-0.533661,0.610095,0.90067,False,False,-2.675e-05,0.00011325
K9-low-r10228,9,low,1.75122,0.600464,1.46411,171.704,30.4224,0.141943,0.617676,0.1302,trigger_rate,tail,T25_T50,25,8,-2.5e-05,0.0005625,0.000827647,0.000292617,-0.00071693,0.00066693,-0.0854358,0.934307,0.989266,False,False,-1e-06,2.25e-05
K9-medium-r00000,9,medium,0.503662,1.28528,1.50894,102.495,113.64,0.759814,0.241699,0.314331,trigger_rate,tail,T25_T50,25,8,0.0006875,0.002525,0.00318935,0.00112761,-0.00197886,0.00335386,0.609699,0.561322,0.90067,False,False,2.75e-05,0.000101
K9-medium-r02040,9,medium,1.33374,1.3175,2.27886,18.6279,53.4644,0.418799,0.35498,0.302026,trigger_rate,tail,T25_T50,25,8,0.0208937,0.0235438,0.0222545,0.00786817,0.00228849,0.039499,2.65548,0.0326808,0.816314,True,False,0.00083575,0.00094175
K9-medium-r04088,9,medium,0.918701,1.31213,0.596631,174.858,94.978,0.698291,0.270996,0.389038,trigger_rate,tail,T25_T50,25,8,-6.875e-05,0.00088125,0.00106232,0.000375587,-0.000956873,0.000819373,-0.183047,0.85995,0.985951,False,False,-2.75e-06,3.525e-05
K9-medium-r06128,9,medium,1.54126,1.30408,0.984229,54.0674,24.7095,0.86792,0.650879,0.257642,trigger_rate,tail,T25_T50,25,8,-0.0003625,0.000875,0.00127581,0.000451065,-0.0014291,0.0007041,-0.803653,0.448023,0.90067,False,False,-1.45e-05,3.5e-05
K9-medium-r08179,9,medium,2.05396,1.76599,1.99409,168.55,195.906,0.491748,0.766113,0.381567,trigger_rate,tail,T25_T50,25,8,-0.0009,0.0065625,0.0087327,0.00308747,-0.00820072,0.00640072,-0.2915,0.779117,0.926485,False,False,-3.6e-05,0.0002625
K9-medium-r10239,9,medium,2.78638,1.47595,1.64604,178.198,118.972,0.889014,0.48877,0.3552,trigger_rate,tail,T25_T50,25,8,-0.00044375,0.00064375,0.000725277,0.000256424,-0.0010501,0.000162597,-1.73053,0.127152,0.858273,False,False,-1.775e-05,2.575e-05
K6-high-r00002,6,high,0.503662,2.09631,1.50894,102.495,113.64,0.759814,0.241699,0.314331,trigger_rate,tail,T50_T100,50,8,0.00083125,0.00121875,0.00113922,0.000402774,-0.000121158,0.00178366,2.06381,0.0779251,0.690378,False,False,1.6625e-05,2.4375e-05
K6-high-r02072,6,high,0.70874,2.53674,1.60386,161.128,102.214,0.193799,0.60498,0.414526,trigger_rate,tail,T50_T100,50,8,0.0054,0.0084875,0.00849786,0.00300445,-0.00170439,0.0125044,1.79734,0.115333,0.690378,False,False,0.000108,0.00016975
K6-high-r04090,6,high,2.1687,2.68713,1.94663,79.8584,192.478,0.248291,0.770996,0.209741,trigger_rate,tail,T50_T100,50,8,0.0168562,0.0249687,0.0253256,0.00895394,-0.00431646,0.038029,1.88255,0.101784,0.690378,False,False,0.000337125,0.000499375
K6-high-r06159,6,high,0.974854,2.17957,0.617725,170.405,29.4702,0.0821777,0.443848,0.370142,trigger_rate,tail,T50_T100,50,8,-0.00898125,0.0144938,0.0188255,0.00665582,-0.0247198,0.00675727,-1.34938,0.219226,0.690378,False,False,-0.000179625,0.000289875
K6-high-r08178,6,high,1.9563,2.69519,1.39028,92.29,163.723,0.700928,0.223145,0.381567,trigger_rate,tail,T50_T100,50,8,0.005275,0.0131875,0.0142833,0.00504989,-0.0066661,0.0172161,1.04458,0.330944,0.690378,False,False,0.0001055,0.00026375
K6-high-r10229,6,high,1.53638,2.85095,2.99604,83.1982,21.4722,0.439014,0.98877,0.1302,trigger_rate,tail,T50_T100,50,8,0.001075,0.0075875,0.0104176,0.00368319,-0.00763436,0.00978436,0.291867,0.778849,0.916263,False,False,2.15e-05,0.00015175
K6-low-r00012,6,low,1.75366,0.721313,2.85894,197.495,16.1401,0.309814,0.741699,0.0893311,trigger_rate,tail,T50_T100,50,8,0.00056875,0.00071875,0.000842588,0.0002979,-0.000135672,0.00127317,1.9092,0.097873,0.690378,False,False,1.1375e-05,1.4375e-05
K6-low-r02027,6,low,2.89624,0.973755,1.26636,137.378,126.589,0.531299,0.972168,0.358276,trigger_rate,tail,T50_T100,50,8,0.00053125,0.00151875,0.00232194,0.000820928,-0.00140994,0.00247244,0.647133,0.53818,0.792194,False,False,1.0625e-05,3.0375e-05
K6-low-r04112,6,low,1.5437,0.7052,2.62163,32.3584,46.228,0.473291,0.520996,0.322241,trigger_rate,tail,T50_T100,50,8,-0.0045625,0.0098625,0.014854,0.00525168,-0.0169808,0.00785575,-0.868769,0.413765,0.698229,False,False,-9.125e-05,0.00019725
K6-low-r06143,6,low,2.16626,0.616577,1.96772,101.567,170.959,0.19292,0.900879,0.39563,trigger_rate,tail,T50_T100,50,8,-0.000325,0.0022875,0.0034485,0.00121923,-0.00320802,0.00255802,-0.266562,0.797488,0.916263,False,False,-6.5e-06,4.575e-05
K6-low-r08201,6,low,2.99146,0.28894,1.05278,21.04,41.8481,0.363428,0.848145,0.361353,trigger_rate,tail,T50_T100,50,8,-0.00025,0.0003125,0.000774135,0.000273698,-0.000897193,0.000397193,-0.913415,0.391399,0.698229,False,False,-5e-06,6.25e-06
K6-low-r10228,6,low,1.75122,0.600464,1.46411,171.704,30.4224,0.141943,0.617676,0.1302,trigger_rate,tail,T50_T100,50,8,0,0,0,0,0,0,0,1,1,False,False,0,0
K6-medium-r00000,6,medium,0.503662,1.28528,1.50894,102.495,113.64,0.759814,0.241699,0.314331,trigger_rate,tail,T50_T100,50,8,-0.00088125,0.00256875,0.00383387,0.00135548,-0.00408644,0.00232394,-0.65014,0.536347,0.792194,False,False,-1.7625e-05,5.1375e-05
K6-medium-r02040,6,medium,1.33374,1.3175,2.27886,18.6279,53.4644,0.418799,0.35498,0.302026,trigger_rate,tail,T50_T100,50,8,0.000725,0.0218875,0.0299542,0.0105904,-0.0243173,0.0257673,0.0684583,0.947335,1,False,False,1.45e-05,0.00043775
K6-medium-r04088,6,medium,0.918701,1.31213,0.596631,174.858,94.978,0.698291,0.270996,0.389038,trigger_rate,tail,T50_T100,50,8,0.00093125,0.00171875,0.00197248,0.000697376,-0.000717783,0.00258028,1.33536,0.223544,0.690378,False,False,1.8625e-05,3.4375e-05
K6-medium-r06128,6,medium,1.54126,1.30408,0.984229,54.0674,24.7095,0.86792,0.650879,0.257642,trigger_rate,tail,T50_T100,50,8,0.00098125,0.00118125,0.00154595,0.000546575,-0.000311195,0.00227369,1.79527,0.115682,0.690378,False,False,1.9625e-05,2.3625e-05
K6-medium-r08179,6,medium,2.05396,1.76599,1.99409,168.55,195.906,0.491748,0.766113,0.381567,trigger_rate,tail,T50_T100,50,8,-0.00998125,0.0201563,0.0271196,0.00958823,-0.0326538,0.0126913,-1.04099,0.332494,0.690378,False,False,-0.000199625,0.000403125
K6-medium-r10239,6,medium,2.78638,1.47595,1.64604,178.198,118.972,0.889014,0.48877,0.3552,trigger_rate,tail,T50_T100,50,8,0.00015,0.0009125,0.00109316,0.000386491,-0.000763905,0.00106391,0.388108,0.709469,0.909005,False,False,3e-06,1.825e-05
K8-high-r00002,8,high,0.503662,2.09631,1.50894,102.495,113.64,0.759814,0.241699,0.314331,trigger_rate,tail,T50_T100,50,8,-0.00125,0.0033375,0.00401942,0.00142108,-0.00461032,0.00211032,-0.879614,0.408249,0.698229,False,False,-2.5e-05,6.675e-05
K8-high-r02072,8,high,0.70874,2.53674,1.60386,161.128,102.214,0.193799,0.60498,0.414526,trigger_rate,tail,T50_T100,50,8,-0.0014,0.0084375,0.0107639,0.00380562,-0.0103989,0.00759887,-0.367877,0.723837,0.909005,False,False,-2.8e-05,0.00016875
K8-high-r04090,8,high,2.1687,2.68713,1.94663,79.8584,192.478,0.248291,0.770996,0.209741,trigger_rate,tail,T50_T100,50,8,0.0160875,0.02865,0.0346393,0.0122469,-0.0128717,0.0450467,1.3136,0.230394,0.690378,False,False,0.00032175,0.000573
K8-high-r06159,8,high,0.974854,2.17957,0.617725,170.405,29.4702,0.0821777,0.443848,0.370142,trigger_rate,tail,T50_T100,50,8,0.000325,0.020925,0.0294778,0.010422,-0.024319,0.024969,0.0311842,0.975993,1,False,False,6.5e-06,0.0004185
K8-high-r08178,8,high,1.9563,2.69519,1.39028,92.29,163.723,0.700928,0.223145,0.381567,trigger_rate,tail,T50_T100,50,8,-0.00613125,0.00885625,0.00998921,0.00353172,-0.0144824,0.00221994,-1.73605,0.126132,0.690378,False,False,-0.000122625,0.000177125
K8-high-r10229,8,high,1.53638,2.85095,2.99604,83.1982,21.4722,0.439014,0.98877,0.1302,trigger_rate,tail,T50_T100,50,8,0.00156875,0.00554375,0.00693747,0.00245277,-0.00423112,0.00736862,0.639584,0.5428,0.792194,False,False,3.1375e-05,0.000110875
K8-low-r00012,8,low,1.75366,0.721313,2.85894,197.495,16.1401,0.309814,0.741699,0.0893311,trigger_rate,tail,T50_T100,50,8,-3.125e-05,0.00044375,0.00075116,0.000265575,-0.000659235,0.000596735,-0.117669,0.909635,1,False,False,-6.25e-07,8.875e-06
K8-low-r02027,8,low,2.89624,0.973755,1.26636,137.378,126.589,0.531299,0.972168,0.358276,trigger_rate,tail,T50_T100,50,8,-1.25e-05,0.0002,0.000306769,0.000108459,-0.000268965,0.000243965,-0.115251,0.911483,1,False,False,-2.5e-07,4e-06
K8-low-r04112,8,low,1.5437,0.7052,2.62163,32.3584,46.228,0.473291,0.520996,0.322241,trigger_rate,tail,T50_T100,50,8,0.00488125,0.00680625,0.0106551,0.00376716,-0.00402667,0.0137892,1.29574,0.236154,0.690378,False,False,9.7625e-05,0.000136125
K8-low-r06143,8,low,2.16626,0.616577,1.96772,101.567,170.959,0.19292,0.900879,0.39563,trigger_rate,tail,T50_T100,50,8,-0.0012875,0.003175,0.00343987,0.00121618,-0.0041633,0.0015883,-1.05865,0.324919,0.690378,False,False,-2.575e-05,6.35e-05
K8-low-r08201,8,low,2.99146,0.28894,1.05278,21.04,41.8481,0.363428,0.848145,0.361353,trigger_rate,tail,T50_T100,50,8,0.0001625,0.000475,0.000844203,0.000298471,-0.000543271,0.000868271,0.544442,0.60304,0.834979,False,False,3.25e-06,9.5e-06
K8-low-r10228,8,low,1.75122,0.600464,1.46411,171.704,30.4224,0.141943,0.617676,0.1302,trigger_rate,tail,T50_T100,50,8,0,0,0,0,0,0,0,1,1,False,False,0,0
K8-medium-r00000,8,medium,0.503662,1.28528,1.50894,102.495,113.64,0.759814,0.241699,0.314331,trigger_rate,tail,T50_T100,50,8,-0.00013125,0.00415625,0.00608064,0.00214983,-0.0052148,0.0049523,-0.0610513,0.953025,1,False,False,-2.625e-06,8.3125e-05
K8-medium-r02040,8,medium,1.33374,1.3175,2.27886,18.6279,53.4644,0.418799,0.35498,0.302026,trigger_rate,tail,T50_T100,50,8,-0.0024625,0.0177,0.0229529,0.00811508,-0.0216516,0.0167266,-0.303447,0.770369,0.916263,False,False,-4.925e-05,0.000354
K8-medium-r04088,8,medium,0.918701,1.31213,0.596631,174.858,94.978,0.698291,0.270996,0.389038,trigger_rate,tail,T50_T100,50,8,-0.000125,0.0005,0.000627353,0.000221803,-0.00064948,0.00039948,-0.563564,0.590639,0.834979,False,False,-2.5e-06,1e-05
K8-medium-r06128,8,medium,1.54126,1.30408,0.984229,54.0674,24.7095,0.86792,0.650879,0.257642,trigger_rate,tail,T50_T100,50,8,0.0003875,0.00105,0.00133437,0.00047177,-0.000728059,0.00150306,0.821375,0.438508,0.717559,False,False,7.75e-06,2.1e-05
K8-medium-r08179,8,medium,2.05396,1.76599,1.99409,168.55,195.906,0.491748,0.766113,0.381567,trigger_rate,tail,T50_T100,50,8,-0.0013625,0.0079,0.0097694,0.00345401,-0.00952993,0.00680493,-0.39447,0.704977,0.909005,False,False,-2.725e-05,0.000158
K8-medium-r10239,8,medium,2.78638,1.47595,1.64604,178.198,118.972,0.889014,0.48877,0.3552,trigger_rate,tail,T50_T100,50,8,0.0003,0.000875,0.00114767,0.000405762,-0.000659475,0.00125947,0.73935,0.483745,0.768301,False,False,6e-06,1.75e-05
K9-high-r00002,9,high,0.503662,2.09631,1.50894,102.495,113.64,0.759814,0.241699,0.314331,trigger_rate,tail,T50_T100,50,8,-0.0014125,0.003125,0.00354721,0.00125413,-0.00437804,0.00155304,-1.12628,0.297172,0.690378,False,False,-2.825e-05,6.25e-05
K9-high-r02072,9,high,0.70874,2.53674,1.60386,161.128,102.214,0.193799,0.60498,0.414526,trigger_rate,tail,T50_T100,50,8,-0.0024375,0.0063125,0.0072042,0.00254707,-0.00846036,0.00358536,-0.956982,0.370452,0.698229,False,False,-4.875e-05,0.00012625
K9-high-r04090,9,high,2.1687,2.68713,1.94663,79.8584,192.478,0.248291,0.770996,0.209741,trigger_rate,tail,T50_T100,50,8,0.0052,0.0388875,0.0536123,0.0189548,-0.039621,0.050021,0.274337,0.791745,0.916263,False,False,0.000104,0.00077775
K9-high-r06159,9,high,0.974854,2.17957,0.617725,170.405,29.4702,0.0821777,0.443848,0.370142,trigger_rate,tail,T50_T100,50,8,-0.0080375,0.014725,0.0182632,0.006457,-0.0233059,0.00723088,-1.24477,0.253271,0.690378,False,False,-0.00016075,0.0002945
K9-high-r08178,9,high,1.9563,2.69519,1.39028,92.29,163.723,0.700928,0.223145,0.381567,trigger_rate,tail,T50_T100,50,8,0.00580625,0.0107062,0.0135257,0.00478205,-0.0055015,0.017114,1.21418,0.264048,0.690378,False,False,0.000116125,0.000214125
K9-high-r10229,9,high,1.53638,2.85095,2.99604,83.1982,21.4722,0.439014,0.98877,0.1302,trigger_rate,tail,T50_T100,50,8,-0.0044125,0.008625,0.01187,0.00419669,-0.0143361,0.0055111,-1.05142,0.328001,0.690378,False,False,-8.825e-05,0.0001725
K9-low-r00012,9,low,1.75366,0.721313,2.85894,197.495,16.1401,0.309814,0.741699,0.0893311,trigger_rate,tail,T50_T100,50,8,0.0004625,0.0008375,0.000901487,0.000318724,-0.000291162,0.00121616,1.4511,0.190045,0.690378,False,False,9.25e-06,1.675e-05
K9-low-r02027,9,low,2.89624,0.973755,1.26636,137.378,126.589,0.531299,0.972168,0.358276,trigger_rate,tail,T50_T100,50,8,0.0002875,0.0006875,0.000803452,0.000284063,-0.000384203,0.000959203,1.0121,0.345189,0.690378,False,False,5.75e-06,1.375e-05
K9-low-r04112,9,low,1.5437,0.7052,2.62163,32.3584,46.228,0.473291,0.520996,0.322241,trigger_rate,tail,T50_T100,50,8,-0.00705625,0.0103437,0.01487,0.00525735,-0.0194879,0.00537542,-1.34217,0.221439,0.690378,False,False,-0.000141125,0.000206875
K9-low-r06143,9,low,2.16626,0.616577,1.96772,101.567,170.959,0.19292,0.900879,0.39563,trigger_rate,tail,T50_T100,50,8,0.00351875,0.00460625,0.00410139,0.00145006,8.99038e-05,0.0069476,2.42662,0.0456461,0.690378,True,False,7.0375e-05,9.2125e-05
K9-low-r08201,9,low,2.99146,0.28894,1.05278,21.04,41.8481,0.363428,0.848145,0.361353,trigger_rate,tail,T50_T100,50,8,0.00251875,0.00430625,0.00456743,0.00161483,-0.00129971,0.00633721,1.55976,0.162781,0.690378,False,False,5.0375e-05,8.6125e-05
K9-low-r10228,9,low,1.75122,0.600464,1.46411,171.704,30.4224,0.141943,0.617676,0.1302,trigger_rate,tail,T50_T100,50,8,-0.00019375,0.00034375,0.000452325,0.000159921,-0.000571903,0.000184403,-1.21153,0.264997,0.690378,False,False,-3.875e-06,6.875e-06
K9-medium-r00000,9,medium,0.503662,1.28528,1.50894,102.495,113.64,0.759814,0.241699,0.314331,trigger_rate,tail,T50_T100,50,8,-0.002575,0.0043,0.0056266,0.0019893,-0.00727895,0.00212895,-1.29442,0.236582,0.690378,False,False,-5.15e-05,8.6e-05
K9-medium-r02040,9,medium,1.33374,1.3175,2.27886,18.6279,53.4644,0.418799,0.35498,0.302026,trigger_rate,tail,T50_T100,50,8,-0.009975,0.017225,0.0230785,0.0081595,-0.0292691,0.00931915,-1.2225,0.261078,0.690378,False,False,-0.0001995,0.0003445
K9-medium-r04088,9,medium,0.918701,1.31213,0.596631,174.858,94.978,0.698291,0.270996,0.389038,trigger_rate,tail,T50_T100,50,8,0.00065,0.0012875,0.00146872,0.000519271,-0.000577882,0.00187788,1.25175,0.250865,0.690378,False,False,1.3e-05,2.575e-05
K9-medium-r06128,9,medium,1.54126,1.30408,0.984229,54.0674,24.7095,0.86792,0.650879,0.257642,trigger_rate,tail,T50_T100,50,8,0.000325,0.000575,0.000877903,0.000310386,-0.000408946,0.00105895,1.04708,0.329863,0.690378,False,False,6.5e-06,1.15e-05
K9-medium-r08179,9,medium,2.05396,1.76599,1.99409,168.55,195.906,0.491748,0.766113,0.381567,trigger_rate,tail,T50_T100,50,8,-0.00181875,0.00983125,0.0114666,0.00405404,-0.011405,0.00776754,-0.448626,0.66726,0.9008,False,False,-3.6375e-05,0.000196625
K9-medium-r10239,9,medium,2.78638,1.47595,1.64604,178.198,118.972,0.889014,0.48877,0.3552,trigger_rate,tail,T50_T100,50,8,0.000275,0.0007625,0.000851889,0.000301188,-0.000437197,0.000987197,0.913051,0.391578,0.698229,False,False,5.5e-06,1.525e-05
